{
"type": "FeatureCollection",
"name": "honhyo_2024",
"crs": { "type": "name", "properties": { "name": "urn:ogc:def:crs:OGC:1.3:CRS84" } },
"features": [
{ "type": "Feature", "properties": { "資料区分": 1, "都道府県コード": 73, "警察署等コード": 101, "本票番号": 3, "事故内容": 2, "死者数": 0, "負傷者数": 1, "路線コード": 21870, "地点コード": 0, "市区町村コード": 302, "発生日時　　年": 2023, "発生日時　　月": 12, "発生日時　　日": 31, "発生日時　　時": 20, "発生日時　　分": 31, "昼夜": 22, "日の出時刻　　時": 7, "日の出時刻　　分": 16, "日の入り時刻　　時": 17, "日の入り時刻　　分": 10, "天候": 3, "地形": 1, "路面状態": 2, "道路形状": 1, "信号機": 7, "一時停止規制　標識（当事者A）": 9, "一時停止規制　表示（当事者A）": 22, "一時停止規制　標識（当事者B）": 0, "一時停止規制　表示（当事者B）": 0, "車道幅員": 14, "道路線形": 6, "衝突地点": 30, "ゾーン規制": 70, "中央分離帯施設等": 5, "歩車道区分": 2, "事故類型": 1, "年齢（当事者A）": 45, "年齢（当事者B）": 65, "当事者種別（当事者A）": 4, "当事者種別（当事者B）": 61, "用途別（当事者A）": 31, "用途別（当事者B）": 0, "車両形状等（当事者A）": 1, "車両形状等（当事者B）": 0, "オートマチック車（当事者A）": 1, "オートマチック車（当事者B）": 0, "サポカー（当事者A）": 11, "サポカー（当事者B）": 0, "速度規制（指定のみ）（当事者A）": 10, "速度規制（指定のみ）（当事者B）": 0, "車両の衝突部位（当事者A）": 40, "車両の衝突部位（当事者B）": 0, "車両の損壊程度（当事者A）": 3, "車両の損壊程度（当事者B）": 0, "エアバッグの装備（当事者A）": 2, "エアバッグの装備（当事者B）": 0, "サイドエアバッグの装備（当事者A）": 2, "サイドエアバッグの装備（当事者B）": 0, "人身損傷程度（当事者A）": 4, "人身損傷程度（当事者B）": 2, "地点　緯度（北緯）": 34.37929694, "地点　経度（東経）": 132.5081236, "曜日(発生年月日)": 1, "祝日(発生年月日)": 2, "認知機能検査経過日数（当事者A）": 9999, "認知機能検査経過日数（当事者B）": 0, "運転練習の方法（当事者A）": 1, "運転練習の方法（当事者B）": 0, "field_69": null }, "geometry": { "type": "Point", "coordinates": [ 132.5081236, 34.37929694 ] } },
{ "type": "Feature", "properties": { "資料区分": 1, "都道府県コード": 73, "警察署等コード": 101, "本票番号": 5, "事故内容": 2, "死者数": 0, "負傷者数": 1, "路線コード": 21520, "地点コード": 0, "市区町村コード": 102, "発生日時　　年": 2023, "発生日時　　月": 12, "発生日時　　日": 17, "発生日時　　時": 16, "発生日時　　分": 50, "昼夜": 13, "日の出時刻　　時": 7, "日の出時刻　　分": 10, "日の入り時刻　　時": 17, "日の入り時刻　　分": 2, "天候": 2, "地形": 1, "路面状態": 1, "道路形状": 14, "信号機": 7, "一時停止規制　標識（当事者A）": 0, "一時停止規制　表示（当事者A）": 0, "一時停止規制　標識（当事者B）": 0, "一時停止規制　表示（当事者B）": 0, "車道幅員": 3, "道路線形": 9, "衝突地点": 1, "ゾーン規制": 70, "中央分離帯施設等": 4, "歩車道区分": 2, "事故類型": 1, "年齢（当事者A）": 35, "年齢（当事者B）": 75, "当事者種別（当事者A）": 3, "当事者種別（当事者B）": 61, "用途別（当事者A）": 31, "用途別（当事者B）": 0, "車両形状等（当事者A）": 1, "車両形状等（当事者B）": 0, "オートマチック車（当事者A）": 1, "オートマチック車（当事者B）": 0, "サポカー（当事者A）": 11, "サポカー（当事者B）": 0, "速度規制（指定のみ）（当事者A）": 3, "速度規制（指定のみ）（当事者B）": 0, "車両の衝突部位（当事者A）": 30, "車両の衝突部位（当事者B）": 0, "車両の損壊程度（当事者A）": 4, "車両の損壊程度（当事者B）": 0, "エアバッグの装備（当事者A）": 2, "エアバッグの装備（当事者B）": 0, "サイドエアバッグの装備（当事者A）": 2, "サイドエアバッグの装備（当事者B）": 0, "人身損傷程度（当事者A）": 4, "人身損傷程度（当事者B）": 2, "地点　緯度（北緯）": 34.43670639, "地点　経度（東経）": 132.4854456, "曜日(発生年月日)": 1, "祝日(発生年月日)": 3, "認知機能検査経過日数（当事者A）": 9999, "認知機能検査経過日数（当事者B）": 0, "運転練習の方法（当事者A）": 1, "運転練習の方法（当事者B）": 0, "field_69": null }, "geometry": { "type": "Point", "coordinates": [ 132.4854456, 34.43670639 ] } },
{ "type": "Feature", "properties": { "資料区分": 1, "都道府県コード": 73, "警察署等コード": 101, "本票番号": 8, "事故内容": 2, "死者数": 0, "負傷者数": 1, "路線コード": 14700, "地点コード": 0, "市区町村コード": 102, "発生日時　　年": 2024, "発生日時　　月": 1, "発生日時　　日": 1, "発生日時　　時": 18, "発生日時　　分": 28, "昼夜": 22, "日の出時刻　　時": 7, "日の出時刻　　分": 16, "日の入り時刻　　時": 17, "日の入り時刻　　分": 10, "天候": 1, "地形": 1, "路面状態": 1, "道路形状": 1, "信号機": 7, "一時停止規制　標識（当事者A）": 9, "一時停止規制　表示（当事者A）": 22, "一時停止規制　標識（当事者B）": 0, "一時停止規制　表示（当事者B）": 0, "車道幅員": 15, "道路線形": 9, "衝突地点": 30, "ゾーン規制": 70, "中央分離帯施設等": 4, "歩車道区分": 2, "事故類型": 1, "年齢（当事者A）": 1, "年齢（当事者B）": 55, "当事者種別（当事者A）": 3, "当事者種別（当事者B）": 61, "用途別（当事者A）": 31, "用途別（当事者B）": 0, "車両形状等（当事者A）": 1, "車両形状等（当事者B）": 0, "オートマチック車（当事者A）": 2, "オートマチック車（当事者B）": 0, "サポカー（当事者A）": 11, "サポカー（当事者B）": 0, "速度規制（指定のみ）（当事者A）": 3, "速度規制（指定のみ）（当事者B）": 0, "車両の衝突部位（当事者A）": 0, "車両の衝突部位（当事者B）": 0, "車両の損壊程度（当事者A）": 4, "車両の損壊程度（当事者B）": 0, "エアバッグの装備（当事者A）": 2, "エアバッグの装備（当事者B）": 0, "サイドエアバッグの装備（当事者A）": 2, "サイドエアバッグの装備（当事者B）": 0, "人身損傷程度（当事者A）": 4, "人身損傷程度（当事者B）": 2, "地点　緯度（北緯）": 34.40835056, "地点　経度（東経）": 132.5093561, "曜日(発生年月日)": 2, "祝日(発生年月日)": 1, "認知機能検査経過日数（当事者A）": 9999, "認知機能検査経過日数（当事者B）": 0, "運転練習の方法（当事者A）": 1, "運転練習の方法（当事者B）": 0, "field_69": null }, "geometry": { "type": "Point", "coordinates": [ 132.5093561, 34.40835056 ] } },
{ "type": "Feature", "properties": { "資料区分": 1, "都道府県コード": 73, "警察署等コード": 102, "本票番号": 1, "事故内容": 2, "死者数": 0, "負傷者数": 1, "路線コード": 38040, "地点コード": 0, "市区町村コード": 101, "発生日時　　年": 2023, "発生日時　　月": 12, "発生日時　　日": 15, "発生日時　　時": 21, "発生日時　　分": 10, "昼夜": 22, "日の出時刻　　時": 7, "日の出時刻　　分": 9, "日の入り時刻　　時": 17, "日の入り時刻　　分": 2, "天候": 3, "地形": 1, "路面状態": 2, "道路形状": 1, "信号機": 1, "一時停止規制　標識（当事者A）": 9, "一時停止規制　表示（当事者A）": 22, "一時停止規制　標識（当事者B）": 0, "一時停止規制　表示（当事者B）": 0, "車道幅員": 19, "道路線形": 9, "衝突地点": 30, "ゾーン規制": 70, "中央分離帯施設等": 5, "歩車道区分": 2, "事故類型": 1, "年齢（当事者A）": 1, "年齢（当事者B）": 1, "当事者種別（当事者A）": 4, "当事者種別（当事者B）": 61, "用途別（当事者A）": 31, "用途別（当事者B）": 0, "車両形状等（当事者A）": 1, "車両形状等（当事者B）": 0, "オートマチック車（当事者A）": 1, "オートマチック車（当事者B）": 0, "サポカー（当事者A）": 11, "サポカー（当事者B）": 0, "速度規制（指定のみ）（当事者A）": 3, "速度規制（指定のみ）（当事者B）": 0, "車両の衝突部位（当事者A）": 10, "車両の衝突部位（当事者B）": 0, "車両の損壊程度（当事者A）": 3, "車両の損壊程度（当事者B）": 0, "エアバッグの装備（当事者A）": 2, "エアバッグの装備（当事者B）": 0, "サイドエアバッグの装備（当事者A）": 2, "サイドエアバッグの装備（当事者B）": 0, "人身損傷程度（当事者A）": 4, "人身損傷程度（当事者B）": 2, "地点　緯度（北緯）": 34.37931667, "地点　経度（東経）": 132.4490611, "曜日(発生年月日)": 6, "祝日(発生年月日)": 3, "認知機能検査経過日数（当事者A）": 9999, "認知機能検査経過日数（当事者B）": 0, "運転練習の方法（当事者A）": 1, "運転練習の方法（当事者B）": 0, "field_69": null }, "geometry": { "type": "Point", "coordinates": [ 132.4490611, 34.37931667 ] } },
{ "type": "Feature", "properties": { "資料区分": 1, "都道府県コード": 73, "警察署等コード": 102, "本票番号": 13, "事故内容": 2, "死者数": 0, "負傷者数": 1, "路線コード": 37020, "地点コード": 0, "市区町村コード": 101, "発生日時　　年": 2023, "発生日時　　月": 12, "発生日時　　日": 26, "発生日時　　時": 12, "発生日時　　分": 15, "昼夜": 12, "日の出時刻　　時": 7, "日の出時刻　　分": 15, "日の入り時刻　　時": 17, "日の入り時刻　　分": 7, "天候": 1, "地形": 1, "路面状態": 1, "道路形状": 14, "信号機": 7, "一時停止規制　標識（当事者A）": 0, "一時停止規制　表示（当事者A）": 0, "一時停止規制　標識（当事者B）": 0, "一時停止規制　表示（当事者B）": 0, "車道幅員": 3, "道路線形": 9, "衝突地点": 1, "ゾーン規制": 70, "中央分離帯施設等": 5, "歩車道区分": 4, "事故類型": 1, "年齢（当事者A）": 1, "年齢（当事者B）": 55, "当事者種別（当事者A）": 3, "当事者種別（当事者B）": 61, "用途別（当事者A）": 31, "用途別（当事者B）": 0, "車両形状等（当事者A）": 1, "車両形状等（当事者B）": 0, "オートマチック車（当事者A）": 1, "オートマチック車（当事者B）": 0, "サポカー（当事者A）": 11, "サポカー（当事者B）": 0, "速度規制（指定のみ）（当事者A）": 10, "速度規制（指定のみ）（当事者B）": 0, "車両の衝突部位（当事者A）": 40, "車両の衝突部位（当事者B）": 0, "車両の損壊程度（当事者A）": 3, "車両の損壊程度（当事者B）": 0, "エアバッグの装備（当事者A）": 2, "エアバッグの装備（当事者B）": 0, "サイドエアバッグの装備（当事者A）": 2, "サイドエアバッグの装備（当事者B）": 0, "人身損傷程度（当事者A）": 4, "人身損傷程度（当事者B）": 2, "地点　緯度（北緯）": 34.39255472, "地点　経度（東経）": 132.4589317, "曜日(発生年月日)": 3, "祝日(発生年月日)": 3, "認知機能検査経過日数（当事者A）": 9999, "認知機能検査経過日数（当事者B）": 0, "運転練習の方法（当事者A）": 1, "運転練習の方法（当事者B）": 0, "field_69": null }, "geometry": { "type": "Point", "coordinates": [ 132.4589317, 34.39255472 ] } },
{ "type": "Feature", "properties": { "資料区分": 1, "都道府県コード": 73, "警察署等コード": 102, "本票番号": 17, "事故内容": 1, "死者数": 1, "負傷者数": 0, "路線コード": 37020, "地点コード": 0, "市区町村コード": 101, "発生日時　　年": 2024, "発生日時　　月": 1, "発生日時　　日": 17, "発生日時　　時": 10, "発生日時　　分": 2, "昼夜": 12, "日の出時刻　　時": 7, "日の出時刻　　分": 15, "日の入り時刻　　時": 17, "日の入り時刻　　分": 24, "天候": 1, "地形": 1, "路面状態": 1, "道路形状": 1, "信号機": 1, "一時停止規制　標識（当事者A）": 9, "一時停止規制　表示（当事者A）": 22, "一時停止規制　標識（当事者B）": 0, "一時停止規制　表示（当事者B）": 0, "車道幅員": 18, "道路線形": 9, "衝突地点": 30, "ゾーン規制": 70, "中央分離帯施設等": 5, "歩車道区分": 3, "事故類型": 1, "年齢（当事者A）": 45, "年齢（当事者B）": 75, "当事者種別（当事者A）": 17, "当事者種別（当事者B）": 61, "用途別（当事者A）": 31, "用途別（当事者B）": 0, "車両形状等（当事者A）": 11, "車両形状等（当事者B）": 0, "オートマチック車（当事者A）": 1, "オートマチック車（当事者B）": 0, "サポカー（当事者A）": 11, "サポカー（当事者B）": 0, "速度規制（指定のみ）（当事者A）": 3, "速度規制（指定のみ）（当事者B）": 0, "車両の衝突部位（当事者A）": 50, "車両の衝突部位（当事者B）": 0, "車両の損壊程度（当事者A）": 3, "車両の損壊程度（当事者B）": 0, "エアバッグの装備（当事者A）": 2, "エアバッグの装備（当事者B）": 0, "サイドエアバッグの装備（当事者A）": 2, "サイドエアバッグの装備（当事者B）": 0, "人身損傷程度（当事者A）": 4, "人身損傷程度（当事者B）": 1, "地点　緯度（北緯）": 34.36660472, "地点　経度（東経）": 132.4469058, "曜日(発生年月日)": 4, "祝日(発生年月日)": 3, "認知機能検査経過日数（当事者A）": 9999, "認知機能検査経過日数（当事者B）": 0, "運転練習の方法（当事者A）": 1, "運転練習の方法（当事者B）": 0, "field_69": null }, "geometry": { "type": "Point", "coordinates": [ 132.4469058, 34.36660472 ] } },
{ "type": "Feature", "properties": { "資料区分": 1, "都道府県コード": 73, "警察署等コード": 102, "本票番号": 18, "事故内容": 2, "死者数": 0, "負傷者数": 1, "路線コード": 37020, "地点コード": 0, "市区町村コード": 101, "発生日時　　年": 2024, "発生日時　　月": 1, "発生日時　　日": 6, "発生日時　　時": 20, "発生日時　　分": 30, "昼夜": 22, "日の出時刻　　時": 7, "日の出時刻　　分": 17, "日の入り時刻　　時": 17, "日の入り時刻　　分": 14, "天候": 1, "地形": 1, "路面状態": 1, "道路形状": 1, "信号機": 7, "一時停止規制　標識（当事者A）": 9, "一時停止規制　表示（当事者A）": 22, "一時停止規制　標識（当事者B）": 0, "一時停止規制　表示（当事者B）": 0, "車道幅員": 14, "道路線形": 9, "衝突地点": 30, "ゾーン規制": 70, "中央分離帯施設等": 5, "歩車道区分": 2, "事故類型": 1, "年齢（当事者A）": 65, "年齢（当事者B）": 35, "当事者種別（当事者A）": 3, "当事者種別（当事者B）": 61, "用途別（当事者A）": 1, "用途別（当事者B）": 0, "車両形状等（当事者A）": 1, "車両形状等（当事者B）": 0, "オートマチック車（当事者A）": 1, "オートマチック車（当事者B）": 0, "サポカー（当事者A）": 11, "サポカー（当事者B）": 0, "速度規制（指定のみ）（当事者A）": 2, "速度規制（指定のみ）（当事者B）": 0, "車両の衝突部位（当事者A）": 10, "車両の衝突部位（当事者B）": 0, "車両の損壊程度（当事者A）": 3, "車両の損壊程度（当事者B）": 0, "エアバッグの装備（当事者A）": 2, "エアバッグの装備（当事者B）": 0, "サイドエアバッグの装備（当事者A）": 2, "サイドエアバッグの装備（当事者B）": 0, "人身損傷程度（当事者A）": 4, "人身損傷程度（当事者B）": 2, "地点　緯度（北緯）": 34.39185944, "地点　経度（東経）": 132.4614228, "曜日(発生年月日)": 7, "祝日(発生年月日)": 3, "認知機能検査経過日数（当事者A）": 9999, "認知機能検査経過日数（当事者B）": 0, "運転練習の方法（当事者A）": 1, "運転練習の方法（当事者B）": 0, "field_69": null }, "geometry": { "type": "Point", "coordinates": [ 132.4614228, 34.39185944 ] } },
{ "type": "Feature", "properties": { "資料区分": 1, "都道府県コード": 73, "警察署等コード": 102, "本票番号": 25, "事故内容": 2, "死者数": 0, "負傷者数": 1, "路線コード": 37020, "地点コード": 0, "市区町村コード": 101, "発生日時　　年": 2023, "発生日時　　月": 12, "発生日時　　日": 15, "発生日時　　時": 17, "発生日時　　分": 45, "昼夜": 21, "日の出時刻　　時": 7, "日の出時刻　　分": 9, "日の入り時刻　　時": 17, "日の入り時刻　　分": 2, "天候": 2, "地形": 1, "路面状態": 2, "道路形状": 1, "信号機": 7, "一時停止規制　標識（当事者A）": 9, "一時停止規制　表示（当事者A）": 22, "一時停止規制　標識（当事者B）": 0, "一時停止規制　表示（当事者B）": 0, "車道幅員": 15, "道路線形": 9, "衝突地点": 30, "ゾーン規制": 70, "中央分離帯施設等": 5, "歩車道区分": 2, "事故類型": 1, "年齢（当事者A）": 55, "年齢（当事者B）": 25, "当事者種別（当事者A）": 3, "当事者種別（当事者B）": 61, "用途別（当事者A）": 1, "用途別（当事者B）": 0, "車両形状等（当事者A）": 1, "車両形状等（当事者B）": 0, "オートマチック車（当事者A）": 1, "オートマチック車（当事者B）": 0, "サポカー（当事者A）": 11, "サポカー（当事者B）": 0, "速度規制（指定のみ）（当事者A）": 2, "速度規制（指定のみ）（当事者B）": 0, "車両の衝突部位（当事者A）": 20, "車両の衝突部位（当事者B）": 0, "車両の損壊程度（当事者A）": 3, "車両の損壊程度（当事者B）": 0, "エアバッグの装備（当事者A）": 2, "エアバッグの装備（当事者B）": 0, "サイドエアバッグの装備（当事者A）": 2, "サイドエアバッグの装備（当事者B）": 0, "人身損傷程度（当事者A）": 4, "人身損傷程度（当事者B）": 2, "地点　緯度（北緯）": 34.39134389, "地点　経度（東経）": 132.4634617, "曜日(発生年月日)": 6, "祝日(発生年月日)": 3, "認知機能検査経過日数（当事者A）": 9999, "認知機能検査経過日数（当事者B）": 0, "運転練習の方法（当事者A）": 9, "運転練習の方法（当事者B）": 0, "field_69": null }, "geometry": { "type": "Point", "coordinates": [ 132.463461700000011, 34.39134389 ] } },
{ "type": "Feature", "properties": { "資料区分": 1, "都道府県コード": 73, "警察署等コード": 102, "本票番号": 27, "事故内容": 2, "死者数": 0, "負傷者数": 1, "路線コード": 37020, "地点コード": 0, "市区町村コード": 101, "発生日時　　年": 2024, "発生日時　　月": 1, "発生日時　　日": 11, "発生日時　　時": 11, "発生日時　　分": 15, "昼夜": 12, "日の出時刻　　時": 7, "日の出時刻　　分": 16, "日の入り時刻　　時": 17, "日の入り時刻　　分": 19, "天候": 1, "地形": 1, "路面状態": 1, "道路形状": 14, "信号機": 7, "一時停止規制　標識（当事者A）": 0, "一時停止規制　表示（当事者A）": 0, "一時停止規制　標識（当事者B）": 0, "一時停止規制　表示（当事者B）": 0, "車道幅員": 2, "道路線形": 9, "衝突地点": 1, "ゾーン規制": 70, "中央分離帯施設等": 5, "歩車道区分": 1, "事故類型": 1, "年齢（当事者A）": 1, "年齢（当事者B）": 65, "当事者種別（当事者A）": 51, "当事者種別（当事者B）": 61, "用途別（当事者A）": 41, "用途別（当事者B）": 0, "車両形状等（当事者A）": 0, "車両形状等（当事者B）": 0, "オートマチック車（当事者A）": 0, "オートマチック車（当事者B）": 0, "サポカー（当事者A）": 0, "サポカー（当事者B）": 0, "速度規制（指定のみ）（当事者A）": 0, "速度規制（指定のみ）（当事者B）": 0, "車両の衝突部位（当事者A）": 10, "車両の衝突部位（当事者B）": 0, "車両の損壊程度（当事者A）": 3, "車両の損壊程度（当事者B）": 0, "エアバッグの装備（当事者A）": 0, "エアバッグの装備（当事者B）": 0, "サイドエアバッグの装備（当事者A）": 0, "サイドエアバッグの装備（当事者B）": 0, "人身損傷程度（当事者A）": 4, "人身損傷程度（当事者B）": 2, "地点　緯度（北緯）": 34.4000125, "地点　経度（東経）": 132.4513892, "曜日(発生年月日)": 5, "祝日(発生年月日)": 3, "認知機能検査経過日数（当事者A）": 0, "認知機能検査経過日数（当事者B）": 0, "運転練習の方法（当事者A）": 0, "運転練習の方法（当事者B）": 0, "field_69": null }, "geometry": { "type": "Point", "coordinates": [ 132.4513892, 34.4000125 ] } },
{ "type": "Feature", "properties": { "資料区分": 1, "都道府県コード": 73, "警察署等コード": 102, "本票番号": 35, "事故内容": 2, "死者数": 0, "負傷者数": 1, "路線コード": 38070, "地点コード": 0, "市区町村コード": 101, "発生日時　　年": 2023, "発生日時　　月": 12, "発生日時　　日": 22, "発生日時　　時": 12, "発生日時　　分": 45, "昼夜": 12, "日の出時刻　　時": 7, "日の出時刻　　分": 13, "日の入り時刻　　時": 17, "日の入り時刻　　分": 5, "天候": 2, "地形": 1, "路面状態": 1, "道路形状": 14, "信号機": 7, "一時停止規制　標識（当事者A）": 0, "一時停止規制　表示（当事者A）": 0, "一時停止規制　標識（当事者B）": 0, "一時停止規制　表示（当事者B）": 0, "車道幅員": 6, "道路線形": 9, "衝突地点": 1, "ゾーン規制": 70, "中央分離帯施設等": 4, "歩車道区分": 2, "事故類型": 1, "年齢（当事者A）": 35, "年齢（当事者B）": 35, "当事者種別（当事者A）": 51, "当事者種別（当事者B）": 61, "用途別（当事者A）": 41, "用途別（当事者B）": 0, "車両形状等（当事者A）": 0, "車両形状等（当事者B）": 0, "オートマチック車（当事者A）": 0, "オートマチック車（当事者B）": 0, "サポカー（当事者A）": 0, "サポカー（当事者B）": 0, "速度規制（指定のみ）（当事者A）": 0, "速度規制（指定のみ）（当事者B）": 0, "車両の衝突部位（当事者A）": 10, "車両の衝突部位（当事者B）": 0, "車両の損壊程度（当事者A）": 3, "車両の損壊程度（当事者B）": 0, "エアバッグの装備（当事者A）": 0, "エアバッグの装備（当事者B）": 0, "サイドエアバッグの装備（当事者A）": 0, "サイドエアバッグの装備（当事者B）": 0, "人身損傷程度（当事者A）": 4, "人身損傷程度（当事者B）": 2, "地点　緯度（北緯）": 34.38777139, "地点　経度（東経）": 132.4636344, "曜日(発生年月日)": 6, "祝日(発生年月日)": 3, "認知機能検査経過日数（当事者A）": 0, "認知機能検査経過日数（当事者B）": 0, "運転練習の方法（当事者A）": 0, "運転練習の方法（当事者B）": 0, "field_69": null }, "geometry": { "type": "Point", "coordinates": [ 132.463634399999989, 34.38777139 ] } },
{ "type": "Feature", "properties": { "資料区分": 1, "都道府県コード": 73, "警察署等コード": 102, "本票番号": 36, "事故内容": 2, "死者数": 0, "負傷者数": 1, "路線コード": 37020, "地点コード": 0, "市区町村コード": 101, "発生日時　　年": 2023, "発生日時　　月": 12, "発生日時　　日": 9, "発生日時　　時": 19, "発生日時　　分": 47, "昼夜": 22, "日の出時刻　　時": 7, "日の出時刻　　分": 5, "日の入り時刻　　時": 17, "日の入り時刻　　分": 0, "天候": 1, "地形": 1, "路面状態": 1, "道路形状": 14, "信号機": 7, "一時停止規制　標識（当事者A）": 0, "一時停止規制　表示（当事者A）": 0, "一時停止規制　標識（当事者B）": 0, "一時停止規制　表示（当事者B）": 0, "車道幅員": 3, "道路線形": 9, "衝突地点": 1, "ゾーン規制": 70, "中央分離帯施設等": 5, "歩車道区分": 2, "事故類型": 1, "年齢（当事者A）": 1, "年齢（当事者B）": 35, "当事者種別（当事者A）": 4, "当事者種別（当事者B）": 61, "用途別（当事者A）": 31, "用途別（当事者B）": 0, "車両形状等（当事者A）": 1, "車両形状等（当事者B）": 0, "オートマチック車（当事者A）": 1, "オートマチック車（当事者B）": 0, "サポカー（当事者A）": 11, "サポカー（当事者B）": 0, "速度規制（指定のみ）（当事者A）": 10, "速度規制（指定のみ）（当事者B）": 0, "車両の衝突部位（当事者A）": 10, "車両の衝突部位（当事者B）": 0, "車両の損壊程度（当事者A）": 4, "車両の損壊程度（当事者B）": 0, "エアバッグの装備（当事者A）": 2, "エアバッグの装備（当事者B）": 0, "サイドエアバッグの装備（当事者A）": 2, "サイドエアバッグの装備（当事者B）": 0, "人身損傷程度（当事者A）": 4, "人身損傷程度（当事者B）": 2, "地点　緯度（北緯）": 34.38938583, "地点　経度（東経）": 132.4634333, "曜日(発生年月日)": 7, "祝日(発生年月日)": 3, "認知機能検査経過日数（当事者A）": 9999, "認知機能検査経過日数（当事者B）": 0, "運転練習の方法（当事者A）": 1, "運転練習の方法（当事者B）": 0, "field_69": null }, "geometry": { "type": "Point", "coordinates": [ 132.4634333, 34.38938583 ] } },
{ "type": "Feature", "properties": { "資料区分": 1, "都道府県コード": 73, "警察署等コード": 103, "本票番号": 2, "事故内容": 2, "死者数": 0, "負傷者数": 1, "路線コード": 20, "地点コード": 3347, "市区町村コード": 103, "発生日時　　年": 2023, "発生日時　　月": 9, "発生日時　　日": 25, "発生日時　　時": 2, "発生日時　　分": 55, "昼夜": 22, "日の出時刻　　時": 6, "日の出時刻　　分": 0, "日の入り時刻　　時": 18, "日の入り時刻　　分": 3, "天候": 3, "地形": 1, "路面状態": 2, "道路形状": 1, "信号機": 1, "一時停止規制　標識（当事者A）": 9, "一時停止規制　表示（当事者A）": 22, "一時停止規制　標識（当事者B）": 0, "一時停止規制　表示（当事者B）": 0, "車道幅員": 19, "道路線形": 9, "衝突地点": 30, "ゾーン規制": 70, "中央分離帯施設等": 5, "歩車道区分": 3, "事故類型": 1, "年齢（当事者A）": 75, "年齢（当事者B）": 25, "当事者種別（当事者A）": 3, "当事者種別（当事者B）": 61, "用途別（当事者A）": 31, "用途別（当事者B）": 0, "車両形状等（当事者A）": 1, "車両形状等（当事者B）": 0, "オートマチック車（当事者A）": 1, "オートマチック車（当事者B）": 0, "サポカー（当事者A）": 11, "サポカー（当事者B）": 0, "速度規制（指定のみ）（当事者A）": 4, "速度規制（指定のみ）（当事者B）": 0, "車両の衝突部位（当事者A）": 50, "車両の衝突部位（当事者B）": 0, "車両の損壊程度（当事者A）": 3, "車両の損壊程度（当事者B）": 0, "エアバッグの装備（当事者A）": 2, "エアバッグの装備（当事者B）": 0, "サイドエアバッグの装備（当事者A）": 2, "サイドエアバッグの装備（当事者B）": 0, "人身損傷程度（当事者A）": 4, "人身損傷程度（当事者B）": 2, "地点　緯度（北緯）": 34.38056611, "地点　経度（東経）": 132.4671781, "曜日(発生年月日)": 2, "祝日(発生年月日)": 3, "認知機能検査経過日数（当事者A）": 24, "認知機能検査経過日数（当事者B）": 0, "運転練習の方法（当事者A）": 9, "運転練習の方法（当事者B）": 0, "field_69": null }, "geometry": { "type": "Point", "coordinates": [ 132.467178100000012, 34.38056611 ] } },
{ "type": "Feature", "properties": { "資料区分": 1, "都道府県コード": 73, "警察署等コード": 103, "本票番号": 3, "事故内容": 2, "死者数": 0, "負傷者数": 1, "路線コード": 99000, "地点コード": 0, "市区町村コード": 103, "発生日時　　年": 2023, "発生日時　　月": 12, "発生日時　　日": 25, "発生日時　　時": 12, "発生日時　　分": 20, "昼夜": 12, "日の出時刻　　時": 7, "日の出時刻　　分": 14, "日の入り時刻　　時": 17, "日の入り時刻　　分": 6, "天候": 1, "地形": 1, "路面状態": 1, "道路形状": 0, "信号機": 7, "一時停止規制　標識（当事者A）": 0, "一時停止規制　表示（当事者A）": 0, "一時停止規制　標識（当事者B）": 0, "一時停止規制　表示（当事者B）": 0, "車道幅員": 0, "道路線形": 0, "衝突地点": 20, "ゾーン規制": 70, "中央分離帯施設等": 0, "歩車道区分": 4, "事故類型": 1, "年齢（当事者A）": 25, "年齢（当事者B）": 25, "当事者種別（当事者A）": 3, "当事者種別（当事者B）": 61, "用途別（当事者A）": 31, "用途別（当事者B）": 0, "車両形状等（当事者A）": 1, "車両形状等（当事者B）": 0, "オートマチック車（当事者A）": 1, "オートマチック車（当事者B）": 0, "サポカー（当事者A）": 11, "サポカー（当事者B）": 0, "速度規制（指定のみ）（当事者A）": 10, "速度規制（指定のみ）（当事者B）": 0, "車両の衝突部位（当事者A）": 30, "車両の衝突部位（当事者B）": 0, "車両の損壊程度（当事者A）": 3, "車両の損壊程度（当事者B）": 0, "エアバッグの装備（当事者A）": 2, "エアバッグの装備（当事者B）": 0, "サイドエアバッグの装備（当事者A）": 2, "サイドエアバッグの装備（当事者B）": 0, "人身損傷程度（当事者A）": 4, "人身損傷程度（当事者B）": 2, "地点　緯度（北緯）": 34.37480333, "地点　経度（東経）": 132.5146528, "曜日(発生年月日)": 2, "祝日(発生年月日)": 3, "認知機能検査経過日数（当事者A）": 9999, "認知機能検査経過日数（当事者B）": 0, "運転練習の方法（当事者A）": 5, "運転練習の方法（当事者B）": 0, "field_69": null }, "geometry": { "type": "Point", "coordinates": [ 132.5146528, 34.37480333 ] } },
{ "type": "Feature", "properties": { "資料区分": 1, "都道府県コード": 73, "警察署等コード": 103, "本票番号": 10, "事故内容": 2, "死者数": 0, "負傷者数": 1, "路線コード": 37030, "地点コード": 0, "市区町村コード": 103, "発生日時　　年": 2023, "発生日時　　月": 12, "発生日時　　日": 20, "発生日時　　時": 10, "発生日時　　分": 53, "昼夜": 12, "日の出時刻　　時": 7, "日の出時刻　　分": 12, "日の入り時刻　　時": 17, "日の入り時刻　　分": 4, "天候": 2, "地形": 1, "路面状態": 1, "道路形状": 1, "信号機": 7, "一時停止規制　標識（当事者A）": 1, "一時停止規制　表示（当事者A）": 21, "一時停止規制　標識（当事者B）": 0, "一時停止規制　表示（当事者B）": 0, "車道幅員": 14, "道路線形": 9, "衝突地点": 30, "ゾーン規制": 70, "中央分離帯施設等": 5, "歩車道区分": 4, "事故類型": 1, "年齢（当事者A）": 65, "年齢（当事者B）": 55, "当事者種別（当事者A）": 4, "当事者種別（当事者B）": 61, "用途別（当事者A）": 31, "用途別（当事者B）": 0, "車両形状等（当事者A）": 1, "車両形状等（当事者B）": 0, "オートマチック車（当事者A）": 1, "オートマチック車（当事者B）": 0, "サポカー（当事者A）": 11, "サポカー（当事者B）": 0, "速度規制（指定のみ）（当事者A）": 10, "速度規制（指定のみ）（当事者B）": 0, "車両の衝突部位（当事者A）": 10, "車両の衝突部位（当事者B）": 0, "車両の損壊程度（当事者A）": 3, "車両の損壊程度（当事者B）": 0, "エアバッグの装備（当事者A）": 2, "エアバッグの装備（当事者B）": 0, "サイドエアバッグの装備（当事者A）": 2, "サイドエアバッグの装備（当事者B）": 0, "人身損傷程度（当事者A）": 4, "人身損傷程度（当事者B）": 2, "地点　緯度（北緯）": 34.35839028, "地点　経度（東経）": 132.4605708, "曜日(発生年月日)": 4, "祝日(発生年月日)": 3, "認知機能検査経過日数（当事者A）": 9999, "認知機能検査経過日数（当事者B）": 0, "運転練習の方法（当事者A）": 1, "運転練習の方法（当事者B）": 0, "field_69": null }, "geometry": { "type": "Point", "coordinates": [ 132.4605708, 34.35839028 ] } },
{ "type": "Feature", "properties": { "資料区分": 1, "都道府県コード": 73, "警察署等コード": 103, "本票番号": 17, "事故内容": 2, "死者数": 0, "負傷者数": 1, "路線コード": 99000, "地点コード": 0, "市区町村コード": 103, "発生日時　　年": 2023, "発生日時　　月": 12, "発生日時　　日": 6, "発生日時　　時": 11, "発生日時　　分": 22, "昼夜": 12, "日の出時刻　　時": 7, "日の出時刻　　分": 2, "日の入り時刻　　時": 17, "日の入り時刻　　分": 0, "天候": 1, "地形": 1, "路面状態": 1, "道路形状": 0, "信号機": 7, "一時停止規制　標識（当事者A）": 0, "一時停止規制　表示（当事者A）": 0, "一時停止規制　標識（当事者B）": 0, "一時停止規制　表示（当事者B）": 0, "車道幅員": 0, "道路線形": 0, "衝突地点": 20, "ゾーン規制": 70, "中央分離帯施設等": 0, "歩車道区分": 4, "事故類型": 1, "年齢（当事者A）": 25, "年齢（当事者B）": 35, "当事者種別（当事者A）": 14, "当事者種別（当事者B）": 61, "用途別（当事者A）": 31, "用途別（当事者B）": 0, "車両形状等（当事者A）": 11, "車両形状等（当事者B）": 0, "オートマチック車（当事者A）": 1, "オートマチック車（当事者B）": 0, "サポカー（当事者A）": 11, "サポカー（当事者B）": 0, "速度規制（指定のみ）（当事者A）": 10, "速度規制（指定のみ）（当事者B）": 0, "車両の衝突部位（当事者A）": 20, "車両の衝突部位（当事者B）": 0, "車両の損壊程度（当事者A）": 4, "車両の損壊程度（当事者B）": 0, "エアバッグの装備（当事者A）": 2, "エアバッグの装備（当事者B）": 0, "サイドエアバッグの装備（当事者A）": 2, "サイドエアバッグの装備（当事者B）": 0, "人身損傷程度（当事者A）": 4, "人身損傷程度（当事者B）": 2, "地点　緯度（北緯）": 34.37554194, "地点　経度（東経）": 132.4645647, "曜日(発生年月日)": 4, "祝日(発生年月日)": 3, "認知機能検査経過日数（当事者A）": 9999, "認知機能検査経過日数（当事者B）": 0, "運転練習の方法（当事者A）": 1, "運転練習の方法（当事者B）": 0, "field_69": null }, "geometry": { "type": "Point", "coordinates": [ 132.464564700000011, 34.37554194 ] } },
{ "type": "Feature", "properties": { "資料区分": 1, "都道府県コード": 73, "警察署等コード": 104, "本票番号": 3, "事故内容": 2, "死者数": 0, "負傷者数": 1, "路線コード": 37040, "地点コード": 0, "市区町村コード": 202, "発生日時　　年": 2023, "発生日時　　月": 12, "発生日時　　日": 18, "発生日時　　時": 17, "発生日時　　分": 55, "昼夜": 21, "日の出時刻　　時": 7, "日の出時刻　　分": 11, "日の入り時刻　　時": 17, "日の入り時刻　　分": 3, "天候": 1, "地形": 1, "路面状態": 1, "道路形状": 7, "信号機": 7, "一時停止規制　標識（当事者A）": 0, "一時停止規制　表示（当事者A）": 0, "一時停止規制　標識（当事者B）": 0, "一時停止規制　表示（当事者B）": 0, "車道幅員": 4, "道路線形": 7, "衝突地点": 1, "ゾーン規制": 70, "中央分離帯施設等": 4, "歩車道区分": 2, "事故類型": 1, "年齢（当事者A）": 25, "年齢（当事者B）": 25, "当事者種別（当事者A）": 3, "当事者種別（当事者B）": 61, "用途別（当事者A）": 31, "用途別（当事者B）": 0, "車両形状等（当事者A）": 1, "車両形状等（当事者B）": 0, "オートマチック車（当事者A）": 1, "オートマチック車（当事者B）": 0, "サポカー（当事者A）": 11, "サポカー（当事者B）": 0, "速度規制（指定のみ）（当事者A）": 3, "速度規制（指定のみ）（当事者B）": 0, "車両の衝突部位（当事者A）": 10, "車両の衝突部位（当事者B）": 0, "車両の損壊程度（当事者A）": 3, "車両の損壊程度（当事者B）": 0, "エアバッグの装備（当事者A）": 2, "エアバッグの装備（当事者B）": 0, "サイドエアバッグの装備（当事者A）": 2, "サイドエアバッグの装備（当事者B）": 0, "人身損傷程度（当事者A）": 4, "人身損傷程度（当事者B）": 2, "地点　緯度（北緯）": 34.29168389, "地点　経度（東経）": 132.5599683, "曜日(発生年月日)": 2, "祝日(発生年月日)": 3, "認知機能検査経過日数（当事者A）": 9999, "認知機能検査経過日数（当事者B）": 0, "運転練習の方法（当事者A）": 1, "運転練習の方法（当事者B）": 0, "field_69": null }, "geometry": { "type": "Point", "coordinates": [ 132.5599683, 34.29168389 ] } },
{ "type": "Feature", "properties": { "資料区分": 1, "都道府県コード": 73, "警察署等コード": 104, "本票番号": 6, "事故内容": 2, "死者数": 0, "負傷者数": 1, "路線コード": 310, "地点コード": 170, "市区町村コード": 202, "発生日時　　年": 2023, "発生日時　　月": 10, "発生日時　　日": 15, "発生日時　　時": 1, "発生日時　　分": 49, "昼夜": 22, "日の出時刻　　時": 6, "日の出時刻　　分": 15, "日の入り時刻　　時": 17, "日の入り時刻　　分": 36, "天候": 1, "地形": 1, "路面状態": 1, "道路形状": 1, "信号機": 7, "一時停止規制　標識（当事者A）": 9, "一時停止規制　表示（当事者A）": 22, "一時停止規制　標識（当事者B）": 0, "一時停止規制　表示（当事者B）": 0, "車道幅員": 15, "道路線形": 3, "衝突地点": 30, "ゾーン規制": 70, "中央分離帯施設等": 4, "歩車道区分": 2, "事故類型": 1, "年齢（当事者A）": 55, "年齢（当事者B）": 55, "当事者種別（当事者A）": 14, "当事者種別（当事者B）": 61, "用途別（当事者A）": 1, "用途別（当事者B）": 0, "車両形状等（当事者A）": 11, "車両形状等（当事者B）": 0, "オートマチック車（当事者A）": 1, "オートマチック車（当事者B）": 0, "サポカー（当事者A）": 11, "サポカー（当事者B）": 0, "速度規制（指定のみ）（当事者A）": 4, "速度規制（指定のみ）（当事者B）": 0, "車両の衝突部位（当事者A）": 10, "車両の衝突部位（当事者B）": 0, "車両の損壊程度（当事者A）": 3, "車両の損壊程度（当事者B）": 0, "エアバッグの装備（当事者A）": 2, "エアバッグの装備（当事者B）": 0, "サイドエアバッグの装備（当事者A）": 2, "サイドエアバッグの装備（当事者B）": 0, "人身損傷程度（当事者A）": 4, "人身損傷程度（当事者B）": 2, "地点　緯度（北緯）": 34.24815389, "地点　経度（東経）": 132.5394694, "曜日(発生年月日)": 1, "祝日(発生年月日)": 3, "認知機能検査経過日数（当事者A）": 9999, "認知機能検査経過日数（当事者B）": 0, "運転練習の方法（当事者A）": 9, "運転練習の方法（当事者B）": 0, "field_69": null }, "geometry": { "type": "Point", "coordinates": [ 132.5394694, 34.24815389 ] } },
{ "type": "Feature", "properties": { "資料区分": 1, "都道府県コード": 73, "警察署等コード": 107, "本票番号": 8, "事故内容": 2, "死者数": 0, "負傷者数": 1, "路線コード": 37070, "地点コード": 0, "市区町村コード": 304, "発生日時　　年": 2023, "発生日時　　月": 10, "発生日時　　日": 17, "発生日時　　時": 9, "発生日時　　分": 5, "昼夜": 12, "日の出時刻　　時": 6, "日の出時刻　　分": 17, "日の入り時刻　　時": 17, "日の入り時刻　　分": 34, "天候": 1, "地形": 1, "路面状態": 1, "道路形状": 1, "信号機": 7, "一時停止規制　標識（当事者A）": 9, "一時停止規制　表示（当事者A）": 22, "一時停止規制　標識（当事者B）": 0, "一時停止規制　表示（当事者B）": 0, "車道幅員": 11, "道路線形": 9, "衝突地点": 30, "ゾーン規制": 70, "中央分離帯施設等": 5, "歩車道区分": 3, "事故類型": 1, "年齢（当事者A）": 75, "年齢（当事者B）": 65, "当事者種別（当事者A）": 14, "当事者種別（当事者B）": 61, "用途別（当事者A）": 31, "用途別（当事者B）": 0, "車両形状等（当事者A）": 11, "車両形状等（当事者B）": 0, "オートマチック車（当事者A）": 2, "オートマチック車（当事者B）": 0, "サポカー（当事者A）": 11, "サポカー（当事者B）": 0, "速度規制（指定のみ）（当事者A）": 10, "速度規制（指定のみ）（当事者B）": 0, "車両の衝突部位（当事者A）": 80, "車両の衝突部位（当事者B）": 0, "車両の損壊程度（当事者A）": 3, "車両の損壊程度（当事者B）": 0, "エアバッグの装備（当事者A）": 2, "エアバッグの装備（当事者B）": 0, "サイドエアバッグの装備（当事者A）": 2, "サイドエアバッグの装備（当事者B）": 0, "人身損傷程度（当事者A）": 4, "人身損傷程度（当事者B）": 2, "地点　緯度（北緯）": 34.37065778, "地点　経度（東経）": 132.54416, "曜日(発生年月日)": 3, "祝日(発生年月日)": 3, "認知機能検査経過日数（当事者A）": 218, "認知機能検査経過日数（当事者B）": 0, "運転練習の方法（当事者A）": 9, "運転練習の方法（当事者B）": 0, "field_69": null }, "geometry": { "type": "Point", "coordinates": [ 132.54416, 34.37065778 ] } },
{ "type": "Feature", "properties": { "資料区分": 1, "都道府県コード": 73, "警察署等コード": 108, "本票番号": 2, "事故内容": 2, "死者数": 0, "負傷者数": 1, "路線コード": 37080, "地点コード": 0, "市区町村コード": 213, "発生日時　　年": 2023, "発生日時　　月": 12, "発生日時　　日": 22, "発生日時　　時": 18, "発生日時　　分": 16, "昼夜": 22, "日の出時刻　　時": 7, "日の出時刻　　分": 13, "日の入り時刻　　時": 17, "日の入り時刻　　分": 5, "天候": 1, "地形": 1, "路面状態": 1, "道路形状": 1, "信号機": 1, "一時停止規制　標識（当事者A）": 9, "一時停止規制　表示（当事者A）": 22, "一時停止規制　標識（当事者B）": 0, "一時停止規制　表示（当事者B）": 0, "車道幅員": 15, "道路線形": 8, "衝突地点": 30, "ゾーン規制": 70, "中央分離帯施設等": 4, "歩車道区分": 2, "事故類型": 1, "年齢（当事者A）": 65, "年齢（当事者B）": 35, "当事者種別（当事者A）": 4, "当事者種別（当事者B）": 61, "用途別（当事者A）": 31, "用途別（当事者B）": 0, "車両形状等（当事者A）": 1, "車両形状等（当事者B）": 0, "オートマチック車（当事者A）": 1, "オートマチック車（当事者B）": 0, "サポカー（当事者A）": 11, "サポカー（当事者B）": 0, "速度規制（指定のみ）（当事者A）": 3, "速度規制（指定のみ）（当事者B）": 0, "車両の衝突部位（当事者A）": 10, "車両の衝突部位（当事者B）": 0, "車両の損壊程度（当事者A）": 3, "車両の損壊程度（当事者B）": 0, "エアバッグの装備（当事者A）": 2, "エアバッグの装備（当事者B）": 0, "サイドエアバッグの装備（当事者A）": 2, "サイドエアバッグの装備（当事者B）": 0, "人身損傷程度（当事者A）": 4, "人身損傷程度（当事者B）": 2, "地点　緯度（北緯）": 34.32230139, "地点　経度（東経）": 132.3028875, "曜日(発生年月日)": 6, "祝日(発生年月日)": 3, "認知機能検査経過日数（当事者A）": 9999, "認知機能検査経過日数（当事者B）": 0, "運転練習の方法（当事者A）": 9, "運転練習の方法（当事者B）": 0, "field_69": null }, "geometry": { "type": "Point", "coordinates": [ 132.3028875, 34.32230139 ] } },
{ "type": "Feature", "properties": { "資料区分": 1, "都道府県コード": 73, "警察署等コード": 109, "本票番号": 1, "事故内容": 2, "死者数": 0, "負傷者数": 1, "路線コード": 99000, "地点コード": 0, "市区町村コード": 211, "発生日時　　年": 2023, "発生日時　　月": 12, "発生日時　　日": 14, "発生日時　　時": 17, "発生日時　　分": 31, "昼夜": 21, "日の出時刻　　時": 7, "日の出時刻　　分": 8, "日の入り時刻　　時": 17, "日の入り時刻　　分": 1, "天候": 3, "地形": 1, "路面状態": 2, "道路形状": 0, "信号機": 7, "一時停止規制　標識（当事者A）": 0, "一時停止規制　表示（当事者A）": 0, "一時停止規制　標識（当事者B）": 0, "一時停止規制　表示（当事者B）": 0, "車道幅員": 0, "道路線形": 0, "衝突地点": 20, "ゾーン規制": 70, "中央分離帯施設等": 0, "歩車道区分": 4, "事故類型": 1, "年齢（当事者A）": 75, "年齢（当事者B）": 35, "当事者種別（当事者A）": 4, "当事者種別（当事者B）": 61, "用途別（当事者A）": 31, "用途別（当事者B）": 0, "車両形状等（当事者A）": 1, "車両形状等（当事者B）": 0, "オートマチック車（当事者A）": 1, "オートマチック車（当事者B）": 0, "サポカー（当事者A）": 11, "サポカー（当事者B）": 0, "速度規制（指定のみ）（当事者A）": 10, "速度規制（指定のみ）（当事者B）": 0, "車両の衝突部位（当事者A）": 60, "車両の衝突部位（当事者B）": 0, "車両の損壊程度（当事者A）": 4, "車両の損壊程度（当事者B）": 0, "エアバッグの装備（当事者A）": 2, "エアバッグの装備（当事者B）": 0, "サイドエアバッグの装備（当事者A）": 2, "サイドエアバッグの装備（当事者B）": 0, "人身損傷程度（当事者A）": 4, "人身損傷程度（当事者B）": 2, "地点　緯度（北緯）": 34.24193, "地点　経度（東経）": 132.2229522, "曜日(発生年月日)": 5, "祝日(発生年月日)": 3, "認知機能検査経過日数（当事者A）": 9999, "認知機能検査経過日数（当事者B）": 0, "運転練習の方法（当事者A）": 9, "運転練習の方法（当事者B）": 0, "field_69": null }, "geometry": { "type": "Point", "coordinates": [ 132.2229522, 34.24193 ] } },
{ "type": "Feature", "properties": { "資料区分": 1, "都道府県コード": 73, "警察署等コード": 109, "本票番号": 2, "事故内容": 2, "死者数": 0, "負傷者数": 1, "路線コード": 37090, "地点コード": 0, "市区町村コード": 211, "発生日時　　年": 2024, "発生日時　　月": 1, "発生日時　　日": 7, "発生日時　　時": 17, "発生日時　　分": 40, "昼夜": 21, "日の出時刻　　時": 7, "日の出時刻　　分": 17, "日の入り時刻　　時": 17, "日の入り時刻　　分": 15, "天候": 2, "地形": 1, "路面状態": 1, "道路形状": 7, "信号機": 1, "一時停止規制　標識（当事者A）": 0, "一時停止規制　表示（当事者A）": 0, "一時停止規制　標識（当事者B）": 0, "一時停止規制　表示（当事者B）": 0, "車道幅員": 2, "道路線形": 9, "衝突地点": 1, "ゾーン規制": 70, "中央分離帯施設等": 5, "歩車道区分": 3, "事故類型": 1, "年齢（当事者A）": 45, "年齢（当事者B）": 75, "当事者種別（当事者A）": 4, "当事者種別（当事者B）": 61, "用途別（当事者A）": 31, "用途別（当事者B）": 0, "車両形状等（当事者A）": 1, "車両形状等（当事者B）": 0, "オートマチック車（当事者A）": 1, "オートマチック車（当事者B）": 0, "サポカー（当事者A）": 11, "サポカー（当事者B）": 0, "速度規制（指定のみ）（当事者A）": 3, "速度規制（指定のみ）（当事者B）": 0, "車両の衝突部位（当事者A）": 80, "車両の衝突部位（当事者B）": 0, "車両の損壊程度（当事者A）": 4, "車両の損壊程度（当事者B）": 0, "エアバッグの装備（当事者A）": 2, "エアバッグの装備（当事者B）": 0, "サイドエアバッグの装備（当事者A）": 2, "サイドエアバッグの装備（当事者B）": 0, "人身損傷程度（当事者A）": 4, "人身損傷程度（当事者B）": 2, "地点　緯度（北緯）": 34.21486611, "地点　経度（東経）": 132.2227094, "曜日(発生年月日)": 1, "祝日(発生年月日)": 2, "認知機能検査経過日数（当事者A）": 9999, "認知機能検査経過日数（当事者B）": 0, "運転練習の方法（当事者A）": 5, "運転練習の方法（当事者B）": 0, "field_69": null }, "geometry": { "type": "Point", "coordinates": [ 132.222709400000014, 34.21486611 ] } },
{ "type": "Feature", "properties": { "資料区分": 1, "都道府県コード": 73, "警察署等コード": 111, "本票番号": 5, "事故内容": 2, "死者数": 0, "負傷者数": 1, "路線コード": 1850, "地点コード": 82, "市区町村コード": 202, "発生日時　　年": 2024, "発生日時　　月": 1, "発生日時　　日": 3, "発生日時　　時": 20, "発生日時　　分": 50, "昼夜": 22, "日の出時刻　　時": 7, "日の出時刻　　分": 16, "日の入り時刻　　時": 17, "日の入り時刻　　分": 12, "天候": 2, "地形": 1, "路面状態": 1, "道路形状": 14, "信号機": 7, "一時停止規制　標識（当事者A）": 0, "一時停止規制　表示（当事者A）": 0, "一時停止規制　標識（当事者B）": 0, "一時停止規制　表示（当事者B）": 0, "車道幅員": 5, "道路線形": 9, "衝突地点": 1, "ゾーン規制": 70, "中央分離帯施設等": 4, "歩車道区分": 2, "事故類型": 1, "年齢（当事者A）": 1, "年齢（当事者B）": 45, "当事者種別（当事者A）": 3, "当事者種別（当事者B）": 61, "用途別（当事者A）": 31, "用途別（当事者B）": 0, "車両形状等（当事者A）": 1, "車両形状等（当事者B）": 0, "オートマチック車（当事者A）": 1, "オートマチック車（当事者B）": 0, "サポカー（当事者A）": 11, "サポカー（当事者B）": 0, "速度規制（指定のみ）（当事者A）": 10, "速度規制（指定のみ）（当事者B）": 0, "車両の衝突部位（当事者A）": 10, "車両の衝突部位（当事者B）": 0, "車両の損壊程度（当事者A）": 3, "車両の損壊程度（当事者B）": 0, "エアバッグの装備（当事者A）": 2, "エアバッグの装備（当事者B）": 0, "サイドエアバッグの装備（当事者A）": 2, "サイドエアバッグの装備（当事者B）": 0, "人身損傷程度（当事者A）": 4, "人身損傷程度（当事者B）": 2, "地点　緯度（北緯）": 34.22846389, "地点　経度（東経）": 132.6307189, "曜日(発生年月日)": 4, "祝日(発生年月日)": 3, "認知機能検査経過日数（当事者A）": 9999, "認知機能検査経過日数（当事者B）": 0, "運転練習の方法（当事者A）": 1, "運転練習の方法（当事者B）": 0, "field_69": null }, "geometry": { "type": "Point", "coordinates": [ 132.6307189, 34.22846389 ] } },
{ "type": "Feature", "properties": { "資料区分": 1, "都道府県コード": 73, "警察署等コード": 112, "本票番号": 4, "事故内容": 1, "死者数": 1, "負傷者数": 0, "路線コード": 37120, "地点コード": 0, "市区町村コード": 212, "発生日時　　年": 2024, "発生日時　　月": 1, "発生日時　　日": 6, "発生日時　　時": 17, "発生日時　　分": 57, "昼夜": 21, "日の出時刻　　時": 7, "日の出時刻　　分": 17, "日の入り時刻　　時": 17, "日の入り時刻　　分": 14, "天候": 2, "地形": 1, "路面状態": 1, "道路形状": 1, "信号機": 7, "一時停止規制　標識（当事者A）": 9, "一時停止規制　表示（当事者A）": 22, "一時停止規制　標識（当事者B）": 0, "一時停止規制　表示（当事者B）": 0, "車道幅員": 15, "道路線形": 7, "衝突地点": 30, "ゾーン規制": 70, "中央分離帯施設等": 5, "歩車道区分": 2, "事故類型": 1, "年齢（当事者A）": 55, "年齢（当事者B）": 55, "当事者種別（当事者A）": 3, "当事者種別（当事者B）": 61, "用途別（当事者A）": 31, "用途別（当事者B）": 0, "車両形状等（当事者A）": 1, "車両形状等（当事者B）": 0, "オートマチック車（当事者A）": 1, "オートマチック車（当事者B）": 0, "サポカー（当事者A）": 11, "サポカー（当事者B）": 0, "速度規制（指定のみ）（当事者A）": 3, "速度規制（指定のみ）（当事者B）": 0, "車両の衝突部位（当事者A）": 50, "車両の衝突部位（当事者B）": 0, "車両の損壊程度（当事者A）": 3, "車両の損壊程度（当事者B）": 0, "エアバッグの装備（当事者A）": 2, "エアバッグの装備（当事者B）": 0, "サイドエアバッグの装備（当事者A）": 2, "サイドエアバッグの装備（当事者B）": 0, "人身損傷程度（当事者A）": 4, "人身損傷程度（当事者B）": 1, "地点　緯度（北緯）": 34.41601806, "地点　経度（東経）": 132.7416108, "曜日(発生年月日)": 7, "祝日(発生年月日)": 3, "認知機能検査経過日数（当事者A）": 9999, "認知機能検査経過日数（当事者B）": 0, "運転練習の方法（当事者A）": 1, "運転練習の方法（当事者B）": 0, "field_69": null }, "geometry": { "type": "Point", "coordinates": [ 132.741610799999989, 34.41601806 ] } },
{ "type": "Feature", "properties": { "資料区分": 1, "都道府県コード": 73, "警察署等コード": 112, "本票番号": 10, "事故内容": 2, "死者数": 0, "負傷者数": 1, "路線コード": 37120, "地点コード": 0, "市区町村コード": 212, "発生日時　　年": 2024, "発生日時　　月": 1, "発生日時　　日": 1, "発生日時　　時": 18, "発生日時　　分": 10, "昼夜": 22, "日の出時刻　　時": 7, "日の出時刻　　分": 16, "日の入り時刻　　時": 17, "日の入り時刻　　分": 10, "天候": 1, "地形": 2, "路面状態": 1, "道路形状": 1, "信号機": 7, "一時停止規制　標識（当事者A）": 9, "一時停止規制　表示（当事者A）": 22, "一時停止規制　標識（当事者B）": 0, "一時停止規制　表示（当事者B）": 0, "車道幅員": 11, "道路線形": 9, "衝突地点": 30, "ゾーン規制": 70, "中央分離帯施設等": 5, "歩車道区分": 4, "事故類型": 1, "年齢（当事者A）": 35, "年齢（当事者B）": 35, "当事者種別（当事者A）": 14, "当事者種別（当事者B）": 61, "用途別（当事者A）": 31, "用途別（当事者B）": 0, "車両形状等（当事者A）": 11, "車両形状等（当事者B）": 0, "オートマチック車（当事者A）": 2, "オートマチック車（当事者B）": 0, "サポカー（当事者A）": 11, "サポカー（当事者B）": 0, "速度規制（指定のみ）（当事者A）": 10, "速度規制（指定のみ）（当事者B）": 0, "車両の衝突部位（当事者A）": 10, "車両の衝突部位（当事者B）": 0, "車両の損壊程度（当事者A）": 3, "車両の損壊程度（当事者B）": 0, "エアバッグの装備（当事者A）": 2, "エアバッグの装備（当事者B）": 0, "サイドエアバッグの装備（当事者A）": 2, "サイドエアバッグの装備（当事者B）": 0, "人身損傷程度（当事者A）": 4, "人身損傷程度（当事者B）": 2, "地点　緯度（北緯）": 34.46069278, "地点　経度（東経）": 132.8510286, "曜日(発生年月日)": 2, "祝日(発生年月日)": 1, "認知機能検査経過日数（当事者A）": 9999, "認知機能検査経過日数（当事者B）": 0, "運転練習の方法（当事者A）": 2, "運転練習の方法（当事者B）": 0, "field_69": null }, "geometry": { "type": "Point", "coordinates": [ 132.8510286, 34.46069278 ] } },
{ "type": "Feature", "properties": { "資料区分": 1, "都道府県コード": 73, "警察署等コード": 114, "本票番号": 13, "事故内容": 2, "死者数": 0, "負傷者数": 1, "路線コード": 1830, "地点コード": 0, "市区町村コード": 106, "発生日時　　年": 2023, "発生日時　　月": 12, "発生日時　　日": 28, "発生日時　　時": 15, "発生日時　　分": 30, "昼夜": 12, "日の出時刻　　時": 7, "日の出時刻　　分": 15, "日の入り時刻　　時": 17, "日の入り時刻　　分": 8, "天候": 1, "地形": 1, "路面状態": 1, "道路形状": 14, "信号機": 7, "一時停止規制　標識（当事者A）": 0, "一時停止規制　表示（当事者A）": 0, "一時停止規制　標識（当事者B）": 0, "一時停止規制　表示（当事者B）": 0, "車道幅員": 3, "道路線形": 9, "衝突地点": 1, "ゾーン規制": 70, "中央分離帯施設等": 4, "歩車道区分": 2, "事故類型": 1, "年齢（当事者A）": 55, "年齢（当事者B）": 65, "当事者種別（当事者A）": 4, "当事者種別（当事者B）": 61, "用途別（当事者A）": 31, "用途別（当事者B）": 0, "車両形状等（当事者A）": 1, "車両形状等（当事者B）": 0, "オートマチック車（当事者A）": 1, "オートマチック車（当事者B）": 0, "サポカー（当事者A）": 11, "サポカー（当事者B）": 0, "速度規制（指定のみ）（当事者A）": 4, "速度規制（指定のみ）（当事者B）": 0, "車両の衝突部位（当事者A）": 10, "車両の衝突部位（当事者B）": 0, "車両の損壊程度（当事者A）": 3, "車両の損壊程度（当事者B）": 0, "エアバッグの装備（当事者A）": 2, "エアバッグの装備（当事者B）": 0, "サイドエアバッグの装備（当事者A）": 2, "サイドエアバッグの装備（当事者B）": 0, "人身損傷程度（当事者A）": 4, "人身損傷程度（当事者B）": 2, "地点　緯度（北緯）": 34.52196694, "地点　経度（東経）": 132.5125694, "曜日(発生年月日)": 5, "祝日(発生年月日)": 3, "認知機能検査経過日数（当事者A）": 9999, "認知機能検査経過日数（当事者B）": 0, "運転練習の方法（当事者A）": 1, "運転練習の方法（当事者B）": 0, "field_69": null }, "geometry": { "type": "Point", "coordinates": [ 132.5125694, 34.52196694 ] } },
{ "type": "Feature", "properties": { "資料区分": 1, "都道府県コード": 73, "警察署等コード": 114, "本票番号": 17, "事故内容": 2, "死者数": 0, "負傷者数": 1, "路線コード": 37140, "地点コード": 0, "市区町村コード": 106, "発生日時　　年": 2024, "発生日時　　月": 1, "発生日時　　日": 22, "発生日時　　時": 8, "発生日時　　分": 35, "昼夜": 12, "日の出時刻　　時": 7, "日の出時刻　　分": 13, "日の入り時刻　　時": 17, "日の入り時刻　　分": 29, "天候": 1, "地形": 1, "路面状態": 1, "道路形状": 1, "信号機": 7, "一時停止規制　標識（当事者A）": 9, "一時停止規制　表示（当事者A）": 22, "一時停止規制　標識（当事者B）": 0, "一時停止規制　表示（当事者B）": 0, "車道幅員": 15, "道路線形": 9, "衝突地点": 30, "ゾーン規制": 70, "中央分離帯施設等": 5, "歩車道区分": 3, "事故類型": 1, "年齢（当事者A）": 65, "年齢（当事者B）": 75, "当事者種別（当事者A）": 3, "当事者種別（当事者B）": 61, "用途別（当事者A）": 31, "用途別（当事者B）": 0, "車両形状等（当事者A）": 1, "車両形状等（当事者B）": 0, "オートマチック車（当事者A）": 1, "オートマチック車（当事者B）": 0, "サポカー（当事者A）": 1, "サポカー（当事者B）": 0, "速度規制（指定のみ）（当事者A）": 2, "速度規制（指定のみ）（当事者B）": 0, "車両の衝突部位（当事者A）": 10, "車両の衝突部位（当事者B）": 0, "車両の損壊程度（当事者A）": 3, "車両の損壊程度（当事者B）": 0, "エアバッグの装備（当事者A）": 2, "エアバッグの装備（当事者B）": 0, "サイドエアバッグの装備（当事者A）": 2, "サイドエアバッグの装備（当事者B）": 0, "人身損傷程度（当事者A）": 4, "人身損傷程度（当事者B）": 2, "地点　緯度（北緯）": 34.47807861, "地点　経度（東経）": 132.5073769, "曜日(発生年月日)": 2, "祝日(発生年月日)": 3, "認知機能検査経過日数（当事者A）": 9999, "認知機能検査経過日数（当事者B）": 0, "運転練習の方法（当事者A）": 9, "運転練習の方法（当事者B）": 0, "field_69": null }, "geometry": { "type": "Point", "coordinates": [ 132.5073769, 34.47807861 ] } },
{ "type": "Feature", "properties": { "資料区分": 1, "都道府県コード": 73, "警察署等コード": 114, "本票番号": 18, "事故内容": 2, "死者数": 0, "負傷者数": 1, "路線コード": 37140, "地点コード": 0, "市区町村コード": 106, "発生日時　　年": 2024, "発生日時　　月": 1, "発生日時　　日": 14, "発生日時　　時": 19, "発生日時　　分": 23, "昼夜": 22, "日の出時刻　　時": 7, "日の出時刻　　分": 16, "日の入り時刻　　時": 17, "日の入り時刻　　分": 21, "天候": 1, "地形": 1, "路面状態": 1, "道路形状": 14, "信号機": 7, "一時停止規制　標識（当事者A）": 0, "一時停止規制　表示（当事者A）": 0, "一時停止規制　標識（当事者B）": 0, "一時停止規制　表示（当事者B）": 0, "車道幅員": 3, "道路線形": 7, "衝突地点": 1, "ゾーン規制": 70, "中央分離帯施設等": 4, "歩車道区分": 2, "事故類型": 1, "年齢（当事者A）": 65, "年齢（当事者B）": 1, "当事者種別（当事者A）": 4, "当事者種別（当事者B）": 61, "用途別（当事者A）": 31, "用途別（当事者B）": 0, "車両形状等（当事者A）": 1, "車両形状等（当事者B）": 0, "オートマチック車（当事者A）": 1, "オートマチック車（当事者B）": 0, "サポカー（当事者A）": 11, "サポカー（当事者B）": 0, "速度規制（指定のみ）（当事者A）": 3, "速度規制（指定のみ）（当事者B）": 0, "車両の衝突部位（当事者A）": 10, "車両の衝突部位（当事者B）": 0, "車両の損壊程度（当事者A）": 3, "車両の損壊程度（当事者B）": 0, "エアバッグの装備（当事者A）": 2, "エアバッグの装備（当事者B）": 0, "サイドエアバッグの装備（当事者A）": 2, "サイドエアバッグの装備（当事者B）": 0, "人身損傷程度（当事者A）": 4, "人身損傷程度（当事者B）": 2, "地点　緯度（北緯）": 34.46480583, "地点　経度（東経）": 132.5039831, "曜日(発生年月日)": 1, "祝日(発生年月日)": 3, "認知機能検査経過日数（当事者A）": 9999, "認知機能検査経過日数（当事者B）": 0, "運転練習の方法（当事者A）": 9, "運転練習の方法（当事者B）": 0, "field_69": null }, "geometry": { "type": "Point", "coordinates": [ 132.5039831, 34.46480583 ] } },
{ "type": "Feature", "properties": { "資料区分": 1, "都道府県コード": 73, "警察署等コード": 114, "本票番号": 19, "事故内容": 2, "死者数": 0, "負傷者数": 1, "路線コード": 37140, "地点コード": 0, "市区町村コード": 106, "発生日時　　年": 2024, "発生日時　　月": 1, "発生日時　　日": 24, "発生日時　　時": 12, "発生日時　　分": 30, "昼夜": 12, "日の出時刻　　時": 7, "日の出時刻　　分": 12, "日の入り時刻　　時": 17, "日の入り時刻　　分": 31, "天候": 5, "地形": 1, "路面状態": 1, "道路形状": 1, "信号機": 7, "一時停止規制　標識（当事者A）": 1, "一時停止規制　表示（当事者A）": 21, "一時停止規制　標識（当事者B）": 0, "一時停止規制　表示（当事者B）": 0, "車道幅員": 15, "道路線形": 9, "衝突地点": 30, "ゾーン規制": 70, "中央分離帯施設等": 5, "歩車道区分": 2, "事故類型": 1, "年齢（当事者A）": 75, "年齢（当事者B）": 55, "当事者種別（当事者A）": 3, "当事者種別（当事者B）": 61, "用途別（当事者A）": 31, "用途別（当事者B）": 0, "車両形状等（当事者A）": 1, "車両形状等（当事者B）": 0, "オートマチック車（当事者A）": 1, "オートマチック車（当事者B）": 0, "サポカー（当事者A）": 11, "サポカー（当事者B）": 0, "速度規制（指定のみ）（当事者A）": 10, "速度規制（指定のみ）（当事者B）": 0, "車両の衝突部位（当事者A）": 10, "車両の衝突部位（当事者B）": 0, "車両の損壊程度（当事者A）": 3, "車両の損壊程度（当事者B）": 0, "エアバッグの装備（当事者A）": 2, "エアバッグの装備（当事者B）": 0, "サイドエアバッグの装備（当事者A）": 2, "サイドエアバッグの装備（当事者B）": 0, "人身損傷程度（当事者A）": 4, "人身損傷程度（当事者B）": 2, "地点　緯度（北緯）": 34.46839222, "地点　経度（東経）": 132.5072114, "曜日(発生年月日)": 4, "祝日(発生年月日)": 3, "認知機能検査経過日数（当事者A）": 1082, "認知機能検査経過日数（当事者B）": 0, "運転練習の方法（当事者A）": 9, "運転練習の方法（当事者B）": 0, "field_69": null }, "geometry": { "type": "Point", "coordinates": [ 132.507211399999989, 34.46839222 ] } },
{ "type": "Feature", "properties": { "資料区分": 1, "都道府県コード": 73, "警察署等コード": 117, "本票番号": 2, "事故内容": 2, "死者数": 0, "負傷者数": 1, "路線コード": 99000, "地点コード": 0, "市区町村コード": 205, "発生日時　　年": 2023, "発生日時　　月": 12, "発生日時　　日": 29, "発生日時　　時": 12, "発生日時　　分": 8, "昼夜": 12, "日の出時刻　　時": 7, "日の出時刻　　分": 16, "日の入り時刻　　時": 17, "日の入り時刻　　分": 9, "天候": 1, "地形": 3, "路面状態": 1, "道路形状": 0, "信号機": 7, "一時停止規制　標識（当事者A）": 0, "一時停止規制　表示（当事者A）": 0, "一時停止規制　標識（当事者B）": 0, "一時停止規制　表示（当事者B）": 0, "車道幅員": 0, "道路線形": 0, "衝突地点": 20, "ゾーン規制": 70, "中央分離帯施設等": 0, "歩車道区分": 4, "事故類型": 1, "年齢（当事者A）": 75, "年齢（当事者B）": 55, "当事者種別（当事者A）": 14, "当事者種別（当事者B）": 61, "用途別（当事者A）": 31, "用途別（当事者B）": 0, "車両形状等（当事者A）": 11, "車両形状等（当事者B）": 0, "オートマチック車（当事者A）": 2, "オートマチック車（当事者B）": 0, "サポカー（当事者A）": 11, "サポカー（当事者B）": 0, "速度規制（指定のみ）（当事者A）": 10, "速度規制（指定のみ）（当事者B）": 0, "車両の衝突部位（当事者A）": 50, "車両の衝突部位（当事者B）": 0, "車両の損壊程度（当事者A）": 3, "車両の損壊程度（当事者B）": 0, "エアバッグの装備（当事者A）": 2, "エアバッグの装備（当事者B）": 0, "サイドエアバッグの装備（当事者A）": 2, "サイドエアバッグの装備（当事者B）": 0, "人身損傷程度（当事者A）": 4, "人身損傷程度（当事者B）": 2, "地点　緯度（北緯）": 34.51096972, "地点　経度（東経）": 133.1437369, "曜日(発生年月日)": 6, "祝日(発生年月日)": 3, "認知機能検査経過日数（当事者A）": 624, "認知機能検査経過日数（当事者B）": 0, "運転練習の方法（当事者A）": 9, "運転練習の方法（当事者B）": 0, "field_69": null }, "geometry": { "type": "Point", "coordinates": [ 133.1437369, 34.51096972 ] } },
{ "type": "Feature", "properties": { "資料区分": 1, "都道府県コード": 73, "警察署等コード": 117, "本票番号": 5, "事故内容": 2, "死者数": 0, "負傷者数": 1, "路線コード": 37170, "地点コード": 0, "市区町村コード": 205, "発生日時　　年": 2023, "発生日時　　月": 12, "発生日時　　日": 28, "発生日時　　時": 17, "発生日時　　分": 35, "昼夜": 21, "日の出時刻　　時": 7, "日の出時刻　　分": 15, "日の入り時刻　　時": 17, "日の入り時刻　　分": 8, "天候": 2, "地形": 1, "路面状態": 1, "道路形状": 14, "信号機": 7, "一時停止規制　標識（当事者A）": 0, "一時停止規制　表示（当事者A）": 0, "一時停止規制　標識（当事者B）": 0, "一時停止規制　表示（当事者B）": 0, "車道幅員": 5, "道路線形": 9, "衝突地点": 1, "ゾーン規制": 70, "中央分離帯施設等": 4, "歩車道区分": 2, "事故類型": 1, "年齢（当事者A）": 75, "年齢（当事者B）": 45, "当事者種別（当事者A）": 14, "当事者種別（当事者B）": 61, "用途別（当事者A）": 31, "用途別（当事者B）": 0, "車両形状等（当事者A）": 11, "車両形状等（当事者B）": 0, "オートマチック車（当事者A）": 2, "オートマチック車（当事者B）": 0, "サポカー（当事者A）": 11, "サポカー（当事者B）": 0, "速度規制（指定のみ）（当事者A）": 3, "速度規制（指定のみ）（当事者B）": 0, "車両の衝突部位（当事者A）": 40, "車両の衝突部位（当事者B）": 0, "車両の損壊程度（当事者A）": 4, "車両の損壊程度（当事者B）": 0, "エアバッグの装備（当事者A）": 2, "エアバッグの装備（当事者B）": 0, "サイドエアバッグの装備（当事者A）": 2, "サイドエアバッグの装備（当事者B）": 0, "人身損傷程度（当事者A）": 4, "人身損傷程度（当事者B）": 2, "地点　緯度（北緯）": 34.40189333, "地点　経度（東経）": 133.18553, "曜日(発生年月日)": 5, "祝日(発生年月日)": 3, "認知機能検査経過日数（当事者A）": 952, "認知機能検査経過日数（当事者B）": 0, "運転練習の方法（当事者A）": 9, "運転練習の方法（当事者B）": 0, "field_69": null }, "geometry": { "type": "Point", "coordinates": [ 133.18553, 34.40189333 ] } },
{ "type": "Feature", "properties": { "資料区分": 1, "都道府県コード": 73, "警察署等コード": 117, "本票番号": 10, "事故内容": 2, "死者数": 0, "負傷者数": 1, "路線コード": 37170, "地点コード": 0, "市区町村コード": 205, "発生日時　　年": 2024, "発生日時　　月": 1, "発生日時　　日": 17, "発生日時　　時": 7, "発生日時　　分": 9, "昼夜": 23, "日の出時刻　　時": 7, "日の出時刻　　分": 15, "日の入り時刻　　時": 17, "日の入り時刻　　分": 24, "天候": 1, "地形": 3, "路面状態": 1, "道路形状": 14, "信号機": 7, "一時停止規制　標識（当事者A）": 0, "一時停止規制　表示（当事者A）": 0, "一時停止規制　標識（当事者B）": 0, "一時停止規制　表示（当事者B）": 0, "車道幅員": 3, "道路線形": 9, "衝突地点": 1, "ゾーン規制": 70, "中央分離帯施設等": 4, "歩車道区分": 3, "事故類型": 1, "年齢（当事者A）": 35, "年齢（当事者B）": 75, "当事者種別（当事者A）": 4, "当事者種別（当事者B）": 61, "用途別（当事者A）": 31, "用途別（当事者B）": 0, "車両形状等（当事者A）": 1, "車両形状等（当事者B）": 0, "オートマチック車（当事者A）": 1, "オートマチック車（当事者B）": 0, "サポカー（当事者A）": 11, "サポカー（当事者B）": 0, "速度規制（指定のみ）（当事者A）": 3, "速度規制（指定のみ）（当事者B）": 0, "車両の衝突部位（当事者A）": 80, "車両の衝突部位（当事者B）": 0, "車両の損壊程度（当事者A）": 3, "車両の損壊程度（当事者B）": 0, "エアバッグの装備（当事者A）": 2, "エアバッグの装備（当事者B）": 0, "サイドエアバッグの装備（当事者A）": 2, "サイドエアバッグの装備（当事者B）": 0, "人身損傷程度（当事者A）": 4, "人身損傷程度（当事者B）": 2, "地点　緯度（北緯）": 34.3029175, "地点　経度（東経）": 133.0936231, "曜日(発生年月日)": 4, "祝日(発生年月日)": 3, "認知機能検査経過日数（当事者A）": 9999, "認知機能検査経過日数（当事者B）": 0, "運転練習の方法（当事者A）": 1, "運転練習の方法（当事者B）": 0, "field_69": null }, "geometry": { "type": "Point", "coordinates": [ 133.0936231, 34.3029175 ] } },
{ "type": "Feature", "properties": { "資料区分": 1, "都道府県コード": 73, "警察署等コード": 117, "本票番号": 11, "事故内容": 2, "死者数": 0, "負傷者数": 1, "路線コード": 37170, "地点コード": 0, "市区町村コード": 205, "発生日時　　年": 2023, "発生日時　　月": 12, "発生日時　　日": 12, "発生日時　　時": 16, "発生日時　　分": 0, "昼夜": 12, "日の出時刻　　時": 7, "日の出時刻　　分": 7, "日の入り時刻　　時": 17, "日の入り時刻　　分": 1, "天候": 1, "地形": 2, "路面状態": 1, "道路形状": 13, "信号機": 7, "一時停止規制　標識（当事者A）": 0, "一時停止規制　表示（当事者A）": 0, "一時停止規制　標識（当事者B）": 0, "一時停止規制　表示（当事者B）": 0, "車道幅員": 1, "道路線形": 2, "衝突地点": 1, "ゾーン規制": 70, "中央分離帯施設等": 5, "歩車道区分": 4, "事故類型": 1, "年齢（当事者A）": 75, "年齢（当事者B）": 75, "当事者種別（当事者A）": 4, "当事者種別（当事者B）": 61, "用途別（当事者A）": 31, "用途別（当事者B）": 0, "車両形状等（当事者A）": 1, "車両形状等（当事者B）": 0, "オートマチック車（当事者A）": 1, "オートマチック車（当事者B）": 0, "サポカー（当事者A）": 11, "サポカー（当事者B）": 0, "速度規制（指定のみ）（当事者A）": 10, "速度規制（指定のみ）（当事者B）": 0, "車両の衝突部位（当事者A）": 30, "車両の衝突部位（当事者B）": 0, "車両の損壊程度（当事者A）": 3, "車両の損壊程度（当事者B）": 0, "エアバッグの装備（当事者A）": 2, "エアバッグの装備（当事者B）": 0, "サイドエアバッグの装備（当事者A）": 2, "サイドエアバッグの装備（当事者B）": 0, "人身損傷程度（当事者A）": 4, "人身損傷程度（当事者B）": 2, "地点　緯度（北緯）": 34.29904139, "地点　経度（東経）": 133.1685694, "曜日(発生年月日)": 3, "祝日(発生年月日)": 3, "認知機能検査経過日数（当事者A）": 235, "認知機能検査経過日数（当事者B）": 0, "運転練習の方法（当事者A）": 9, "運転練習の方法（当事者B）": 0, "field_69": null }, "geometry": { "type": "Point", "coordinates": [ 133.1685694, 34.29904139 ] } },
{ "type": "Feature", "properties": { "資料区分": 1, "都道府県コード": 73, "警察署等コード": 117, "本票番号": 12, "事故内容": 2, "死者数": 0, "負傷者数": 1, "路線コード": 20, "地点コード": 2444, "市区町村コード": 205, "発生日時　　年": 2024, "発生日時　　月": 1, "発生日時　　日": 10, "発生日時　　時": 17, "発生日時　　分": 45, "昼夜": 21, "日の出時刻　　時": 7, "日の出時刻　　分": 17, "日の入り時刻　　時": 17, "日の入り時刻　　分": 18, "天候": 2, "地形": 1, "路面状態": 2, "道路形状": 1, "信号機": 7, "一時停止規制　標識（当事者A）": 9, "一時停止規制　表示（当事者A）": 22, "一時停止規制　標識（当事者B）": 0, "一時停止規制　表示（当事者B）": 0, "車道幅員": 15, "道路線形": 9, "衝突地点": 30, "ゾーン規制": 70, "中央分離帯施設等": 4, "歩車道区分": 2, "事故類型": 1, "年齢（当事者A）": 35, "年齢（当事者B）": 65, "当事者種別（当事者A）": 3, "当事者種別（当事者B）": 61, "用途別（当事者A）": 31, "用途別（当事者B）": 0, "車両形状等（当事者A）": 1, "車両形状等（当事者B）": 0, "オートマチック車（当事者A）": 1, "オートマチック車（当事者B）": 0, "サポカー（当事者A）": 11, "サポカー（当事者B）": 0, "速度規制（指定のみ）（当事者A）": 4, "速度規制（指定のみ）（当事者B）": 0, "車両の衝突部位（当事者A）": 50, "車両の衝突部位（当事者B）": 0, "車両の損壊程度（当事者A）": 3, "車両の損壊程度（当事者B）": 0, "エアバッグの装備（当事者A）": 2, "エアバッグの装備（当事者B）": 0, "サイドエアバッグの装備（当事者A）": 2, "サイドエアバッグの装備（当事者B）": 0, "人身損傷程度（当事者A）": 4, "人身損傷程度（当事者B）": 2, "地点　緯度（北緯）": 34.44037417, "地点　経度（東経）": 133.2318383, "曜日(発生年月日)": 4, "祝日(発生年月日)": 3, "認知機能検査経過日数（当事者A）": 9999, "認知機能検査経過日数（当事者B）": 0, "運転練習の方法（当事者A）": 1, "運転練習の方法（当事者B）": 0, "field_69": null }, "geometry": { "type": "Point", "coordinates": [ 133.2318383, 34.44037417 ] } },
{ "type": "Feature", "properties": { "資料区分": 1, "都道府県コード": 73, "警察署等コード": 120, "本票番号": 4, "事故内容": 2, "死者数": 0, "負傷者数": 1, "路線コード": 99000, "地点コード": 0, "市区町村コード": 207, "発生日時　　年": 2024, "発生日時　　月": 1, "発生日時　　日": 5, "発生日時　　時": 19, "発生日時　　分": 44, "昼夜": 22, "日の出時刻　　時": 7, "日の出時刻　　分": 17, "日の入り時刻　　時": 17, "日の入り時刻　　分": 13, "天候": 1, "地形": 1, "路面状態": 1, "道路形状": 0, "信号機": 7, "一時停止規制　標識（当事者A）": 0, "一時停止規制　表示（当事者A）": 0, "一時停止規制　標識（当事者B）": 0, "一時停止規制　表示（当事者B）": 0, "車道幅員": 0, "道路線形": 0, "衝突地点": 20, "ゾーン規制": 70, "中央分離帯施設等": 0, "歩車道区分": 4, "事故類型": 1, "年齢（当事者A）": 75, "年齢（当事者B）": 25, "当事者種別（当事者A）": 3, "当事者種別（当事者B）": 61, "用途別（当事者A）": 31, "用途別（当事者B）": 0, "車両形状等（当事者A）": 1, "車両形状等（当事者B）": 0, "オートマチック車（当事者A）": 1, "オートマチック車（当事者B）": 0, "サポカー（当事者A）": 11, "サポカー（当事者B）": 0, "速度規制（指定のみ）（当事者A）": 10, "速度規制（指定のみ）（当事者B）": 0, "車両の衝突部位（当事者A）": 40, "車両の衝突部位（当事者B）": 0, "車両の損壊程度（当事者A）": 3, "車両の損壊程度（当事者B）": 0, "エアバッグの装備（当事者A）": 2, "エアバッグの装備（当事者B）": 0, "サイドエアバッグの装備（当事者A）": 2, "サイドエアバッグの装備（当事者B）": 0, "人身損傷程度（当事者A）": 4, "人身損傷程度（当事者B）": 2, "地点　緯度（北緯）": 34.44481389, "地点　経度（東経）": 133.2422194, "曜日(発生年月日)": 6, "祝日(発生年月日)": 3, "認知機能検査経過日数（当事者A）": 49, "認知機能検査経過日数（当事者B）": 0, "運転練習の方法（当事者A）": 9, "運転練習の方法（当事者B）": 0, "field_69": null }, "geometry": { "type": "Point", "coordinates": [ 133.24221940000001, 34.44481389 ] } },
{ "type": "Feature", "properties": { "資料区分": 1, "都道府県コード": 73, "警察署等コード": 120, "本票番号": 9, "事故内容": 2, "死者数": 0, "負傷者数": 1, "路線コード": 23780, "地点コード": 0, "市区町村コード": 207, "発生日時　　年": 2024, "発生日時　　月": 1, "発生日時　　日": 14, "発生日時　　時": 18, "発生日時　　分": 23, "昼夜": 22, "日の出時刻　　時": 7, "日の出時刻　　分": 16, "日の入り時刻　　時": 17, "日の入り時刻　　分": 21, "天候": 1, "地形": 1, "路面状態": 1, "道路形状": 14, "信号機": 7, "一時停止規制　標識（当事者A）": 0, "一時停止規制　表示（当事者A）": 0, "一時停止規制　標識（当事者B）": 0, "一時停止規制　表示（当事者B）": 0, "車道幅員": 2, "道路線形": 9, "衝突地点": 1, "ゾーン規制": 70, "中央分離帯施設等": 4, "歩車道区分": 2, "事故類型": 1, "年齢（当事者A）": 35, "年齢（当事者B）": 1, "当事者種別（当事者A）": 3, "当事者種別（当事者B）": 61, "用途別（当事者A）": 31, "用途別（当事者B）": 0, "車両形状等（当事者A）": 1, "車両形状等（当事者B）": 0, "オートマチック車（当事者A）": 1, "オートマチック車（当事者B）": 0, "サポカー（当事者A）": 11, "サポカー（当事者B）": 0, "速度規制（指定のみ）（当事者A）": 3, "速度規制（指定のみ）（当事者B）": 0, "車両の衝突部位（当事者A）": 30, "車両の衝突部位（当事者B）": 0, "車両の損壊程度（当事者A）": 3, "車両の損壊程度（当事者B）": 0, "エアバッグの装備（当事者A）": 2, "エアバッグの装備（当事者B）": 0, "サイドエアバッグの装備（当事者A）": 2, "サイドエアバッグの装備（当事者B）": 0, "人身損傷程度（当事者A）": 4, "人身損傷程度（当事者B）": 2, "地点　緯度（北緯）": 34.49316667, "地点　経度（東経）": 133.337925, "曜日(発生年月日)": 1, "祝日(発生年月日)": 3, "認知機能検査経過日数（当事者A）": 9999, "認知機能検査経過日数（当事者B）": 0, "運転練習の方法（当事者A）": 1, "運転練習の方法（当事者B）": 0, "field_69": null }, "geometry": { "type": "Point", "coordinates": [ 133.337925, 34.49316667 ] } },
{ "type": "Feature", "properties": { "資料区分": 1, "都道府県コード": 73, "警察署等コード": 120, "本票番号": 17, "事故内容": 2, "死者数": 0, "負傷者数": 1, "路線コード": 37200, "地点コード": 0, "市区町村コード": 207, "発生日時　　年": 2023, "発生日時　　月": 12, "発生日時　　日": 22, "発生日時　　時": 10, "発生日時　　分": 35, "昼夜": 12, "日の出時刻　　時": 7, "日の出時刻　　分": 13, "日の入り時刻　　時": 17, "日の入り時刻　　分": 5, "天候": 1, "地形": 3, "路面状態": 1, "道路形状": 14, "信号機": 7, "一時停止規制　標識（当事者A）": 0, "一時停止規制　表示（当事者A）": 0, "一時停止規制　標識（当事者B）": 0, "一時停止規制　表示（当事者B）": 0, "車道幅員": 2, "道路線形": 9, "衝突地点": 1, "ゾーン規制": 70, "中央分離帯施設等": 5, "歩車道区分": 4, "事故類型": 1, "年齢（当事者A）": 45, "年齢（当事者B）": 75, "当事者種別（当事者A）": 3, "当事者種別（当事者B）": 61, "用途別（当事者A）": 31, "用途別（当事者B）": 0, "車両形状等（当事者A）": 1, "車両形状等（当事者B）": 0, "オートマチック車（当事者A）": 1, "オートマチック車（当事者B）": 0, "サポカー（当事者A）": 11, "サポカー（当事者B）": 0, "速度規制（指定のみ）（当事者A）": 10, "速度規制（指定のみ）（当事者B）": 0, "車両の衝突部位（当事者A）": 30, "車両の衝突部位（当事者B）": 0, "車両の損壊程度（当事者A）": 3, "車両の損壊程度（当事者B）": 0, "エアバッグの装備（当事者A）": 2, "エアバッグの装備（当事者B）": 0, "サイドエアバッグの装備（当事者A）": 2, "サイドエアバッグの装備（当事者B）": 0, "人身損傷程度（当事者A）": 4, "人身損傷程度（当事者B）": 2, "地点　緯度（北緯）": 34.46796389, "地点　経度（東経）": 133.3555758, "曜日(発生年月日)": 6, "祝日(発生年月日)": 3, "認知機能検査経過日数（当事者A）": 9999, "認知機能検査経過日数（当事者B）": 0, "運転練習の方法（当事者A）": 1, "運転練習の方法（当事者B）": 0, "field_69": null }, "geometry": { "type": "Point", "coordinates": [ 133.3555758, 34.46796389 ] } },
{ "type": "Feature", "properties": { "資料区分": 1, "都道府県コード": 73, "警察署等コード": 120, "本票番号": 21, "事故内容": 2, "死者数": 0, "負傷者数": 1, "路線コード": 37200, "地点コード": 0, "市区町村コード": 207, "発生日時　　年": 2024, "発生日時　　月": 1, "発生日時　　日": 4, "発生日時　　時": 8, "発生日時　　分": 15, "昼夜": 11, "日の出時刻　　時": 7, "日の出時刻　　分": 16, "日の入り時刻　　時": 17, "日の入り時刻　　分": 13, "天候": 1, "地形": 2, "路面状態": 1, "道路形状": 1, "信号機": 7, "一時停止規制　標識（当事者A）": 9, "一時停止規制　表示（当事者A）": 22, "一時停止規制　標識（当事者B）": 0, "一時停止規制　表示（当事者B）": 0, "車道幅員": 14, "道路線形": 9, "衝突地点": 30, "ゾーン規制": 70, "中央分離帯施設等": 5, "歩車道区分": 3, "事故類型": 1, "年齢（当事者A）": 45, "年齢（当事者B）": 75, "当事者種別（当事者A）": 3, "当事者種別（当事者B）": 61, "用途別（当事者A）": 31, "用途別（当事者B）": 0, "車両形状等（当事者A）": 1, "車両形状等（当事者B）": 0, "オートマチック車（当事者A）": 1, "オートマチック車（当事者B）": 0, "サポカー（当事者A）": 11, "サポカー（当事者B）": 0, "速度規制（指定のみ）（当事者A）": 10, "速度規制（指定のみ）（当事者B）": 0, "車両の衝突部位（当事者A）": 10, "車両の衝突部位（当事者B）": 0, "車両の損壊程度（当事者A）": 3, "車両の損壊程度（当事者B）": 0, "エアバッグの装備（当事者A）": 2, "エアバッグの装備（当事者B）": 0, "サイドエアバッグの装備（当事者A）": 2, "サイドエアバッグの装備（当事者B）": 0, "人身損傷程度（当事者A）": 4, "人身損傷程度（当事者B）": 2, "地点　緯度（北緯）": 34.46442417, "地点　経度（東経）": 133.2660989, "曜日(発生年月日)": 5, "祝日(発生年月日)": 3, "認知機能検査経過日数（当事者A）": 9999, "認知機能検査経過日数（当事者B）": 0, "運転練習の方法（当事者A）": 5, "運転練習の方法（当事者B）": 0, "field_69": null }, "geometry": { "type": "Point", "coordinates": [ 133.2660989, 34.46442417 ] } },
{ "type": "Feature", "properties": { "資料区分": 1, "都道府県コード": 73, "警察署等コード": 121, "本票番号": 21, "事故内容": 2, "死者数": 0, "負傷者数": 1, "路線コード": 3130, "地点コード": 0, "市区町村コード": 207, "発生日時　　年": 2024, "発生日時　　月": 1, "発生日時　　日": 16, "発生日時　　時": 21, "発生日時　　分": 5, "昼夜": 22, "日の出時刻　　時": 7, "日の出時刻　　分": 15, "日の入り時刻　　時": 17, "日の入り時刻　　分": 23, "天候": 1, "地形": 1, "路面状態": 1, "道路形状": 7, "信号機": 7, "一時停止規制　標識（当事者A）": 0, "一時停止規制　表示（当事者A）": 0, "一時停止規制　標識（当事者B）": 0, "一時停止規制　表示（当事者B）": 0, "車道幅員": 3, "道路線形": 9, "衝突地点": 1, "ゾーン規制": 70, "中央分離帯施設等": 4, "歩車道区分": 2, "事故類型": 1, "年齢（当事者A）": 25, "年齢（当事者B）": 25, "当事者種別（当事者A）": 51, "当事者種別（当事者B）": 61, "用途別（当事者A）": 41, "用途別（当事者B）": 0, "車両形状等（当事者A）": 0, "車両形状等（当事者B）": 0, "オートマチック車（当事者A）": 0, "オートマチック車（当事者B）": 0, "サポカー（当事者A）": 0, "サポカー（当事者B）": 0, "速度規制（指定のみ）（当事者A）": 0, "速度規制（指定のみ）（当事者B）": 0, "車両の衝突部位（当事者A）": 20, "車両の衝突部位（当事者B）": 0, "車両の損壊程度（当事者A）": 4, "車両の損壊程度（当事者B）": 0, "エアバッグの装備（当事者A）": 0, "エアバッグの装備（当事者B）": 0, "サイドエアバッグの装備（当事者A）": 0, "サイドエアバッグの装備（当事者B）": 0, "人身損傷程度（当事者A）": 4, "人身損傷程度（当事者B）": 2, "地点　緯度（北緯）": 34.49290556, "地点　経度（東経）": 133.3746389, "曜日(発生年月日)": 3, "祝日(発生年月日)": 3, "認知機能検査経過日数（当事者A）": 0, "認知機能検査経過日数（当事者B）": 0, "運転練習の方法（当事者A）": 0, "運転練習の方法（当事者B）": 0, "field_69": null }, "geometry": { "type": "Point", "coordinates": [ 133.3746389, 34.49290556 ] } },
{ "type": "Feature", "properties": { "資料区分": 1, "都道府県コード": 73, "警察署等コード": 121, "本票番号": 25, "事故内容": 2, "死者数": 0, "負傷者数": 1, "路線コード": 23800, "地点コード": 0, "市区町村コード": 207, "発生日時　　年": 2023, "発生日時　　月": 12, "発生日時　　日": 21, "発生日時　　時": 6, "発生日時　　分": 20, "昼夜": 23, "日の出時刻　　時": 7, "日の出時刻　　分": 13, "日の入り時刻　　時": 17, "日の入り時刻　　分": 4, "天候": 2, "地形": 1, "路面状態": 1, "道路形状": 1, "信号機": 1, "一時停止規制　標識（当事者A）": 9, "一時停止規制　表示（当事者A）": 22, "一時停止規制　標識（当事者B）": 0, "一時停止規制　表示（当事者B）": 0, "車道幅員": 18, "道路線形": 9, "衝突地点": 30, "ゾーン規制": 70, "中央分離帯施設等": 5, "歩車道区分": 2, "事故類型": 1, "年齢（当事者A）": 55, "年齢（当事者B）": 65, "当事者種別（当事者A）": 4, "当事者種別（当事者B）": 61, "用途別（当事者A）": 31, "用途別（当事者B）": 0, "車両形状等（当事者A）": 1, "車両形状等（当事者B）": 0, "オートマチック車（当事者A）": 1, "オートマチック車（当事者B）": 0, "サポカー（当事者A）": 11, "サポカー（当事者B）": 0, "速度規制（指定のみ）（当事者A）": 4, "速度規制（指定のみ）（当事者B）": 0, "車両の衝突部位（当事者A）": 50, "車両の衝突部位（当事者B）": 0, "車両の損壊程度（当事者A）": 3, "車両の損壊程度（当事者B）": 0, "エアバッグの装備（当事者A）": 2, "エアバッグの装備（当事者B）": 0, "サイドエアバッグの装備（当事者A）": 2, "サイドエアバッグの装備（当事者B）": 0, "人身損傷程度（当事者A）": 4, "人身損傷程度（当事者B）": 2, "地点　緯度（北緯）": 34.45976222, "地点　経度（東経）": 133.3953528, "曜日(発生年月日)": 5, "祝日(発生年月日)": 3, "認知機能検査経過日数（当事者A）": 9999, "認知機能検査経過日数（当事者B）": 0, "運転練習の方法（当事者A）": 9, "運転練習の方法（当事者B）": 0, "field_69": null }, "geometry": { "type": "Point", "coordinates": [ 133.395352800000012, 34.45976222 ] } },
{ "type": "Feature", "properties": { "資料区分": 1, "都道府県コード": 73, "警察署等コード": 121, "本票番号": 33, "事故内容": 2, "死者数": 0, "負傷者数": 1, "路線コード": 3130, "地点コード": 0, "市区町村コード": 207, "発生日時　　年": 2024, "発生日時　　月": 1, "発生日時　　日": 18, "発生日時　　時": 6, "発生日時　　分": 45, "昼夜": 23, "日の出時刻　　時": 7, "日の出時刻　　分": 15, "日の入り時刻　　時": 17, "日の入り時刻　　分": 25, "天候": 2, "地形": 1, "路面状態": 1, "道路形状": 1, "信号機": 1, "一時停止規制　標識（当事者A）": 9, "一時停止規制　表示（当事者A）": 22, "一時停止規制　標識（当事者B）": 0, "一時停止規制　表示（当事者B）": 0, "車道幅員": 15, "道路線形": 9, "衝突地点": 30, "ゾーン規制": 70, "中央分離帯施設等": 4, "歩車道区分": 2, "事故類型": 1, "年齢（当事者A）": 35, "年齢（当事者B）": 65, "当事者種別（当事者A）": 3, "当事者種別（当事者B）": 61, "用途別（当事者A）": 31, "用途別（当事者B）": 0, "車両形状等（当事者A）": 1, "車両形状等（当事者B）": 0, "オートマチック車（当事者A）": 1, "オートマチック車（当事者B）": 0, "サポカー（当事者A）": 11, "サポカー（当事者B）": 0, "速度規制（指定のみ）（当事者A）": 3, "速度規制（指定のみ）（当事者B）": 0, "車両の衝突部位（当事者A）": 10, "車両の衝突部位（当事者B）": 0, "車両の損壊程度（当事者A）": 3, "車両の損壊程度（当事者B）": 0, "エアバッグの装備（当事者A）": 2, "エアバッグの装備（当事者B）": 0, "サイドエアバッグの装備（当事者A）": 2, "サイドエアバッグの装備（当事者B）": 0, "人身損傷程度（当事者A）": 4, "人身損傷程度（当事者B）": 2, "地点　緯度（北緯）": 34.50849528, "地点　経度（東経）": 133.3669622, "曜日(発生年月日)": 5, "祝日(発生年月日)": 3, "認知機能検査経過日数（当事者A）": 9999, "認知機能検査経過日数（当事者B）": 0, "運転練習の方法（当事者A）": 1, "運転練習の方法（当事者B）": 0, "field_69": null }, "geometry": { "type": "Point", "coordinates": [ 133.366962199999989, 34.50849528 ] } },
{ "type": "Feature", "properties": { "資料区分": 1, "都道府県コード": 73, "警察署等コード": 121, "本票番号": 36, "事故内容": 2, "死者数": 0, "負傷者数": 1, "路線コード": 37210, "地点コード": 0, "市区町村コード": 207, "発生日時　　年": 2024, "発生日時　　月": 1, "発生日時　　日": 3, "発生日時　　時": 10, "発生日時　　分": 10, "昼夜": 12, "日の出時刻　　時": 7, "日の出時刻　　分": 16, "日の入り時刻　　時": 17, "日の入り時刻　　分": 12, "天候": 2, "地形": 1, "路面状態": 1, "道路形状": 1, "信号機": 1, "一時停止規制　標識（当事者A）": 9, "一時停止規制　表示（当事者A）": 22, "一時停止規制　標識（当事者B）": 0, "一時停止規制　表示（当事者B）": 0, "車道幅員": 18, "道路線形": 9, "衝突地点": 30, "ゾーン規制": 70, "中央分離帯施設等": 5, "歩車道区分": 2, "事故類型": 1, "年齢（当事者A）": 65, "年齢（当事者B）": 65, "当事者種別（当事者A）": 4, "当事者種別（当事者B）": 61, "用途別（当事者A）": 31, "用途別（当事者B）": 0, "車両形状等（当事者A）": 1, "車両形状等（当事者B）": 0, "オートマチック車（当事者A）": 1, "オートマチック車（当事者B）": 0, "サポカー（当事者A）": 11, "サポカー（当事者B）": 0, "速度規制（指定のみ）（当事者A）": 4, "速度規制（指定のみ）（当事者B）": 0, "車両の衝突部位（当事者A）": 10, "車両の衝突部位（当事者B）": 0, "車両の損壊程度（当事者A）": 3, "車両の損壊程度（当事者B）": 0, "エアバッグの装備（当事者A）": 2, "エアバッグの装備（当事者B）": 0, "サイドエアバッグの装備（当事者A）": 2, "サイドエアバッグの装備（当事者B）": 0, "人身損傷程度（当事者A）": 4, "人身損傷程度（当事者B）": 2, "地点　緯度（北緯）": 34.49220861, "地点　経度（東経）": 133.4394864, "曜日(発生年月日)": 4, "祝日(発生年月日)": 3, "認知機能検査経過日数（当事者A）": 9999, "認知機能検査経過日数（当事者B）": 0, "運転練習の方法（当事者A）": 9, "運転練習の方法（当事者B）": 0, "field_69": null }, "geometry": { "type": "Point", "coordinates": [ 133.4394864, 34.49220861 ] } },
{ "type": "Feature", "properties": { "資料区分": 1, "都道府県コード": 73, "警察署等コード": 121, "本票番号": 39, "事故内容": 2, "死者数": 0, "負傷者数": 1, "路線コード": 37210, "地点コード": 0, "市区町村コード": 207, "発生日時　　年": 2023, "発生日時　　月": 11, "発生日時　　日": 1, "発生日時　　時": 9, "発生日時　　分": 35, "昼夜": 12, "日の出時刻　　時": 6, "日の出時刻　　分": 30, "日の入り時刻　　時": 17, "日の入り時刻　　分": 17, "天候": 1, "地形": 1, "路面状態": 1, "道路形状": 14, "信号機": 7, "一時停止規制　標識（当事者A）": 0, "一時停止規制　表示（当事者A）": 0, "一時停止規制　標識（当事者B）": 0, "一時停止規制　表示（当事者B）": 0, "車道幅員": 1, "道路線形": 9, "衝突地点": 1, "ゾーン規制": 70, "中央分離帯施設等": 5, "歩車道区分": 4, "事故類型": 1, "年齢（当事者A）": 75, "年齢（当事者B）": 65, "当事者種別（当事者A）": 51, "当事者種別（当事者B）": 61, "用途別（当事者A）": 41, "用途別（当事者B）": 0, "車両形状等（当事者A）": 0, "車両形状等（当事者B）": 0, "オートマチック車（当事者A）": 0, "オートマチック車（当事者B）": 0, "サポカー（当事者A）": 0, "サポカー（当事者B）": 0, "速度規制（指定のみ）（当事者A）": 0, "速度規制（指定のみ）（当事者B）": 0, "車両の衝突部位（当事者A）": 10, "車両の衝突部位（当事者B）": 0, "車両の損壊程度（当事者A）": 3, "車両の損壊程度（当事者B）": 0, "エアバッグの装備（当事者A）": 0, "エアバッグの装備（当事者B）": 0, "サイドエアバッグの装備（当事者A）": 0, "サイドエアバッグの装備（当事者B）": 0, "人身損傷程度（当事者A）": 4, "人身損傷程度（当事者B）": 2, "地点　緯度（北緯）": 34.49587778, "地点　経度（東経）": 133.3648472, "曜日(発生年月日)": 4, "祝日(発生年月日)": 3, "認知機能検査経過日数（当事者A）": 0, "認知機能検査経過日数（当事者B）": 0, "運転練習の方法（当事者A）": 0, "運転練習の方法（当事者B）": 0, "field_69": null }, "geometry": { "type": "Point", "coordinates": [ 133.364847200000014, 34.49587778 ] } },
{ "type": "Feature", "properties": { "資料区分": 1, "都道府県コード": 73, "警察署等コード": 122, "本票番号": 2, "事故内容": 2, "死者数": 0, "負傷者数": 1, "路線コード": 4860, "地点コード": 0, "市区町村コード": 208, "発生日時　　年": 2023, "発生日時　　月": 12, "発生日時　　日": 19, "発生日時　　時": 6, "発生日時　　分": 35, "昼夜": 23, "日の出時刻　　時": 7, "日の出時刻　　分": 11, "日の入り時刻　　時": 17, "日の入り時刻　　分": 3, "天候": 2, "地形": 1, "路面状態": 1, "道路形状": 1, "信号機": 1, "一時停止規制　標識（当事者A）": 9, "一時停止規制　表示（当事者A）": 22, "一時停止規制　標識（当事者B）": 0, "一時停止規制　表示（当事者B）": 0, "車道幅員": 15, "道路線形": 8, "衝突地点": 30, "ゾーン規制": 70, "中央分離帯施設等": 4, "歩車道区分": 2, "事故類型": 1, "年齢（当事者A）": 55, "年齢（当事者B）": 1, "当事者種別（当事者A）": 4, "当事者種別（当事者B）": 61, "用途別（当事者A）": 31, "用途別（当事者B）": 0, "車両形状等（当事者A）": 1, "車両形状等（当事者B）": 0, "オートマチック車（当事者A）": 1, "オートマチック車（当事者B）": 0, "サポカー（当事者A）": 11, "サポカー（当事者B）": 0, "速度規制（指定のみ）（当事者A）": 10, "速度規制（指定のみ）（当事者B）": 0, "車両の衝突部位（当事者A）": 10, "車両の衝突部位（当事者B）": 0, "車両の損壊程度（当事者A）": 3, "車両の損壊程度（当事者B）": 0, "エアバッグの装備（当事者A）": 2, "エアバッグの装備（当事者B）": 0, "サイドエアバッグの装備（当事者A）": 2, "サイドエアバッグの装備（当事者B）": 0, "人身損傷程度（当事者A）": 4, "人身損傷程度（当事者B）": 2, "地点　緯度（北緯）": 34.56530306, "地点　経度（東経）": 133.2431742, "曜日(発生年月日)": 3, "祝日(発生年月日)": 3, "認知機能検査経過日数（当事者A）": 9999, "認知機能検査経過日数（当事者B）": 0, "運転練習の方法（当事者A）": 9, "運転練習の方法（当事者B）": 0, "field_69": null }, "geometry": { "type": "Point", "coordinates": [ 133.2431742, 34.56530306 ] } },
{ "type": "Feature", "properties": { "資料区分": 1, "都道府県コード": 73, "警察署等コード": 123, "本票番号": 1, "事故内容": 2, "死者数": 0, "負傷者数": 1, "路線コード": 3140, "地点コード": 0, "市区町村コード": 210, "発生日時　　年": 2023, "発生日時　　月": 12, "発生日時　　日": 12, "発生日時　　時": 17, "発生日時　　分": 46, "昼夜": 21, "日の出時刻　　時": 7, "日の出時刻　　分": 7, "日の入り時刻　　時": 17, "日の入り時刻　　分": 1, "天候": 1, "地形": 3, "路面状態": 1, "道路形状": 14, "信号機": 7, "一時停止規制　標識（当事者A）": 0, "一時停止規制　表示（当事者A）": 0, "一時停止規制　標識（当事者B）": 0, "一時停止規制　表示（当事者B）": 0, "車道幅員": 3, "道路線形": 9, "衝突地点": 1, "ゾーン規制": 70, "中央分離帯施設等": 4, "歩車道区分": 2, "事故類型": 1, "年齢（当事者A）": 1, "年齢（当事者B）": 0, "当事者種別（当事者A）": 61, "当事者種別（当事者B）": 0, "用途別（当事者A）": 0, "用途別（当事者B）": 0, "車両形状等（当事者A）": 0, "車両形状等（当事者B）": 0, "オートマチック車（当事者A）": 0, "オートマチック車（当事者B）": 0, "サポカー（当事者A）": 0, "サポカー（当事者B）": 0, "速度規制（指定のみ）（当事者A）": 0, "速度規制（指定のみ）（当事者B）": 0, "車両の衝突部位（当事者A）": 0, "車両の衝突部位（当事者B）": 0, "車両の損壊程度（当事者A）": 0, "車両の損壊程度（当事者B）": 0, "エアバッグの装備（当事者A）": 0, "エアバッグの装備（当事者B）": 0, "サイドエアバッグの装備（当事者A）": 0, "サイドエアバッグの装備（当事者B）": 0, "人身損傷程度（当事者A）": 2, "人身損傷程度（当事者B）": 0, "地点　緯度（北緯）": 34.89895583, "地点　経度（東経）": 133.2701661, "曜日(発生年月日)": 3, "祝日(発生年月日)": 3, "認知機能検査経過日数（当事者A）": 0, "認知機能検査経過日数（当事者B）": 0, "運転練習の方法（当事者A）": 0, "運転練習の方法（当事者B）": 0, "field_69": null }, "geometry": { "type": "Point", "coordinates": [ 133.270166100000012, 34.89895583 ] } },
{ "type": "Feature", "properties": { "資料区分": 1, "都道府県コード": 73, "警察署等コード": 126, "本票番号": 1, "事故内容": 2, "死者数": 0, "負傷者数": 1, "路線コード": 1830, "地点コード": 0, "市区町村コード": 105, "発生日時　　年": 2023, "発生日時　　月": 12, "発生日時　　日": 2, "発生日時　　時": 5, "発生日時　　分": 25, "昼夜": 22, "日の出時刻　　時": 6, "日の出時刻　　分": 59, "日の入り時刻　　時": 17, "日の入り時刻　　分": 0, "天候": 1, "地形": 1, "路面状態": 1, "道路形状": 1, "信号機": 1, "一時停止規制　標識（当事者A）": 9, "一時停止規制　表示（当事者A）": 22, "一時停止規制　標識（当事者B）": 0, "一時停止規制　表示（当事者B）": 0, "車道幅員": 19, "道路線形": 9, "衝突地点": 30, "ゾーン規制": 70, "中央分離帯施設等": 5, "歩車道区分": 2, "事故類型": 1, "年齢（当事者A）": 25, "年齢（当事者B）": 45, "当事者種別（当事者A）": 4, "当事者種別（当事者B）": 61, "用途別（当事者A）": 31, "用途別（当事者B）": 0, "車両形状等（当事者A）": 1, "車両形状等（当事者B）": 0, "オートマチック車（当事者A）": 1, "オートマチック車（当事者B）": 0, "サポカー（当事者A）": 11, "サポカー（当事者B）": 0, "速度規制（指定のみ）（当事者A）": 4, "速度規制（指定のみ）（当事者B）": 0, "車両の衝突部位（当事者A）": 80, "車両の衝突部位（当事者B）": 0, "車両の損壊程度（当事者A）": 3, "車両の損壊程度（当事者B）": 0, "エアバッグの装備（当事者A）": 2, "エアバッグの装備（当事者B）": 0, "サイドエアバッグの装備（当事者A）": 2, "サイドエアバッグの装備（当事者B）": 0, "人身損傷程度（当事者A）": 4, "人身損傷程度（当事者B）": 2, "地点　緯度（北緯）": 34.45831889, "地点　経度（東経）": 132.4743386, "曜日(発生年月日)": 7, "祝日(発生年月日)": 3, "認知機能検査経過日数（当事者A）": 9999, "認知機能検査経過日数（当事者B）": 0, "運転練習の方法（当事者A）": 1, "運転練習の方法（当事者B）": 0, "field_69": null }, "geometry": { "type": "Point", "coordinates": [ 132.47433860000001, 34.45831889 ] } },
{ "type": "Feature", "properties": { "資料区分": 1, "都道府県コード": 73, "警察署等コード": 126, "本票番号": 5, "事故内容": 2, "死者数": 0, "負傷者数": 1, "路線コード": 37260, "地点コード": 0, "市区町村コード": 105, "発生日時　　年": 2023, "発生日時　　月": 12, "発生日時　　日": 15, "発生日時　　時": 22, "発生日時　　分": 14, "昼夜": 22, "日の出時刻　　時": 7, "日の出時刻　　分": 9, "日の入り時刻　　時": 17, "日の入り時刻　　分": 2, "天候": 3, "地形": 1, "路面状態": 2, "道路形状": 14, "信号機": 7, "一時停止規制　標識（当事者A）": 0, "一時停止規制　表示（当事者A）": 0, "一時停止規制　標識（当事者B）": 0, "一時停止規制　表示（当事者B）": 0, "車道幅員": 2, "道路線形": 9, "衝突地点": 1, "ゾーン規制": 70, "中央分離帯施設等": 5, "歩車道区分": 4, "事故類型": 1, "年齢（当事者A）": 1, "年齢（当事者B）": 45, "当事者種別（当事者A）": 34, "当事者種別（当事者B）": 61, "用途別（当事者A）": 31, "用途別（当事者B）": 0, "車両形状等（当事者A）": 0, "車両形状等（当事者B）": 0, "オートマチック車（当事者A）": 0, "オートマチック車（当事者B）": 0, "サポカー（当事者A）": 11, "サポカー（当事者B）": 0, "速度規制（指定のみ）（当事者A）": 10, "速度規制（指定のみ）（当事者B）": 0, "車両の衝突部位（当事者A）": 40, "車両の衝突部位（当事者B）": 0, "車両の損壊程度（当事者A）": 3, "車両の損壊程度（当事者B）": 0, "エアバッグの装備（当事者A）": 0, "エアバッグの装備（当事者B）": 0, "サイドエアバッグの装備（当事者A）": 0, "サイドエアバッグの装備（当事者B）": 0, "人身損傷程度（当事者A）": 4, "人身損傷程度（当事者B）": 2, "地点　緯度（北緯）": 34.43884556, "地点　経度（東経）": 132.4528783, "曜日(発生年月日)": 6, "祝日(発生年月日)": 3, "認知機能検査経過日数（当事者A）": 9999, "認知機能検査経過日数（当事者B）": 0, "運転練習の方法（当事者A）": 1, "運転練習の方法（当事者B）": 0, "field_69": null }, "geometry": { "type": "Point", "coordinates": [ 132.4528783, 34.43884556 ] } },
{ "type": "Feature", "properties": { "資料区分": 1, "都道府県コード": 73, "警察署等コード": 126, "本票番号": 21, "事故内容": 2, "死者数": 0, "負傷者数": 1, "路線コード": 37260, "地点コード": 0, "市区町村コード": 105, "発生日時　　年": 2023, "発生日時　　月": 12, "発生日時　　日": 12, "発生日時　　時": 21, "発生日時　　分": 18, "昼夜": 22, "日の出時刻　　時": 7, "日の出時刻　　分": 7, "日の入り時刻　　時": 17, "日の入り時刻　　分": 1, "天候": 1, "地形": 1, "路面状態": 1, "道路形状": 1, "信号機": 7, "一時停止規制　標識（当事者A）": 9, "一時停止規制　表示（当事者A）": 22, "一時停止規制　標識（当事者B）": 0, "一時停止規制　表示（当事者B）": 0, "車道幅員": 15, "道路線形": 9, "衝突地点": 30, "ゾーン規制": 70, "中央分離帯施設等": 5, "歩車道区分": 2, "事故類型": 1, "年齢（当事者A）": 65, "年齢（当事者B）": 55, "当事者種別（当事者A）": 4, "当事者種別（当事者B）": 61, "用途別（当事者A）": 31, "用途別（当事者B）": 0, "車両形状等（当事者A）": 1, "車両形状等（当事者B）": 0, "オートマチック車（当事者A）": 1, "オートマチック車（当事者B）": 0, "サポカー（当事者A）": 11, "サポカー（当事者B）": 0, "速度規制（指定のみ）（当事者A）": 3, "速度規制（指定のみ）（当事者B）": 0, "車両の衝突部位（当事者A）": 80, "車両の衝突部位（当事者B）": 0, "車両の損壊程度（当事者A）": 3, "車両の損壊程度（当事者B）": 0, "エアバッグの装備（当事者A）": 2, "エアバッグの装備（当事者B）": 0, "サイドエアバッグの装備（当事者A）": 2, "サイドエアバッグの装備（当事者B）": 0, "人身損傷程度（当事者A）": 4, "人身損傷程度（当事者B）": 2, "地点　緯度（北緯）": 34.43912611, "地点　経度（東経）": 132.4601125, "曜日(発生年月日)": 3, "祝日(発生年月日)": 3, "認知機能検査経過日数（当事者A）": 9999, "認知機能検査経過日数（当事者B）": 0, "運転練習の方法（当事者A）": 9, "運転練習の方法（当事者B）": 0, "field_69": null }, "geometry": { "type": "Point", "coordinates": [ 132.4601125, 34.43912611 ] } },
{ "type": "Feature", "properties": { "資料区分": 1, "都道府県コード": 73, "警察署等コード": 126, "本票番号": 32, "事故内容": 2, "死者数": 0, "負傷者数": 1, "路線コード": 37260, "地点コード": 0, "市区町村コード": 105, "発生日時　　年": 2024, "発生日時　　月": 1, "発生日時　　日": 14, "発生日時　　時": 20, "発生日時　　分": 0, "昼夜": 22, "日の出時刻　　時": 7, "日の出時刻　　分": 16, "日の入り時刻　　時": 17, "日の入り時刻　　分": 21, "天候": 1, "地形": 1, "路面状態": 1, "道路形状": 21, "信号機": 7, "一時停止規制　標識（当事者A）": 0, "一時停止規制　表示（当事者A）": 0, "一時停止規制　標識（当事者B）": 0, "一時停止規制　表示（当事者B）": 0, "車道幅員": 1, "道路線形": 9, "衝突地点": 20, "ゾーン規制": 70, "中央分離帯施設等": 5, "歩車道区分": 4, "事故類型": 1, "年齢（当事者A）": 25, "年齢（当事者B）": 1, "当事者種別（当事者A）": 3, "当事者種別（当事者B）": 61, "用途別（当事者A）": 31, "用途別（当事者B）": 0, "車両形状等（当事者A）": 1, "車両形状等（当事者B）": 0, "オートマチック車（当事者A）": 1, "オートマチック車（当事者B）": 0, "サポカー（当事者A）": 11, "サポカー（当事者B）": 0, "速度規制（指定のみ）（当事者A）": 10, "速度規制（指定のみ）（当事者B）": 0, "車両の衝突部位（当事者A）": 20, "車両の衝突部位（当事者B）": 0, "車両の損壊程度（当事者A）": 3, "車両の損壊程度（当事者B）": 0, "エアバッグの装備（当事者A）": 2, "エアバッグの装備（当事者B）": 0, "サイドエアバッグの装備（当事者A）": 2, "サイドエアバッグの装備（当事者B）": 0, "人身損傷程度（当事者A）": 4, "人身損傷程度（当事者B）": 2, "地点　緯度（北緯）": 34.49013694, "地点　経度（東経）": 132.5060675, "曜日(発生年月日)": 1, "祝日(発生年月日)": 3, "認知機能検査経過日数（当事者A）": 9999, "認知機能検査経過日数（当事者B）": 0, "運転練習の方法（当事者A）": 1, "運転練習の方法（当事者B）": 0, "field_69": null }, "geometry": { "type": "Point", "coordinates": [ 132.5060675, 34.49013694 ] } },
{ "type": "Feature", "properties": { "資料区分": 1, "都道府県コード": 73, "警察署等コード": 127, "本票番号": 6, "事故内容": 2, "死者数": 0, "負傷者数": 1, "路線コード": 37270, "地点コード": 0, "市区町村コード": 104, "発生日時　　年": 2023, "発生日時　　月": 11, "発生日時　　日": 29, "発生日時　　時": 19, "発生日時　　分": 29, "昼夜": 22, "日の出時刻　　時": 6, "日の出時刻　　分": 56, "日の入り時刻　　時": 17, "日の入り時刻　　分": 0, "天候": 2, "地形": 1, "路面状態": 1, "道路形状": 14, "信号機": 7, "一時停止規制　標識（当事者A）": 0, "一時停止規制　表示（当事者A）": 0, "一時停止規制　標識（当事者B）": 0, "一時停止規制　表示（当事者B）": 0, "車道幅員": 1, "道路線形": 9, "衝突地点": 1, "ゾーン規制": 70, "中央分離帯施設等": 5, "歩車道区分": 4, "事故類型": 1, "年齢（当事者A）": 25, "年齢（当事者B）": 55, "当事者種別（当事者A）": 4, "当事者種別（当事者B）": 61, "用途別（当事者A）": 31, "用途別（当事者B）": 0, "車両形状等（当事者A）": 1, "車両形状等（当事者B）": 0, "オートマチック車（当事者A）": 1, "オートマチック車（当事者B）": 0, "サポカー（当事者A）": 11, "サポカー（当事者B）": 0, "速度規制（指定のみ）（当事者A）": 10, "速度規制（指定のみ）（当事者B）": 0, "車両の衝突部位（当事者A）": 50, "車両の衝突部位（当事者B）": 0, "車両の損壊程度（当事者A）": 3, "車両の損壊程度（当事者B）": 0, "エアバッグの装備（当事者A）": 2, "エアバッグの装備（当事者B）": 0, "サイドエアバッグの装備（当事者A）": 2, "サイドエアバッグの装備（当事者B）": 0, "人身損傷程度（当事者A）": 4, "人身損傷程度（当事者B）": 2, "地点　緯度（北緯）": 34.38810389, "地点　経度（東経）": 132.4175889, "曜日(発生年月日)": 4, "祝日(発生年月日)": 3, "認知機能検査経過日数（当事者A）": 9999, "認知機能検査経過日数（当事者B）": 0, "運転練習の方法（当事者A）": 1, "運転練習の方法（当事者B）": 0, "field_69": null }, "geometry": { "type": "Point", "coordinates": [ 132.4175889, 34.38810389 ] } },
{ "type": "Feature", "properties": { "資料区分": 1, "都道府県コード": 73, "警察署等コード": 127, "本票番号": 8, "事故内容": 2, "死者数": 0, "負傷者数": 1, "路線コード": 37270, "地点コード": 0, "市区町村コード": 104, "発生日時　　年": 2023, "発生日時　　月": 12, "発生日時　　日": 27, "発生日時　　時": 6, "発生日時　　分": 35, "昼夜": 23, "日の出時刻　　時": 7, "日の出時刻　　分": 15, "日の入り時刻　　時": 17, "日の入り時刻　　分": 8, "天候": 2, "地形": 1, "路面状態": 1, "道路形状": 7, "信号機": 7, "一時停止規制　標識（当事者A）": 0, "一時停止規制　表示（当事者A）": 0, "一時停止規制　標識（当事者B）": 0, "一時停止規制　表示（当事者B）": 0, "車道幅員": 3, "道路線形": 9, "衝突地点": 1, "ゾーン規制": 70, "中央分離帯施設等": 5, "歩車道区分": 2, "事故類型": 1, "年齢（当事者A）": 45, "年齢（当事者B）": 35, "当事者種別（当事者A）": 4, "当事者種別（当事者B）": 61, "用途別（当事者A）": 31, "用途別（当事者B）": 0, "車両形状等（当事者A）": 1, "車両形状等（当事者B）": 0, "オートマチック車（当事者A）": 1, "オートマチック車（当事者B）": 0, "サポカー（当事者A）": 11, "サポカー（当事者B）": 0, "速度規制（指定のみ）（当事者A）": 4, "速度規制（指定のみ）（当事者B）": 0, "車両の衝突部位（当事者A）": 80, "車両の衝突部位（当事者B）": 0, "車両の損壊程度（当事者A）": 3, "車両の損壊程度（当事者B）": 0, "エアバッグの装備（当事者A）": 2, "エアバッグの装備（当事者B）": 0, "サイドエアバッグの装備（当事者A）": 2, "サイドエアバッグの装備（当事者B）": 0, "人身損傷程度（当事者A）": 4, "人身損傷程度（当事者B）": 2, "地点　緯度（北緯）": 34.37252583, "地点　経度（東経）": 132.4013619, "曜日(発生年月日)": 4, "祝日(発生年月日)": 3, "認知機能検査経過日数（当事者A）": 9999, "認知機能検査経過日数（当事者B）": 0, "運転練習の方法（当事者A）": 1, "運転練習の方法（当事者B）": 0, "field_69": null }, "geometry": { "type": "Point", "coordinates": [ 132.401361900000012, 34.37252583 ] } },
{ "type": "Feature", "properties": { "資料区分": 1, "都道府県コード": 73, "警察署等コード": 128, "本票番号": 9, "事故内容": 1, "死者数": 1, "負傷者数": 0, "路線コード": 4860, "地点コード": 0, "市区町村コード": 207, "発生日時　　年": 2024, "発生日時　　月": 1, "発生日時　　日": 15, "発生日時　　時": 5, "発生日時　　分": 50, "昼夜": 22, "日の出時刻　　時": 7, "日の出時刻　　分": 16, "日の入り時刻　　時": 17, "日の入り時刻　　分": 22, "天候": 2, "地形": 3, "路面状態": 2, "道路形状": 1, "信号機": 1, "一時停止規制　標識（当事者A）": 9, "一時停止規制　表示（当事者A）": 22, "一時停止規制　標識（当事者B）": 0, "一時停止規制　表示（当事者B）": 0, "車道幅員": 18, "道路線形": 9, "衝突地点": 30, "ゾーン規制": 70, "中央分離帯施設等": 5, "歩車道区分": 2, "事故類型": 1, "年齢（当事者A）": 45, "年齢（当事者B）": 75, "当事者種別（当事者A）": 11, "当事者種別（当事者B）": 61, "用途別（当事者A）": 1, "用途別（当事者B）": 0, "車両形状等（当事者A）": 11, "車両形状等（当事者B）": 0, "オートマチック車（当事者A）": 2, "オートマチック車（当事者B）": 0, "サポカー（当事者A）": 11, "サポカー（当事者B）": 0, "速度規制（指定のみ）（当事者A）": 4, "速度規制（指定のみ）（当事者B）": 0, "車両の衝突部位（当事者A）": 10, "車両の衝突部位（当事者B）": 0, "車両の損壊程度（当事者A）": 2, "車両の損壊程度（当事者B）": 0, "エアバッグの装備（当事者A）": 2, "エアバッグの装備（当事者B）": 0, "サイドエアバッグの装備（当事者A）": 2, "サイドエアバッグの装備（当事者B）": 0, "人身損傷程度（当事者A）": 4, "人身損傷程度（当事者B）": 1, "地点　緯度（北緯）": 34.54703806, "地点　経度（東経）": 133.3524117, "曜日(発生年月日)": 2, "祝日(発生年月日)": 3, "認知機能検査経過日数（当事者A）": 9999, "認知機能検査経過日数（当事者B）": 0, "運転練習の方法（当事者A）": 1, "運転練習の方法（当事者B）": 0, "field_69": null }, "geometry": { "type": "Point", "coordinates": [ 133.3524117, 34.54703806 ] } },
{ "type": "Feature", "properties": { "資料区分": 1, "都道府県コード": 73, "警察署等コード": 128, "本票番号": 16, "事故内容": 2, "死者数": 0, "負傷者数": 1, "路線コード": 99000, "地点コード": 0, "市区町村コード": 207, "発生日時　　年": 2024, "発生日時　　月": 1, "発生日時　　日": 20, "発生日時　　時": 17, "発生日時　　分": 43, "昼夜": 21, "日の出時刻　　時": 7, "日の出時刻　　分": 14, "日の入り時刻　　時": 17, "日の入り時刻　　分": 27, "天候": 3, "地形": 3, "路面状態": 2, "道路形状": 0, "信号機": 7, "一時停止規制　標識（当事者A）": 0, "一時停止規制　表示（当事者A）": 0, "一時停止規制　標識（当事者B）": 0, "一時停止規制　表示（当事者B）": 0, "車道幅員": 0, "道路線形": 0, "衝突地点": 20, "ゾーン規制": 70, "中央分離帯施設等": 0, "歩車道区分": 2, "事故類型": 1, "年齢（当事者A）": 45, "年齢（当事者B）": 55, "当事者種別（当事者A）": 3, "当事者種別（当事者B）": 61, "用途別（当事者A）": 31, "用途別（当事者B）": 0, "車両形状等（当事者A）": 1, "車両形状等（当事者B）": 0, "オートマチック車（当事者A）": 1, "オートマチック車（当事者B）": 0, "サポカー（当事者A）": 11, "サポカー（当事者B）": 0, "速度規制（指定のみ）（当事者A）": 10, "速度規制（指定のみ）（当事者B）": 0, "車両の衝突部位（当事者A）": 50, "車両の衝突部位（当事者B）": 0, "車両の損壊程度（当事者A）": 3, "車両の損壊程度（当事者B）": 0, "エアバッグの装備（当事者A）": 2, "エアバッグの装備（当事者B）": 0, "サイドエアバッグの装備（当事者A）": 2, "サイドエアバッグの装備（当事者B）": 0, "人身損傷程度（当事者A）": 4, "人身損傷程度（当事者B）": 2, "地点　緯度（北緯）": 34.54265083, "地点　経度（東経）": 133.3637283, "曜日(発生年月日)": 7, "祝日(発生年月日)": 3, "認知機能検査経過日数（当事者A）": 9999, "認知機能検査経過日数（当事者B）": 0, "運転練習の方法（当事者A）": 9, "運転練習の方法（当事者B）": 0, "field_69": null }, "geometry": { "type": "Point", "coordinates": [ 133.3637283, 34.54265083 ] } },
{ "type": "Feature", "properties": { "資料区分": 1, "都道府県コード": 73, "警察署等コード": 129, "本票番号": 5, "事故内容": 2, "死者数": 0, "負傷者数": 1, "路線コード": 37290, "地点コード": 0, "市区町村コード": 108, "発生日時　　年": 2023, "発生日時　　月": 12, "発生日時　　日": 13, "発生日時　　時": 17, "発生日時　　分": 34, "昼夜": 21, "日の出時刻　　時": 7, "日の出時刻　　分": 8, "日の入り時刻　　時": 17, "日の入り時刻　　分": 1, "天候": 1, "地形": 1, "路面状態": 1, "道路形状": 1, "信号機": 7, "一時停止規制　標識（当事者A）": 9, "一時停止規制　表示（当事者A）": 22, "一時停止規制　標識（当事者B）": 0, "一時停止規制　表示（当事者B）": 0, "車道幅員": 14, "道路線形": 9, "衝突地点": 30, "ゾーン規制": 70, "中央分離帯施設等": 4, "歩車道区分": 2, "事故類型": 1, "年齢（当事者A）": 35, "年齢（当事者B）": 75, "当事者種別（当事者A）": 3, "当事者種別（当事者B）": 61, "用途別（当事者A）": 31, "用途別（当事者B）": 0, "車両形状等（当事者A）": 1, "車両形状等（当事者B）": 0, "オートマチック車（当事者A）": 1, "オートマチック車（当事者B）": 0, "サポカー（当事者A）": 11, "サポカー（当事者B）": 0, "速度規制（指定のみ）（当事者A）": 2, "速度規制（指定のみ）（当事者B）": 0, "車両の衝突部位（当事者A）": 50, "車両の衝突部位（当事者B）": 0, "車両の損壊程度（当事者A）": 4, "車両の損壊程度（当事者B）": 0, "エアバッグの装備（当事者A）": 2, "エアバッグの装備（当事者B）": 0, "サイドエアバッグの装備（当事者A）": 2, "サイドエアバッグの装備（当事者B）": 0, "人身損傷程度（当事者A）": 4, "人身損傷程度（当事者B）": 2, "地点　緯度（北緯）": 34.37033306, "地点　経度（東経）": 132.3594044, "曜日(発生年月日)": 4, "祝日(発生年月日)": 3, "認知機能検査経過日数（当事者A）": 9999, "認知機能検査経過日数（当事者B）": 0, "運転練習の方法（当事者A）": 5, "運転練習の方法（当事者B）": 0, "field_69": null }, "geometry": { "type": "Point", "coordinates": [ 132.359404399999988, 34.37033306 ] } },
{ "type": "Feature", "properties": { "資料区分": 1, "都道府県コード": 73, "警察署等コード": 101, "本票番号": 14, "事故内容": 2, "死者数": 0, "負傷者数": 1, "路線コード": 99000, "地点コード": 0, "市区町村コード": 102, "発生日時　　年": 2023, "発生日時　　月": 12, "発生日時　　日": 27, "発生日時　　時": 14, "発生日時　　分": 20, "昼夜": 12, "日の出時刻　　時": 7, "日の出時刻　　分": 15, "日の入り時刻　　時": 17, "日の入り時刻　　分": 8, "天候": 1, "地形": 1, "路面状態": 1, "道路形状": 0, "信号機": 7, "一時停止規制　標識（当事者A）": 0, "一時停止規制　表示（当事者A）": 0, "一時停止規制　標識（当事者B）": 0, "一時停止規制　表示（当事者B）": 0, "車道幅員": 0, "道路線形": 0, "衝突地点": 20, "ゾーン規制": 70, "中央分離帯施設等": 0, "歩車道区分": 4, "事故類型": 1, "年齢（当事者A）": 75, "年齢（当事者B）": 55, "当事者種別（当事者A）": 4, "当事者種別（当事者B）": 61, "用途別（当事者A）": 31, "用途別（当事者B）": 0, "車両形状等（当事者A）": 1, "車両形状等（当事者B）": 0, "オートマチック車（当事者A）": 1, "オートマチック車（当事者B）": 0, "サポカー（当事者A）": 11, "サポカー（当事者B）": 0, "速度規制（指定のみ）（当事者A）": 10, "速度規制（指定のみ）（当事者B）": 0, "車両の衝突部位（当事者A）": 10, "車両の衝突部位（当事者B）": 0, "車両の損壊程度（当事者A）": 4, "車両の損壊程度（当事者B）": 0, "エアバッグの装備（当事者A）": 2, "エアバッグの装備（当事者B）": 0, "サイドエアバッグの装備（当事者A）": 2, "サイドエアバッグの装備（当事者B）": 0, "人身損傷程度（当事者A）": 4, "人身損傷程度（当事者B）": 2, "地点　緯度（北緯）": 34.43572139, "地点　経度（東経）": 132.4860811, "曜日(発生年月日)": 4, "祝日(発生年月日)": 3, "認知機能検査経過日数（当事者A）": 427, "認知機能検査経過日数（当事者B）": 0, "運転練習の方法（当事者A）": 9, "運転練習の方法（当事者B）": 0, "field_69": null }, "geometry": { "type": "Point", "coordinates": [ 132.4860811, 34.43572139 ] } },
{ "type": "Feature", "properties": { "資料区分": 1, "都道府県コード": 73, "警察署等コード": 101, "本票番号": 26, "事故内容": 2, "死者数": 0, "負傷者数": 1, "路線コード": 37010, "地点コード": 0, "市区町村コード": 102, "発生日時　　年": 2024, "発生日時　　月": 1, "発生日時　　日": 31, "発生日時　　時": 18, "発生日時　　分": 35, "昼夜": 21, "日の出時刻　　時": 7, "日の出時刻　　分": 8, "日の入り時刻　　時": 17, "日の入り時刻　　分": 38, "天候": 3, "地形": 1, "路面状態": 2, "道路形状": 1, "信号機": 7, "一時停止規制　標識（当事者A）": 9, "一時停止規制　表示（当事者A）": 22, "一時停止規制　標識（当事者B）": 0, "一時停止規制　表示（当事者B）": 0, "車道幅員": 15, "道路線形": 9, "衝突地点": 30, "ゾーン規制": 1, "中央分離帯施設等": 4, "歩車道区分": 2, "事故類型": 1, "年齢（当事者A）": 55, "年齢（当事者B）": 65, "当事者種別（当事者A）": 3, "当事者種別（当事者B）": 61, "用途別（当事者A）": 31, "用途別（当事者B）": 0, "車両形状等（当事者A）": 1, "車両形状等（当事者B）": 0, "オートマチック車（当事者A）": 1, "オートマチック車（当事者B）": 0, "サポカー（当事者A）": 11, "サポカー（当事者B）": 0, "速度規制（指定のみ）（当事者A）": 2, "速度規制（指定のみ）（当事者B）": 0, "車両の衝突部位（当事者A）": 50, "車両の衝突部位（当事者B）": 0, "車両の損壊程度（当事者A）": 3, "車両の損壊程度（当事者B）": 0, "エアバッグの装備（当事者A）": 2, "エアバッグの装備（当事者B）": 0, "サイドエアバッグの装備（当事者A）": 2, "サイドエアバッグの装備（当事者B）": 0, "人身損傷程度（当事者A）": 4, "人身損傷程度（当事者B）": 2, "地点　緯度（北緯）": 34.40159972, "地点　経度（東経）": 132.4798775, "曜日(発生年月日)": 4, "祝日(発生年月日)": 3, "認知機能検査経過日数（当事者A）": 9999, "認知機能検査経過日数（当事者B）": 0, "運転練習の方法（当事者A）": 9, "運転練習の方法（当事者B）": 0, "field_69": null }, "geometry": { "type": "Point", "coordinates": [ 132.479877499999986, 34.40159972 ] } },
{ "type": "Feature", "properties": { "資料区分": 1, "都道府県コード": 73, "警察署等コード": 101, "本票番号": 27, "事故内容": 2, "死者数": 0, "負傷者数": 1, "路線コード": 37010, "地点コード": 0, "市区町村コード": 102, "発生日時　　年": 2024, "発生日時　　月": 1, "発生日時　　日": 11, "発生日時　　時": 19, "発生日時　　分": 5, "昼夜": 22, "日の出時刻　　時": 7, "日の出時刻　　分": 16, "日の入り時刻　　時": 17, "日の入り時刻　　分": 19, "天候": 1, "地形": 1, "路面状態": 1, "道路形状": 14, "信号機": 7, "一時停止規制　標識（当事者A）": 0, "一時停止規制　表示（当事者A）": 0, "一時停止規制　標識（当事者B）": 0, "一時停止規制　表示（当事者B）": 0, "車道幅員": 2, "道路線形": 9, "衝突地点": 1, "ゾーン規制": 70, "中央分離帯施設等": 5, "歩車道区分": 4, "事故類型": 1, "年齢（当事者A）": 45, "年齢（当事者B）": 55, "当事者種別（当事者A）": 4, "当事者種別（当事者B）": 61, "用途別（当事者A）": 31, "用途別（当事者B）": 0, "車両形状等（当事者A）": 1, "車両形状等（当事者B）": 0, "オートマチック車（当事者A）": 1, "オートマチック車（当事者B）": 0, "サポカー（当事者A）": 11, "サポカー（当事者B）": 0, "速度規制（指定のみ）（当事者A）": 10, "速度規制（指定のみ）（当事者B）": 0, "車両の衝突部位（当事者A）": 50, "車両の衝突部位（当事者B）": 0, "車両の損壊程度（当事者A）": 4, "車両の損壊程度（当事者B）": 0, "エアバッグの装備（当事者A）": 2, "エアバッグの装備（当事者B）": 0, "サイドエアバッグの装備（当事者A）": 2, "サイドエアバッグの装備（当事者B）": 0, "人身損傷程度（当事者A）": 4, "人身損傷程度（当事者B）": 2, "地点　緯度（北緯）": 34.41495611, "地点　経度（東経）": 132.4660342, "曜日(発生年月日)": 5, "祝日(発生年月日)": 3, "認知機能検査経過日数（当事者A）": 9999, "認知機能検査経過日数（当事者B）": 0, "運転練習の方法（当事者A）": 1, "運転練習の方法（当事者B）": 0, "field_69": null }, "geometry": { "type": "Point", "coordinates": [ 132.4660342, 34.41495611 ] } },
{ "type": "Feature", "properties": { "資料区分": 1, "都道府県コード": 73, "警察署等コード": 102, "本票番号": 41, "事故内容": 2, "死者数": 0, "負傷者数": 1, "路線コード": 540, "地点コード": 20, "市区町村コード": 101, "発生日時　　年": 2023, "発生日時　　月": 6, "発生日時　　日": 19, "発生日時　　時": 18, "発生日時　　分": 46, "昼夜": 13, "日の出時刻　　時": 4, "日の出時刻　　分": 58, "日の入り時刻　　時": 19, "日の入り時刻　　分": 25, "天候": 1, "地形": 1, "路面状態": 1, "道路形状": 14, "信号機": 7, "一時停止規制　標識（当事者A）": 0, "一時停止規制　表示（当事者A）": 0, "一時停止規制　標識（当事者B）": 0, "一時停止規制　表示（当事者B）": 0, "車道幅員": 3, "道路線形": 9, "衝突地点": 1, "ゾーン規制": 70, "中央分離帯施設等": 5, "歩車道区分": 2, "事故類型": 1, "年齢（当事者A）": 1, "年齢（当事者B）": 0, "当事者種別（当事者A）": 61, "当事者種別（当事者B）": 0, "用途別（当事者A）": 0, "用途別（当事者B）": 0, "車両形状等（当事者A）": 0, "車両形状等（当事者B）": 0, "オートマチック車（当事者A）": 0, "オートマチック車（当事者B）": 0, "サポカー（当事者A）": 0, "サポカー（当事者B）": 0, "速度規制（指定のみ）（当事者A）": 0, "速度規制（指定のみ）（当事者B）": 0, "車両の衝突部位（当事者A）": 0, "車両の衝突部位（当事者B）": 0, "車両の損壊程度（当事者A）": 0, "車両の損壊程度（当事者B）": 0, "エアバッグの装備（当事者A）": 0, "エアバッグの装備（当事者B）": 0, "サイドエアバッグの装備（当事者A）": 0, "サイドエアバッグの装備（当事者B）": 0, "人身損傷程度（当事者A）": 2, "人身損傷程度（当事者B）": 0, "地点　緯度（北緯）": 34.40706444, "地点　経度（東経）": 132.459455, "曜日(発生年月日)": 2, "祝日(発生年月日)": 3, "認知機能検査経過日数（当事者A）": 0, "認知機能検査経過日数（当事者B）": 0, "運転練習の方法（当事者A）": 0, "運転練習の方法（当事者B）": 0, "field_69": null }, "geometry": { "type": "Point", "coordinates": [ 132.459455, 34.40706444 ] } },
{ "type": "Feature", "properties": { "資料区分": 1, "都道府県コード": 73, "警察署等コード": 102, "本票番号": 42, "事故内容": 2, "死者数": 0, "負傷者数": 1, "路線コード": 99000, "地点コード": 0, "市区町村コード": 101, "発生日時　　年": 2023, "発生日時　　月": 12, "発生日時　　日": 30, "発生日時　　時": 13, "発生日時　　分": 0, "昼夜": 12, "日の出時刻　　時": 7, "日の出時刻　　分": 16, "日の入り時刻　　時": 17, "日の入り時刻　　分": 10, "天候": 2, "地形": 1, "路面状態": 1, "道路形状": 0, "信号機": 7, "一時停止規制　標識（当事者A）": 0, "一時停止規制　表示（当事者A）": 0, "一時停止規制　標識（当事者B）": 0, "一時停止規制　表示（当事者B）": 0, "車道幅員": 0, "道路線形": 0, "衝突地点": 20, "ゾーン規制": 70, "中央分離帯施設等": 0, "歩車道区分": 4, "事故類型": 1, "年齢（当事者A）": 55, "年齢（当事者B）": 75, "当事者種別（当事者A）": 3, "当事者種別（当事者B）": 61, "用途別（当事者A）": 31, "用途別（当事者B）": 0, "車両形状等（当事者A）": 1, "車両形状等（当事者B）": 0, "オートマチック車（当事者A）": 1, "オートマチック車（当事者B）": 0, "サポカー（当事者A）": 11, "サポカー（当事者B）": 0, "速度規制（指定のみ）（当事者A）": 10, "速度規制（指定のみ）（当事者B）": 0, "車両の衝突部位（当事者A）": 20, "車両の衝突部位（当事者B）": 0, "車両の損壊程度（当事者A）": 3, "車両の損壊程度（当事者B）": 0, "エアバッグの装備（当事者A）": 2, "エアバッグの装備（当事者B）": 0, "サイドエアバッグの装備（当事者A）": 2, "サイドエアバッグの装備（当事者B）": 0, "人身損傷程度（当事者A）": 4, "人身損傷程度（当事者B）": 2, "地点　緯度（北緯）": 34.39838278, "地点　経度（東経）": 132.4604919, "曜日(発生年月日)": 7, "祝日(発生年月日)": 3, "認知機能検査経過日数（当事者A）": 9999, "認知機能検査経過日数（当事者B）": 0, "運転練習の方法（当事者A）": 9, "運転練習の方法（当事者B）": 0, "field_69": null }, "geometry": { "type": "Point", "coordinates": [ 132.4604919, 34.39838278 ] } },
{ "type": "Feature", "properties": { "資料区分": 1, "都道府県コード": 73, "警察署等コード": 102, "本票番号": 47, "事故内容": 2, "死者数": 0, "負傷者数": 1, "路線コード": 1830, "地点コード": 0, "市区町村コード": 101, "発生日時　　年": 2024, "発生日時　　月": 1, "発生日時　　日": 12, "発生日時　　時": 19, "発生日時　　分": 41, "昼夜": 22, "日の出時刻　　時": 7, "日の出時刻　　分": 16, "日の入り時刻　　時": 17, "日の入り時刻　　分": 20, "天候": 1, "地形": 1, "路面状態": 1, "道路形状": 14, "信号機": 7, "一時停止規制　標識（当事者A）": 0, "一時停止規制　表示（当事者A）": 0, "一時停止規制　標識（当事者B）": 0, "一時停止規制　表示（当事者B）": 0, "車道幅員": 2, "道路線形": 8, "衝突地点": 1, "ゾーン規制": 70, "中央分離帯施設等": 5, "歩車道区分": 2, "事故類型": 1, "年齢（当事者A）": 45, "年齢（当事者B）": 1, "当事者種別（当事者A）": 51, "当事者種別（当事者B）": 61, "用途別（当事者A）": 41, "用途別（当事者B）": 0, "車両形状等（当事者A）": 0, "車両形状等（当事者B）": 0, "オートマチック車（当事者A）": 0, "オートマチック車（当事者B）": 0, "サポカー（当事者A）": 0, "サポカー（当事者B）": 0, "速度規制（指定のみ）（当事者A）": 0, "速度規制（指定のみ）（当事者B）": 0, "車両の衝突部位（当事者A）": 10, "車両の衝突部位（当事者B）": 0, "車両の損壊程度（当事者A）": 3, "車両の損壊程度（当事者B）": 0, "エアバッグの装備（当事者A）": 0, "エアバッグの装備（当事者B）": 0, "サイドエアバッグの装備（当事者A）": 0, "サイドエアバッグの装備（当事者B）": 0, "人身損傷程度（当事者A）": 4, "人身損傷程度（当事者B）": 2, "地点　緯度（北緯）": 34.39687167, "地点　経度（東経）": 132.4512419, "曜日(発生年月日)": 6, "祝日(発生年月日)": 3, "認知機能検査経過日数（当事者A）": 0, "認知機能検査経過日数（当事者B）": 0, "運転練習の方法（当事者A）": 0, "運転練習の方法（当事者B）": 0, "field_69": null }, "geometry": { "type": "Point", "coordinates": [ 132.451241900000014, 34.39687167 ] } },
{ "type": "Feature", "properties": { "資料区分": 1, "都道府県コード": 73, "警察署等コード": 102, "本票番号": 57, "事故内容": 2, "死者数": 0, "負傷者数": 1, "路線コード": 37020, "地点コード": 0, "市区町村コード": 101, "発生日時　　年": 2024, "発生日時　　月": 2, "発生日時　　日": 7, "発生日時　　時": 20, "発生日時　　分": 0, "昼夜": 22, "日の出時刻　　時": 7, "日の出時刻　　分": 3, "日の入り時刻　　時": 17, "日の入り時刻　　分": 45, "天候": 1, "地形": 1, "路面状態": 1, "道路形状": 1, "信号機": 7, "一時停止規制　標識（当事者A）": 9, "一時停止規制　表示（当事者A）": 22, "一時停止規制　標識（当事者B）": 0, "一時停止規制　表示（当事者B）": 0, "車道幅員": 15, "道路線形": 9, "衝突地点": 30, "ゾーン規制": 70, "中央分離帯施設等": 5, "歩車道区分": 4, "事故類型": 1, "年齢（当事者A）": 65, "年齢（当事者B）": 55, "当事者種別（当事者A）": 14, "当事者種別（当事者B）": 61, "用途別（当事者A）": 31, "用途別（当事者B）": 0, "車両形状等（当事者A）": 11, "車両形状等（当事者B）": 0, "オートマチック車（当事者A）": 1, "オートマチック車（当事者B）": 0, "サポカー（当事者A）": 11, "サポカー（当事者B）": 0, "速度規制（指定のみ）（当事者A）": 10, "速度規制（指定のみ）（当事者B）": 0, "車両の衝突部位（当事者A）": 80, "車両の衝突部位（当事者B）": 0, "車両の損壊程度（当事者A）": 3, "車両の損壊程度（当事者B）": 0, "エアバッグの装備（当事者A）": 2, "エアバッグの装備（当事者B）": 0, "サイドエアバッグの装備（当事者A）": 2, "サイドエアバッグの装備（当事者B）": 0, "人身損傷程度（当事者A）": 4, "人身損傷程度（当事者B）": 2, "地点　緯度（北緯）": 34.39126389, "地点　経度（東経）": 132.46325, "曜日(発生年月日)": 4, "祝日(発生年月日)": 3, "認知機能検査経過日数（当事者A）": 9999, "認知機能検査経過日数（当事者B）": 0, "運転練習の方法（当事者A）": 9, "運転練習の方法（当事者B）": 0, "field_69": null }, "geometry": { "type": "Point", "coordinates": [ 132.46325, 34.39126389 ] } },
{ "type": "Feature", "properties": { "資料区分": 1, "都道府県コード": 73, "警察署等コード": 102, "本票番号": 69, "事故内容": 2, "死者数": 0, "負傷者数": 1, "路線コード": 21640, "地点コード": 0, "市区町村コード": 101, "発生日時　　年": 2024, "発生日時　　月": 2, "発生日時　　日": 1, "発生日時　　時": 3, "発生日時　　分": 8, "昼夜": 22, "日の出時刻　　時": 7, "日の出時刻　　分": 7, "日の入り時刻　　時": 17, "日の入り時刻　　分": 39, "天候": 2, "地形": 1, "路面状態": 2, "道路形状": 1, "信号機": 1, "一時停止規制　標識（当事者A）": 9, "一時停止規制　表示（当事者A）": 22, "一時停止規制　標識（当事者B）": 0, "一時停止規制　表示（当事者B）": 0, "車道幅員": 18, "道路線形": 9, "衝突地点": 30, "ゾーン規制": 70, "中央分離帯施設等": 5, "歩車道区分": 2, "事故類型": 1, "年齢（当事者A）": 75, "年齢（当事者B）": 45, "当事者種別（当事者A）": 3, "当事者種別（当事者B）": 61, "用途別（当事者A）": 1, "用途別（当事者B）": 0, "車両形状等（当事者A）": 1, "車両形状等（当事者B）": 0, "オートマチック車（当事者A）": 1, "オートマチック車（当事者B）": 0, "サポカー（当事者A）": 11, "サポカー（当事者B）": 0, "速度規制（指定のみ）（当事者A）": 10, "速度規制（指定のみ）（当事者B）": 0, "車両の衝突部位（当事者A）": 10, "車両の衝突部位（当事者B）": 0, "車両の損壊程度（当事者A）": 4, "車両の損壊程度（当事者B）": 0, "エアバッグの装備（当事者A）": 2, "エアバッグの装備（当事者B）": 0, "サイドエアバッグの装備（当事者A）": 2, "サイドエアバッグの装備（当事者B）": 0, "人身損傷程度（当事者A）": 4, "人身損傷程度（当事者B）": 2, "地点　緯度（北緯）": 34.39333611, "地点　経度（東経）": 132.4662472, "曜日(発生年月日)": 5, "祝日(発生年月日)": 3, "認知機能検査経過日数（当事者A）": 743, "認知機能検査経過日数（当事者B）": 0, "運転練習の方法（当事者A）": 9, "運転練習の方法（当事者B）": 0, "field_69": null }, "geometry": { "type": "Point", "coordinates": [ 132.4662472, 34.39333611 ] } },
{ "type": "Feature", "properties": { "資料区分": 1, "都道府県コード": 73, "警察署等コード": 102, "本票番号": 72, "事故内容": 2, "死者数": 0, "負傷者数": 1, "路線コード": 37020, "地点コード": 0, "市区町村コード": 101, "発生日時　　年": 2024, "発生日時　　月": 1, "発生日時　　日": 6, "発生日時　　時": 15, "発生日時　　分": 43, "昼夜": 12, "日の出時刻　　時": 7, "日の出時刻　　分": 17, "日の入り時刻　　時": 17, "日の入り時刻　　分": 14, "天候": 1, "地形": 1, "路面状態": 1, "道路形状": 1, "信号機": 7, "一時停止規制　標識（当事者A）": 9, "一時停止規制　表示（当事者A）": 22, "一時停止規制　標識（当事者B）": 0, "一時停止規制　表示（当事者B）": 0, "車道幅員": 11, "道路線形": 9, "衝突地点": 30, "ゾーン規制": 70, "中央分離帯施設等": 5, "歩車道区分": 2, "事故類型": 1, "年齢（当事者A）": 35, "年齢（当事者B）": 55, "当事者種別（当事者A）": 3, "当事者種別（当事者B）": 61, "用途別（当事者A）": 31, "用途別（当事者B）": 0, "車両形状等（当事者A）": 1, "車両形状等（当事者B）": 0, "オートマチック車（当事者A）": 1, "オートマチック車（当事者B）": 0, "サポカー（当事者A）": 11, "サポカー（当事者B）": 0, "速度規制（指定のみ）（当事者A）": 10, "速度規制（指定のみ）（当事者B）": 0, "車両の衝突部位（当事者A）": 20, "車両の衝突部位（当事者B）": 0, "車両の損壊程度（当事者A）": 4, "車両の損壊程度（当事者B）": 0, "エアバッグの装備（当事者A）": 2, "エアバッグの装備（当事者B）": 0, "サイドエアバッグの装備（当事者A）": 2, "サイドエアバッグの装備（当事者B）": 0, "人身損傷程度（当事者A）": 4, "人身損傷程度（当事者B）": 2, "地点　緯度（北緯）": 34.39506444, "地点　経度（東経）": 132.4561831, "曜日(発生年月日)": 7, "祝日(発生年月日)": 3, "認知機能検査経過日数（当事者A）": 9999, "認知機能検査経過日数（当事者B）": 0, "運転練習の方法（当事者A）": 1, "運転練習の方法（当事者B）": 0, "field_69": null }, "geometry": { "type": "Point", "coordinates": [ 132.4561831, 34.39506444 ] } },
{ "type": "Feature", "properties": { "資料区分": 1, "都道府県コード": 73, "警察署等コード": 102, "本票番号": 77, "事故内容": 2, "死者数": 0, "負傷者数": 1, "路線コード": 37020, "地点コード": 0, "市区町村コード": 101, "発生日時　　年": 2024, "発生日時　　月": 1, "発生日時　　日": 27, "発生日時　　時": 9, "発生日時　　分": 0, "昼夜": 12, "日の出時刻　　時": 7, "日の出時刻　　分": 11, "日の入り時刻　　時": 17, "日の入り時刻　　分": 34, "天候": 1, "地形": 1, "路面状態": 1, "道路形状": 1, "信号機": 7, "一時停止規制　標識（当事者A）": 1, "一時停止規制　表示（当事者A）": 21, "一時停止規制　標識（当事者B）": 0, "一時停止規制　表示（当事者B）": 0, "車道幅員": 14, "道路線形": 9, "衝突地点": 30, "ゾーン規制": 70, "中央分離帯施設等": 5, "歩車道区分": 4, "事故類型": 1, "年齢（当事者A）": 45, "年齢（当事者B）": 65, "当事者種別（当事者A）": 3, "当事者種別（当事者B）": 61, "用途別（当事者A）": 31, "用途別（当事者B）": 0, "車両形状等（当事者A）": 1, "車両形状等（当事者B）": 0, "オートマチック車（当事者A）": 1, "オートマチック車（当事者B）": 0, "サポカー（当事者A）": 11, "サポカー（当事者B）": 0, "速度規制（指定のみ）（当事者A）": 10, "速度規制（指定のみ）（当事者B）": 0, "車両の衝突部位（当事者A）": 50, "車両の衝突部位（当事者B）": 0, "車両の損壊程度（当事者A）": 3, "車両の損壊程度（当事者B）": 0, "エアバッグの装備（当事者A）": 2, "エアバッグの装備（当事者B）": 0, "サイドエアバッグの装備（当事者A）": 2, "サイドエアバッグの装備（当事者B）": 0, "人身損傷程度（当事者A）": 4, "人身損傷程度（当事者B）": 2, "地点　緯度（北緯）": 34.36891444, "地点　経度（東経）": 132.43633, "曜日(発生年月日)": 7, "祝日(発生年月日)": 3, "認知機能検査経過日数（当事者A）": 9999, "認知機能検査経過日数（当事者B）": 0, "運転練習の方法（当事者A）": 5, "運転練習の方法（当事者B）": 0, "field_69": null }, "geometry": { "type": "Point", "coordinates": [ 132.43633, 34.36891444 ] } },
{ "type": "Feature", "properties": { "資料区分": 1, "都道府県コード": 73, "警察署等コード": 102, "本票番号": 78, "事故内容": 2, "死者数": 0, "負傷者数": 1, "路線コード": 37020, "地点コード": 0, "市区町村コード": 101, "発生日時　　年": 2024, "発生日時　　月": 2, "発生日時　　日": 1, "発生日時　　時": 3, "発生日時　　分": 18, "昼夜": 22, "日の出時刻　　時": 7, "日の出時刻　　分": 7, "日の入り時刻　　時": 17, "日の入り時刻　　分": 39, "天候": 3, "地形": 1, "路面状態": 2, "道路形状": 1, "信号機": 7, "一時停止規制　標識（当事者A）": 9, "一時停止規制　表示（当事者A）": 22, "一時停止規制　標識（当事者B）": 0, "一時停止規制　表示（当事者B）": 0, "車道幅員": 15, "道路線形": 9, "衝突地点": 30, "ゾーン規制": 70, "中央分離帯施設等": 4, "歩車道区分": 3, "事故類型": 1, "年齢（当事者A）": 45, "年齢（当事者B）": 25, "当事者種別（当事者A）": 3, "当事者種別（当事者B）": 61, "用途別（当事者A）": 31, "用途別（当事者B）": 0, "車両形状等（当事者A）": 1, "車両形状等（当事者B）": 0, "オートマチック車（当事者A）": 1, "オートマチック車（当事者B）": 0, "サポカー（当事者A）": 11, "サポカー（当事者B）": 0, "速度規制（指定のみ）（当事者A）": 10, "速度規制（指定のみ）（当事者B）": 0, "車両の衝突部位（当事者A）": 80, "車両の衝突部位（当事者B）": 0, "車両の損壊程度（当事者A）": 3, "車両の損壊程度（当事者B）": 0, "エアバッグの装備（当事者A）": 2, "エアバッグの装備（当事者B）": 0, "サイドエアバッグの装備（当事者A）": 2, "サイドエアバッグの装備（当事者B）": 0, "人身損傷程度（当事者A）": 4, "人身損傷程度（当事者B）": 2, "地点　緯度（北緯）": 34.38894722, "地点　経度（東経）": 132.466575, "曜日(発生年月日)": 5, "祝日(発生年月日)": 3, "認知機能検査経過日数（当事者A）": 9999, "認知機能検査経過日数（当事者B）": 0, "運転練習の方法（当事者A）": 9, "運転練習の方法（当事者B）": 0, "field_69": null }, "geometry": { "type": "Point", "coordinates": [ 132.466575, 34.38894722 ] } },
{ "type": "Feature", "properties": { "資料区分": 1, "都道府県コード": 73, "警察署等コード": 103, "本票番号": 29, "事故内容": 2, "死者数": 0, "負傷者数": 1, "路線コード": 4870, "地点コード": 0, "市区町村コード": 103, "発生日時　　年": 2023, "発生日時　　月": 8, "発生日時　　日": 9, "発生日時　　時": 16, "発生日時　　分": 47, "昼夜": 12, "日の出時刻　　時": 5, "日の出時刻　　分": 27, "日の入り時刻　　時": 19, "日の入り時刻　　分": 4, "天候": 1, "地形": 2, "路面状態": 1, "道路形状": 14, "信号機": 7, "一時停止規制　標識（当事者A）": 0, "一時停止規制　表示（当事者A）": 0, "一時停止規制　標識（当事者B）": 0, "一時停止規制　表示（当事者B）": 0, "車道幅員": 5, "道路線形": 9, "衝突地点": 1, "ゾーン規制": 70, "中央分離帯施設等": 4, "歩車道区分": 2, "事故類型": 1, "年齢（当事者A）": 55, "年齢（当事者B）": 1, "当事者種別（当事者A）": 51, "当事者種別（当事者B）": 61, "用途別（当事者A）": 41, "用途別（当事者B）": 0, "車両形状等（当事者A）": 0, "車両形状等（当事者B）": 0, "オートマチック車（当事者A）": 0, "オートマチック車（当事者B）": 0, "サポカー（当事者A）": 0, "サポカー（当事者B）": 0, "速度規制（指定のみ）（当事者A）": 0, "速度規制（指定のみ）（当事者B）": 0, "車両の衝突部位（当事者A）": 20, "車両の衝突部位（当事者B）": 0, "車両の損壊程度（当事者A）": 4, "車両の損壊程度（当事者B）": 0, "エアバッグの装備（当事者A）": 0, "エアバッグの装備（当事者B）": 0, "サイドエアバッグの装備（当事者A）": 0, "サイドエアバッグの装備（当事者B）": 0, "人身損傷程度（当事者A）": 4, "人身損傷程度（当事者B）": 2, "地点　緯度（北緯）": 34.37362333, "地点　経度（東経）": 132.4645869, "曜日(発生年月日)": 4, "祝日(発生年月日)": 3, "認知機能検査経過日数（当事者A）": 0, "認知機能検査経過日数（当事者B）": 0, "運転練習の方法（当事者A）": 0, "運転練習の方法（当事者B）": 0, "field_69": null }, "geometry": { "type": "Point", "coordinates": [ 132.4645869, 34.37362333 ] } },
{ "type": "Feature", "properties": { "資料区分": 1, "都道府県コード": 73, "警察署等コード": 104, "本票番号": 19, "事故内容": 2, "死者数": 0, "負傷者数": 1, "路線コード": 37040, "地点コード": 0, "市区町村コード": 202, "発生日時　　年": 2024, "発生日時　　月": 2, "発生日時　　日": 9, "発生日時　　時": 11, "発生日時　　分": 42, "昼夜": 12, "日の出時刻　　時": 7, "日の出時刻　　分": 1, "日の入り時刻　　時": 17, "日の入り時刻　　分": 47, "天候": 1, "地形": 1, "路面状態": 1, "道路形状": 13, "信号機": 7, "一時停止規制　標識（当事者A）": 0, "一時停止規制　表示（当事者A）": 0, "一時停止規制　標識（当事者B）": 0, "一時停止規制　表示（当事者B）": 0, "車道幅員": 3, "道路線形": 2, "衝突地点": 1, "ゾーン規制": 70, "中央分離帯施設等": 4, "歩車道区分": 3, "事故類型": 1, "年齢（当事者A）": 55, "年齢（当事者B）": 75, "当事者種別（当事者A）": 4, "当事者種別（当事者B）": 61, "用途別（当事者A）": 31, "用途別（当事者B）": 0, "車両形状等（当事者A）": 1, "車両形状等（当事者B）": 0, "オートマチック車（当事者A）": 1, "オートマチック車（当事者B）": 0, "サポカー（当事者A）": 11, "サポカー（当事者B）": 0, "速度規制（指定のみ）（当事者A）": 2, "速度規制（指定のみ）（当事者B）": 0, "車両の衝突部位（当事者A）": 0, "車両の衝突部位（当事者B）": 0, "車両の損壊程度（当事者A）": 4, "車両の損壊程度（当事者B）": 0, "エアバッグの装備（当事者A）": 2, "エアバッグの装備（当事者B）": 0, "サイドエアバッグの装備（当事者A）": 2, "サイドエアバッグの装備（当事者B）": 0, "人身損傷程度（当事者A）": 4, "人身損傷程度（当事者B）": 2, "地点　緯度（北緯）": 34.22562861, "地点　経度（東経）": 132.5566236, "曜日(発生年月日)": 6, "祝日(発生年月日)": 3, "認知機能検査経過日数（当事者A）": 9999, "認知機能検査経過日数（当事者B）": 0, "運転練習の方法（当事者A）": 9, "運転練習の方法（当事者B）": 0, "field_69": null }, "geometry": { "type": "Point", "coordinates": [ 132.5566236, 34.22562861 ] } },
{ "type": "Feature", "properties": { "資料区分": 1, "都道府県コード": 73, "警察署等コード": 104, "本票番号": 21, "事故内容": 2, "死者数": 0, "負傷者数": 1, "路線コード": 4870, "地点コード": 0, "市区町村コード": 202, "発生日時　　年": 2024, "発生日時　　月": 2, "発生日時　　日": 7, "発生日時　　時": 18, "発生日時　　分": 25, "昼夜": 21, "日の出時刻　　時": 7, "日の出時刻　　分": 3, "日の入り時刻　　時": 17, "日の入り時刻　　分": 45, "天候": 2, "地形": 1, "路面状態": 1, "道路形状": 14, "信号機": 1, "一時停止規制　標識（当事者A）": 0, "一時停止規制　表示（当事者A）": 0, "一時停止規制　標識（当事者B）": 0, "一時停止規制　表示（当事者B）": 0, "車道幅員": 5, "道路線形": 9, "衝突地点": 1, "ゾーン規制": 70, "中央分離帯施設等": 4, "歩車道区分": 2, "事故類型": 1, "年齢（当事者A）": 45, "年齢（当事者B）": 1, "当事者種別（当事者A）": 4, "当事者種別（当事者B）": 61, "用途別（当事者A）": 31, "用途別（当事者B）": 0, "車両形状等（当事者A）": 1, "車両形状等（当事者B）": 0, "オートマチック車（当事者A）": 1, "オートマチック車（当事者B）": 0, "サポカー（当事者A）": 11, "サポカー（当事者B）": 0, "速度規制（指定のみ）（当事者A）": 10, "速度規制（指定のみ）（当事者B）": 0, "車両の衝突部位（当事者A）": 50, "車両の衝突部位（当事者B）": 0, "車両の損壊程度（当事者A）": 3, "車両の損壊程度（当事者B）": 0, "エアバッグの装備（当事者A）": 2, "エアバッグの装備（当事者B）": 0, "サイドエアバッグの装備（当事者A）": 2, "サイドエアバッグの装備（当事者B）": 0, "人身損傷程度（当事者A）": 4, "人身損傷程度（当事者B）": 2, "地点　緯度（北緯）": 34.23814111, "地点　経度（東経）": 132.5597233, "曜日(発生年月日)": 4, "祝日(発生年月日)": 3, "認知機能検査経過日数（当事者A）": 9999, "認知機能検査経過日数（当事者B）": 0, "運転練習の方法（当事者A）": 1, "運転練習の方法（当事者B）": 0, "field_69": null }, "geometry": { "type": "Point", "coordinates": [ 132.5597233, 34.23814111 ] } },
{ "type": "Feature", "properties": { "資料区分": 1, "都道府県コード": 73, "警察署等コード": 107, "本票番号": 16, "事故内容": 2, "死者数": 0, "負傷者数": 1, "路線コード": 22740, "地点コード": 0, "市区町村コード": 107, "発生日時　　年": 2023, "発生日時　　月": 9, "発生日時　　日": 29, "発生日時　　時": 17, "発生日時　　分": 30, "昼夜": 13, "日の出時刻　　時": 6, "日の出時刻　　分": 3, "日の入り時刻　　時": 17, "日の入り時刻　　分": 57, "天候": 1, "地形": 2, "路面状態": 1, "道路形状": 14, "信号機": 7, "一時停止規制　標識（当事者A）": 0, "一時停止規制　表示（当事者A）": 0, "一時停止規制　標識（当事者B）": 0, "一時停止規制　表示（当事者B）": 0, "車道幅員": 2, "道路線形": 9, "衝突地点": 1, "ゾーン規制": 70, "中央分離帯施設等": 5, "歩車道区分": 3, "事故類型": 1, "年齢（当事者A）": 55, "年齢（当事者B）": 55, "当事者種別（当事者A）": 3, "当事者種別（当事者B）": 61, "用途別（当事者A）": 31, "用途別（当事者B）": 0, "車両形状等（当事者A）": 1, "車両形状等（当事者B）": 0, "オートマチック車（当事者A）": 1, "オートマチック車（当事者B）": 0, "サポカー（当事者A）": 11, "サポカー（当事者B）": 0, "速度規制（指定のみ）（当事者A）": 1, "速度規制（指定のみ）（当事者B）": 0, "車両の衝突部位（当事者A）": 80, "車両の衝突部位（当事者B）": 0, "車両の損壊程度（当事者A）": 3, "車両の損壊程度（当事者B）": 0, "エアバッグの装備（当事者A）": 2, "エアバッグの装備（当事者B）": 0, "サイドエアバッグの装備（当事者A）": 2, "サイドエアバッグの装備（当事者B）": 0, "人身損傷程度（当事者A）": 4, "人身損傷程度（当事者B）": 2, "地点　緯度（北緯）": 34.3939625, "地点　経度（東経）": 132.5662375, "曜日(発生年月日)": 6, "祝日(発生年月日)": 3, "認知機能検査経過日数（当事者A）": 9999, "認知機能検査経過日数（当事者B）": 0, "運転練習の方法（当事者A）": 9, "運転練習の方法（当事者B）": 0, "field_69": null }, "geometry": { "type": "Point", "coordinates": [ 132.5662375, 34.3939625 ] } },
{ "type": "Feature", "properties": { "資料区分": 1, "都道府県コード": 73, "警察署等コード": 107, "本票番号": 20, "事故内容": 2, "死者数": 0, "負傷者数": 1, "路線コード": 37070, "地点コード": 0, "市区町村コード": 304, "発生日時　　年": 2024, "発生日時　　月": 2, "発生日時　　日": 5, "発生日時　　時": 18, "発生日時　　分": 50, "昼夜": 22, "日の出時刻　　時": 7, "日の出時刻　　分": 4, "日の入り時刻　　時": 17, "日の入り時刻　　分": 43, "天候": 2, "地形": 1, "路面状態": 2, "道路形状": 1, "信号機": 7, "一時停止規制　標識（当事者A）": 9, "一時停止規制　表示（当事者A）": 22, "一時停止規制　標識（当事者B）": 0, "一時停止規制　表示（当事者B）": 0, "車道幅員": 14, "道路線形": 9, "衝突地点": 30, "ゾーン規制": 70, "中央分離帯施設等": 4, "歩車道区分": 2, "事故類型": 1, "年齢（当事者A）": 75, "年齢（当事者B）": 45, "当事者種別（当事者A）": 14, "当事者種別（当事者B）": 61, "用途別（当事者A）": 31, "用途別（当事者B）": 0, "車両形状等（当事者A）": 11, "車両形状等（当事者B）": 0, "オートマチック車（当事者A）": 1, "オートマチック車（当事者B）": 0, "サポカー（当事者A）": 11, "サポカー（当事者B）": 0, "速度規制（指定のみ）（当事者A）": 3, "速度規制（指定のみ）（当事者B）": 0, "車両の衝突部位（当事者A）": 50, "車両の衝突部位（当事者B）": 0, "車両の損壊程度（当事者A）": 4, "車両の損壊程度（当事者B）": 0, "エアバッグの装備（当事者A）": 2, "エアバッグの装備（当事者B）": 0, "サイドエアバッグの装備（当事者A）": 2, "サイドエアバッグの装備（当事者B）": 0, "人身損傷程度（当事者A）": 4, "人身損傷程度（当事者B）": 2, "地点　緯度（北緯）": 34.366855, "地点　経度（東経）": 132.5349417, "曜日(発生年月日)": 2, "祝日(発生年月日)": 3, "認知機能検査経過日数（当事者A）": 115, "認知機能検査経過日数（当事者B）": 0, "運転練習の方法（当事者A）": 9, "運転練習の方法（当事者B）": 0, "field_69": null }, "geometry": { "type": "Point", "coordinates": [ 132.5349417, 34.366855 ] } },
{ "type": "Feature", "properties": { "資料区分": 1, "都道府県コード": 73, "警察署等コード": 107, "本票番号": 23, "事故内容": 1, "死者数": 1, "負傷者数": 0, "路線コード": 37070, "地点コード": 0, "市区町村コード": 107, "発生日時　　年": 2024, "発生日時　　月": 2, "発生日時　　日": 13, "発生日時　　時": 15, "発生日時　　分": 0, "昼夜": 12, "日の出時刻　　時": 6, "日の出時刻　　分": 57, "日の入り時刻　　時": 17, "日の入り時刻　　分": 51, "天候": 1, "地形": 3, "路面状態": 1, "道路形状": 1, "信号機": 7, "一時停止規制　標識（当事者A）": 9, "一時停止規制　表示（当事者A）": 22, "一時停止規制　標識（当事者B）": 0, "一時停止規制　表示（当事者B）": 0, "車道幅員": 15, "道路線形": 8, "衝突地点": 30, "ゾーン規制": 70, "中央分離帯施設等": 4, "歩車道区分": 2, "事故類型": 1, "年齢（当事者A）": 75, "年齢（当事者B）": 75, "当事者種別（当事者A）": 3, "当事者種別（当事者B）": 61, "用途別（当事者A）": 31, "用途別（当事者B）": 0, "車両形状等（当事者A）": 1, "車両形状等（当事者B）": 0, "オートマチック車（当事者A）": 1, "オートマチック車（当事者B）": 0, "サポカー（当事者A）": 11, "サポカー（当事者B）": 0, "速度規制（指定のみ）（当事者A）": 10, "速度規制（指定のみ）（当事者B）": 0, "車両の衝突部位（当事者A）": 50, "車両の衝突部位（当事者B）": 0, "車両の損壊程度（当事者A）": 3, "車両の損壊程度（当事者B）": 0, "エアバッグの装備（当事者A）": 2, "エアバッグの装備（当事者B）": 0, "サイドエアバッグの装備（当事者A）": 2, "サイドエアバッグの装備（当事者B）": 0, "人身損傷程度（当事者A）": 4, "人身損傷程度（当事者B）": 1, "地点　緯度（北緯）": 34.39745861, "地点　経度（東経）": 132.5807272, "曜日(発生年月日)": 3, "祝日(発生年月日)": 3, "認知機能検査経過日数（当事者A）": 258, "認知機能検査経過日数（当事者B）": 0, "運転練習の方法（当事者A）": 9, "運転練習の方法（当事者B）": 0, "field_69": null }, "geometry": { "type": "Point", "coordinates": [ 132.580727200000013, 34.39745861 ] } },
{ "type": "Feature", "properties": { "資料区分": 1, "都道府県コード": 73, "警察署等コード": 107, "本票番号": 25, "事故内容": 1, "死者数": 1, "負傷者数": 0, "路線コード": 22740, "地点コード": 0, "市区町村コード": 107, "発生日時　　年": 2024, "発生日時　　月": 2, "発生日時　　日": 8, "発生日時　　時": 13, "発生日時　　分": 10, "昼夜": 12, "日の出時刻　　時": 7, "日の出時刻　　分": 2, "日の入り時刻　　時": 17, "日の入り時刻　　分": 46, "天候": 2, "地形": 1, "路面状態": 1, "道路形状": 14, "信号機": 7, "一時停止規制　標識（当事者A）": 0, "一時停止規制　表示（当事者A）": 0, "一時停止規制　標識（当事者B）": 0, "一時停止規制　表示（当事者B）": 0, "車道幅員": 2, "道路線形": 8, "衝突地点": 1, "ゾーン規制": 70, "中央分離帯施設等": 5, "歩車道区分": 4, "事故類型": 1, "年齢（当事者A）": 55, "年齢（当事者B）": 45, "当事者種別（当事者A）": 2, "当事者種別（当事者B）": 61, "用途別（当事者A）": 1, "用途別（当事者B）": 0, "車両形状等（当事者A）": 1, "車両形状等（当事者B）": 0, "オートマチック車（当事者A）": 2, "オートマチック車（当事者B）": 0, "サポカー（当事者A）": 11, "サポカー（当事者B）": 0, "速度規制（指定のみ）（当事者A）": 10, "速度規制（指定のみ）（当事者B）": 0, "車両の衝突部位（当事者A）": 10, "車両の衝突部位（当事者B）": 0, "車両の損壊程度（当事者A）": 2, "車両の損壊程度（当事者B）": 0, "エアバッグの装備（当事者A）": 2, "エアバッグの装備（当事者B）": 0, "サイドエアバッグの装備（当事者A）": 2, "サイドエアバッグの装備（当事者B）": 0, "人身損傷程度（当事者A）": 4, "人身損傷程度（当事者B）": 1, "地点　緯度（北緯）": 34.3928025, "地点　経度（東経）": 132.5640492, "曜日(発生年月日)": 5, "祝日(発生年月日)": 3, "認知機能検査経過日数（当事者A）": 9999, "認知機能検査経過日数（当事者B）": 0, "運転練習の方法（当事者A）": 9, "運転練習の方法（当事者B）": 0, "field_69": null }, "geometry": { "type": "Point", "coordinates": [ 132.5640492, 34.3928025 ] } },
{ "type": "Feature", "properties": { "資料区分": 1, "都道府県コード": 73, "警察署等コード": 108, "本票番号": 11, "事故内容": 1, "死者数": 1, "負傷者数": 0, "路線コード": 20, "地点コード": 3587, "市区町村コード": 213, "発生日時　　年": 2024, "発生日時　　月": 2, "発生日時　　日": 11, "発生日時　　時": 23, "発生日時　　分": 23, "昼夜": 22, "日の出時刻　　時": 6, "日の出時刻　　分": 59, "日の入り時刻　　時": 17, "日の入り時刻　　分": 49, "天候": 3, "地形": 3, "路面状態": 2, "道路形状": 7, "信号機": 1, "一時停止規制　標識（当事者A）": 0, "一時停止規制　表示（当事者A）": 0, "一時停止規制　標識（当事者B）": 0, "一時停止規制　表示（当事者B）": 0, "車道幅員": 4, "道路線形": 9, "衝突地点": 1, "ゾーン規制": 70, "中央分離帯施設等": 4, "歩車道区分": 2, "事故類型": 1, "年齢（当事者A）": 1, "年齢（当事者B）": 55, "当事者種別（当事者A）": 4, "当事者種別（当事者B）": 61, "用途別（当事者A）": 31, "用途別（当事者B）": 0, "車両形状等（当事者A）": 1, "車両形状等（当事者B）": 0, "オートマチック車（当事者A）": 1, "オートマチック車（当事者B）": 0, "サポカー（当事者A）": 11, "サポカー（当事者B）": 0, "速度規制（指定のみ）（当事者A）": 5, "速度規制（指定のみ）（当事者B）": 0, "車両の衝突部位（当事者A）": 50, "車両の衝突部位（当事者B）": 0, "車両の損壊程度（当事者A）": 2, "車両の損壊程度（当事者B）": 0, "エアバッグの装備（当事者A）": 2, "エアバッグの装備（当事者B）": 0, "サイドエアバッグの装備（当事者A）": 2, "サイドエアバッグの装備（当事者B）": 0, "人身損傷程度（当事者A）": 4, "人身損傷程度（当事者B）": 1, "地点　緯度（北緯）": 34.29473639, "地点　経度（東経）": 132.2856839, "曜日(発生年月日)": 1, "祝日(発生年月日)": 1, "認知機能検査経過日数（当事者A）": 9999, "認知機能検査経過日数（当事者B）": 0, "運転練習の方法（当事者A）": 1, "運転練習の方法（当事者B）": 0, "field_69": null }, "geometry": { "type": "Point", "coordinates": [ 132.2856839, 34.29473639 ] } },
{ "type": "Feature", "properties": { "資料区分": 1, "都道府県コード": 73, "警察署等コード": 108, "本票番号": 13, "事故内容": 1, "死者数": 1, "負傷者数": 0, "路線コード": 37080, "地点コード": 0, "市区町村コード": 213, "発生日時　　年": 2024, "発生日時　　月": 2, "発生日時　　日": 16, "発生日時　　時": 7, "発生日時　　分": 51, "昼夜": 11, "日の出時刻　　時": 6, "日の出時刻　　分": 55, "日の入り時刻　　時": 17, "日の入り時刻　　分": 54, "天候": 1, "地形": 2, "路面状態": 1, "道路形状": 14, "信号機": 7, "一時停止規制　標識（当事者A）": 0, "一時停止規制　表示（当事者A）": 0, "一時停止規制　標識（当事者B）": 0, "一時停止規制　表示（当事者B）": 0, "車道幅員": 4, "道路線形": 9, "衝突地点": 1, "ゾーン規制": 70, "中央分離帯施設等": 4, "歩車道区分": 2, "事故類型": 1, "年齢（当事者A）": 65, "年齢（当事者B）": 75, "当事者種別（当事者A）": 4, "当事者種別（当事者B）": 61, "用途別（当事者A）": 31, "用途別（当事者B）": 0, "車両形状等（当事者A）": 1, "車両形状等（当事者B）": 0, "オートマチック車（当事者A）": 1, "オートマチック車（当事者B）": 0, "サポカー（当事者A）": 11, "サポカー（当事者B）": 0, "速度規制（指定のみ）（当事者A）": 3, "速度規制（指定のみ）（当事者B）": 0, "車両の衝突部位（当事者A）": 50, "車両の衝突部位（当事者B）": 0, "車両の損壊程度（当事者A）": 2, "車両の損壊程度（当事者B）": 0, "エアバッグの装備（当事者A）": 2, "エアバッグの装備（当事者B）": 0, "サイドエアバッグの装備（当事者A）": 2, "サイドエアバッグの装備（当事者B）": 0, "人身損傷程度（当事者A）": 4, "人身損傷程度（当事者B）": 1, "地点　緯度（北緯）": 34.29767806, "地点　経度（東経）": 132.2813472, "曜日(発生年月日)": 6, "祝日(発生年月日)": 3, "認知機能検査経過日数（当事者A）": 9999, "認知機能検査経過日数（当事者B）": 0, "運転練習の方法（当事者A）": 1, "運転練習の方法（当事者B）": 0, "field_69": null }, "geometry": { "type": "Point", "coordinates": [ 132.2813472, 34.29767806 ] } },
{ "type": "Feature", "properties": { "資料区分": 1, "都道府県コード": 73, "警察署等コード": 108, "本票番号": 15, "事故内容": 2, "死者数": 0, "負傷者数": 1, "路線コード": 99000, "地点コード": 0, "市区町村コード": 213, "発生日時　　年": 2024, "発生日時　　月": 2, "発生日時　　日": 11, "発生日時　　時": 13, "発生日時　　分": 50, "昼夜": 12, "日の出時刻　　時": 6, "日の出時刻　　分": 59, "日の入り時刻　　時": 17, "日の入り時刻　　分": 49, "天候": 2, "地形": 1, "路面状態": 1, "道路形状": 0, "信号機": 7, "一時停止規制　標識（当事者A）": 0, "一時停止規制　表示（当事者A）": 0, "一時停止規制　標識（当事者B）": 0, "一時停止規制　表示（当事者B）": 0, "車道幅員": 0, "道路線形": 0, "衝突地点": 20, "ゾーン規制": 70, "中央分離帯施設等": 0, "歩車道区分": 4, "事故類型": 1, "年齢（当事者A）": 25, "年齢（当事者B）": 45, "当事者種別（当事者A）": 4, "当事者種別（当事者B）": 61, "用途別（当事者A）": 31, "用途別（当事者B）": 0, "車両形状等（当事者A）": 1, "車両形状等（当事者B）": 0, "オートマチック車（当事者A）": 1, "オートマチック車（当事者B）": 0, "サポカー（当事者A）": 11, "サポカー（当事者B）": 0, "速度規制（指定のみ）（当事者A）": 10, "速度規制（指定のみ）（当事者B）": 0, "車両の衝突部位（当事者A）": 10, "車両の衝突部位（当事者B）": 0, "車両の損壊程度（当事者A）": 4, "車両の損壊程度（当事者B）": 0, "エアバッグの装備（当事者A）": 2, "エアバッグの装備（当事者B）": 0, "サイドエアバッグの装備（当事者A）": 2, "サイドエアバッグの装備（当事者B）": 0, "人身損傷程度（当事者A）": 4, "人身損傷程度（当事者B）": 2, "地点　緯度（北緯）": 34.34555556, "地点　経度（東経）": 132.3358333, "曜日(発生年月日)": 1, "祝日(発生年月日)": 1, "認知機能検査経過日数（当事者A）": 9999, "認知機能検査経過日数（当事者B）": 0, "運転練習の方法（当事者A）": 1, "運転練習の方法（当事者B）": 0, "field_69": null }, "geometry": { "type": "Point", "coordinates": [ 132.3358333, 34.34555556 ] } },
{ "type": "Feature", "properties": { "資料区分": 1, "都道府県コード": 73, "警察署等コード": 108, "本票番号": 19, "事故内容": 2, "死者数": 0, "負傷者数": 1, "路線コード": 37080, "地点コード": 0, "市区町村コード": 213, "発生日時　　年": 2023, "発生日時　　月": 9, "発生日時　　日": 24, "発生日時　　時": 13, "発生日時　　分": 51, "昼夜": 12, "日の出時刻　　時": 5, "日の出時刻　　分": 59, "日の入り時刻　　時": 18, "日の入り時刻　　分": 4, "天候": 1, "地形": 3, "路面状態": 1, "道路形状": 14, "信号機": 7, "一時停止規制　標識（当事者A）": 0, "一時停止規制　表示（当事者A）": 0, "一時停止規制　標識（当事者B）": 0, "一時停止規制　表示（当事者B）": 0, "車道幅員": 2, "道路線形": 7, "衝突地点": 1, "ゾーン規制": 1, "中央分離帯施設等": 5, "歩車道区分": 4, "事故類型": 1, "年齢（当事者A）": 45, "年齢（当事者B）": 35, "当事者種別（当事者A）": 36, "当事者種別（当事者B）": 61, "用途別（当事者A）": 31, "用途別（当事者B）": 0, "車両形状等（当事者A）": 0, "車両形状等（当事者B）": 0, "オートマチック車（当事者A）": 0, "オートマチック車（当事者B）": 0, "サポカー（当事者A）": 11, "サポカー（当事者B）": 0, "速度規制（指定のみ）（当事者A）": 10, "速度規制（指定のみ）（当事者B）": 0, "車両の衝突部位（当事者A）": 20, "車両の衝突部位（当事者B）": 0, "車両の損壊程度（当事者A）": 4, "車両の損壊程度（当事者B）": 0, "エアバッグの装備（当事者A）": 0, "エアバッグの装備（当事者B）": 0, "サイドエアバッグの装備（当事者A）": 0, "サイドエアバッグの装備（当事者B）": 0, "人身損傷程度（当事者A）": 4, "人身損傷程度（当事者B）": 2, "地点　緯度（北緯）": 34.29472222, "地点　経度（東経）": 132.3208333, "曜日(発生年月日)": 1, "祝日(発生年月日)": 3, "認知機能検査経過日数（当事者A）": 9999, "認知機能検査経過日数（当事者B）": 0, "運転練習の方法（当事者A）": 9, "運転練習の方法（当事者B）": 0, "field_69": null }, "geometry": { "type": "Point", "coordinates": [ 132.3208333, 34.29472222 ] } },
{ "type": "Feature", "properties": { "資料区分": 1, "都道府県コード": 73, "警察署等コード": 109, "本票番号": 4, "事故内容": 1, "死者数": 1, "負傷者数": 0, "路線コード": 20, "地点コード": 3674, "市区町村コード": 211, "発生日時　　年": 2024, "発生日時　　月": 2, "発生日時　　日": 13, "発生日時　　時": 10, "発生日時　　分": 48, "昼夜": 12, "日の出時刻　　時": 6, "日の出時刻　　分": 57, "日の入り時刻　　時": 17, "日の入り時刻　　分": 51, "天候": 1, "地形": 1, "路面状態": 1, "道路形状": 1, "信号機": 1, "一時停止規制　標識（当事者A）": 9, "一時停止規制　表示（当事者A）": 22, "一時停止規制　標識（当事者B）": 0, "一時停止規制　表示（当事者B）": 0, "車道幅員": 18, "道路線形": 9, "衝突地点": 30, "ゾーン規制": 70, "中央分離帯施設等": 5, "歩車道区分": 2, "事故類型": 1, "年齢（当事者A）": 45, "年齢（当事者B）": 75, "当事者種別（当事者A）": 1, "当事者種別（当事者B）": 61, "用途別（当事者A）": 1, "用途別（当事者B）": 0, "車両形状等（当事者A）": 1, "車両形状等（当事者B）": 0, "オートマチック車（当事者A）": 2, "オートマチック車（当事者B）": 0, "サポカー（当事者A）": 11, "サポカー（当事者B）": 0, "速度規制（指定のみ）（当事者A）": 4, "速度規制（指定のみ）（当事者B）": 0, "車両の衝突部位（当事者A）": 50, "車両の衝突部位（当事者B）": 0, "車両の損壊程度（当事者A）": 3, "車両の損壊程度（当事者B）": 0, "エアバッグの装備（当事者A）": 2, "エアバッグの装備（当事者B）": 0, "サイドエアバッグの装備（当事者A）": 2, "サイドエアバッグの装備（当事者B）": 0, "人身損傷程度（当事者A）": 4, "人身損傷程度（当事者B）": 1, "地点　緯度（北緯）": 34.24202139, "地点　経度（東経）": 132.2217111, "曜日(発生年月日)": 3, "祝日(発生年月日)": 3, "認知機能検査経過日数（当事者A）": 9999, "認知機能検査経過日数（当事者B）": 0, "運転練習の方法（当事者A）": 1, "運転練習の方法（当事者B）": 0, "field_69": null }, "geometry": { "type": "Point", "coordinates": [ 132.2217111, 34.24202139 ] } },
{ "type": "Feature", "properties": { "資料区分": 1, "都道府県コード": 73, "警察署等コード": 111, "本票番号": 4, "事故内容": 2, "死者数": 0, "負傷者数": 1, "路線コード": 14660, "地点コード": 0, "市区町村コード": 202, "発生日時　　年": 2023, "発生日時　　月": 12, "発生日時　　日": 26, "発生日時　　時": 8, "発生日時　　分": 41, "昼夜": 12, "日の出時刻　　時": 7, "日の出時刻　　分": 15, "日の入り時刻　　時": 17, "日の入り時刻　　分": 7, "天候": 2, "地形": 2, "路面状態": 1, "道路形状": 1, "信号機": 7, "一時停止規制　標識（当事者A）": 9, "一時停止規制　表示（当事者A）": 22, "一時停止規制　標識（当事者B）": 0, "一時停止規制　表示（当事者B）": 0, "車道幅員": 14, "道路線形": 8, "衝突地点": 30, "ゾーン規制": 70, "中央分離帯施設等": 4, "歩車道区分": 2, "事故類型": 1, "年齢（当事者A）": 35, "年齢（当事者B）": 65, "当事者種別（当事者A）": 3, "当事者種別（当事者B）": 61, "用途別（当事者A）": 31, "用途別（当事者B）": 0, "車両形状等（当事者A）": 1, "車両形状等（当事者B）": 0, "オートマチック車（当事者A）": 1, "オートマチック車（当事者B）": 0, "サポカー（当事者A）": 11, "サポカー（当事者B）": 0, "速度規制（指定のみ）（当事者A）": 3, "速度規制（指定のみ）（当事者B）": 0, "車両の衝突部位（当事者A）": 10, "車両の衝突部位（当事者B）": 0, "車両の損壊程度（当事者A）": 3, "車両の損壊程度（当事者B）": 0, "エアバッグの装備（当事者A）": 2, "エアバッグの装備（当事者B）": 0, "サイドエアバッグの装備（当事者A）": 2, "サイドエアバッグの装備（当事者B）": 0, "人身損傷程度（当事者A）": 4, "人身損傷程度（当事者B）": 2, "地点　緯度（北緯）": 34.23813111, "地点　経度（東経）": 132.5972364, "曜日(発生年月日)": 3, "祝日(発生年月日)": 3, "認知機能検査経過日数（当事者A）": 9999, "認知機能検査経過日数（当事者B）": 0, "運転練習の方法（当事者A）": 1, "運転練習の方法（当事者B）": 0, "field_69": null }, "geometry": { "type": "Point", "coordinates": [ 132.597236400000014, 34.23813111 ] } },
{ "type": "Feature", "properties": { "資料区分": 1, "都道府県コード": 73, "警察署等コード": 111, "本票番号": 19, "事故内容": 2, "死者数": 0, "負傷者数": 1, "路線コード": 22790, "地点コード": 0, "市区町村コード": 202, "発生日時　　年": 2024, "発生日時　　月": 2, "発生日時　　日": 4, "発生日時　　時": 2, "発生日時　　分": 0, "昼夜": 22, "日の出時刻　　時": 7, "日の出時刻　　分": 5, "日の入り時刻　　時": 17, "日の入り時刻　　分": 42, "天候": 3, "地形": 2, "路面状態": 2, "道路形状": 14, "信号機": 7, "一時停止規制　標識（当事者A）": 0, "一時停止規制　表示（当事者A）": 0, "一時停止規制　標識（当事者B）": 0, "一時停止規制　表示（当事者B）": 0, "車道幅員": 3, "道路線形": 8, "衝突地点": 1, "ゾーン規制": 70, "中央分離帯施設等": 4, "歩車道区分": 2, "事故類型": 1, "年齢（当事者A）": 25, "年齢（当事者B）": 75, "当事者種別（当事者A）": 3, "当事者種別（当事者B）": 61, "用途別（当事者A）": 31, "用途別（当事者B）": 0, "車両形状等（当事者A）": 1, "車両形状等（当事者B）": 0, "オートマチック車（当事者A）": 1, "オートマチック車（当事者B）": 0, "サポカー（当事者A）": 1, "サポカー（当事者B）": 0, "速度規制（指定のみ）（当事者A）": 4, "速度規制（指定のみ）（当事者B）": 0, "車両の衝突部位（当事者A）": 10, "車両の衝突部位（当事者B）": 0, "車両の損壊程度（当事者A）": 3, "車両の損壊程度（当事者B）": 0, "エアバッグの装備（当事者A）": 2, "エアバッグの装備（当事者B）": 0, "サイドエアバッグの装備（当事者A）": 2, "サイドエアバッグの装備（当事者B）": 0, "人身損傷程度（当事者A）": 4, "人身損傷程度（当事者B）": 2, "地点　緯度（北緯）": 34.21411306, "地点　経度（東経）": 132.6212108, "曜日(発生年月日)": 1, "祝日(発生年月日)": 3, "認知機能検査経過日数（当事者A）": 9999, "認知機能検査経過日数（当事者B）": 0, "運転練習の方法（当事者A）": 1, "運転練習の方法（当事者B）": 0, "field_69": null }, "geometry": { "type": "Point", "coordinates": [ 132.6212108, 34.21411306 ] } },
{ "type": "Feature", "properties": { "資料区分": 1, "都道府県コード": 73, "警察署等コード": 111, "本票番号": 20, "事故内容": 2, "死者数": 0, "負傷者数": 1, "路線コード": 37110, "地点コード": 0, "市区町村コード": 202, "発生日時　　年": 2024, "発生日時　　月": 1, "発生日時　　日": 12, "発生日時　　時": 18, "発生日時　　分": 37, "昼夜": 22, "日の出時刻　　時": 7, "日の出時刻　　分": 16, "日の入り時刻　　時": 17, "日の入り時刻　　分": 20, "天候": 1, "地形": 1, "路面状態": 1, "道路形状": 14, "信号機": 7, "一時停止規制　標識（当事者A）": 0, "一時停止規制　表示（当事者A）": 0, "一時停止規制　標識（当事者B）": 0, "一時停止規制　表示（当事者B）": 0, "車道幅員": 4, "道路線形": 9, "衝突地点": 1, "ゾーン規制": 70, "中央分離帯施設等": 4, "歩車道区分": 2, "事故類型": 1, "年齢（当事者A）": 45, "年齢（当事者B）": 75, "当事者種別（当事者A）": 4, "当事者種別（当事者B）": 61, "用途別（当事者A）": 31, "用途別（当事者B）": 0, "車両形状等（当事者A）": 1, "車両形状等（当事者B）": 0, "オートマチック車（当事者A）": 1, "オートマチック車（当事者B）": 0, "サポカー（当事者A）": 11, "サポカー（当事者B）": 0, "速度規制（指定のみ）（当事者A）": 3, "速度規制（指定のみ）（当事者B）": 0, "車両の衝突部位（当事者A）": 10, "車両の衝突部位（当事者B）": 0, "車両の損壊程度（当事者A）": 3, "車両の損壊程度（当事者B）": 0, "エアバッグの装備（当事者A）": 2, "エアバッグの装備（当事者B）": 0, "サイドエアバッグの装備（当事者A）": 2, "サイドエアバッグの装備（当事者B）": 0, "人身損傷程度（当事者A）": 4, "人身損傷程度（当事者B）": 2, "地点　緯度（北緯）": 34.24481333, "地点　経度（東経）": 132.6211833, "曜日(発生年月日)": 6, "祝日(発生年月日)": 3, "認知機能検査経過日数（当事者A）": 9999, "認知機能検査経過日数（当事者B）": 0, "運転練習の方法（当事者A）": 1, "運転練習の方法（当事者B）": 0, "field_69": null }, "geometry": { "type": "Point", "coordinates": [ 132.621183300000013, 34.24481333 ] } },
{ "type": "Feature", "properties": { "資料区分": 1, "都道府県コード": 73, "警察署等コード": 112, "本票番号": 47, "事故内容": 2, "死者数": 0, "負傷者数": 1, "路線コード": 23320, "地点コード": 0, "市区町村コード": 212, "発生日時　　年": 2024, "発生日時　　月": 2, "発生日時　　日": 6, "発生日時　　時": 14, "発生日時　　分": 15, "昼夜": 12, "日の出時刻　　時": 7, "日の出時刻　　分": 3, "日の入り時刻　　時": 17, "日の入り時刻　　分": 44, "天候": 3, "地形": 2, "路面状態": 2, "道路形状": 1, "信号機": 1, "一時停止規制　標識（当事者A）": 9, "一時停止規制　表示（当事者A）": 22, "一時停止規制　標識（当事者B）": 0, "一時停止規制　表示（当事者B）": 0, "車道幅員": 15, "道路線形": 9, "衝突地点": 30, "ゾーン規制": 70, "中央分離帯施設等": 5, "歩車道区分": 2, "事故類型": 1, "年齢（当事者A）": 75, "年齢（当事者B）": 65, "当事者種別（当事者A）": 4, "当事者種別（当事者B）": 61, "用途別（当事者A）": 31, "用途別（当事者B）": 0, "車両形状等（当事者A）": 1, "車両形状等（当事者B）": 0, "オートマチック車（当事者A）": 1, "オートマチック車（当事者B）": 0, "サポカー（当事者A）": 11, "サポカー（当事者B）": 0, "速度規制（指定のみ）（当事者A）": 3, "速度規制（指定のみ）（当事者B）": 0, "車両の衝突部位（当事者A）": 10, "車両の衝突部位（当事者B）": 0, "車両の損壊程度（当事者A）": 3, "車両の損壊程度（当事者B）": 0, "エアバッグの装備（当事者A）": 2, "エアバッグの装備（当事者B）": 0, "サイドエアバッグの装備（当事者A）": 2, "サイドエアバッグの装備（当事者B）": 0, "人身損傷程度（当事者A）": 4, "人身損傷程度（当事者B）": 2, "地点　緯度（北緯）": 34.43221417, "地点　経度（東経）": 132.7344067, "曜日(発生年月日)": 3, "祝日(発生年月日)": 3, "認知機能検査経過日数（当事者A）": 167, "認知機能検査経過日数（当事者B）": 0, "運転練習の方法（当事者A）": 9, "運転練習の方法（当事者B）": 0, "field_69": null }, "geometry": { "type": "Point", "coordinates": [ 132.7344067, 34.43221417 ] } },
{ "type": "Feature", "properties": { "資料区分": 1, "都道府県コード": 73, "警察署等コード": 114, "本票番号": 27, "事故内容": 2, "死者数": 0, "負傷者数": 1, "路線コード": 37140, "地点コード": 0, "市区町村コード": 106, "発生日時　　年": 2024, "発生日時　　月": 1, "発生日時　　日": 31, "発生日時　　時": 18, "発生日時　　分": 1, "昼夜": 21, "日の出時刻　　時": 7, "日の出時刻　　分": 8, "日の入り時刻　　時": 17, "日の入り時刻　　分": 38, "天候": 3, "地形": 1, "路面状態": 1, "道路形状": 1, "信号機": 7, "一時停止規制　標識（当事者A）": 9, "一時停止規制　表示（当事者A）": 22, "一時停止規制　標識（当事者B）": 0, "一時停止規制　表示（当事者B）": 0, "車道幅員": 15, "道路線形": 9, "衝突地点": 30, "ゾーン規制": 70, "中央分離帯施設等": 5, "歩車道区分": 2, "事故類型": 1, "年齢（当事者A）": 55, "年齢（当事者B）": 45, "当事者種別（当事者A）": 3, "当事者種別（当事者B）": 61, "用途別（当事者A）": 31, "用途別（当事者B）": 0, "車両形状等（当事者A）": 1, "車両形状等（当事者B）": 0, "オートマチック車（当事者A）": 1, "オートマチック車（当事者B）": 0, "サポカー（当事者A）": 1, "サポカー（当事者B）": 0, "速度規制（指定のみ）（当事者A）": 2, "速度規制（指定のみ）（当事者B）": 0, "車両の衝突部位（当事者A）": 10, "車両の衝突部位（当事者B）": 0, "車両の損壊程度（当事者A）": 3, "車両の損壊程度（当事者B）": 0, "エアバッグの装備（当事者A）": 2, "エアバッグの装備（当事者B）": 0, "サイドエアバッグの装備（当事者A）": 2, "サイドエアバッグの装備（当事者B）": 0, "人身損傷程度（当事者A）": 4, "人身損傷程度（当事者B）": 2, "地点　緯度（北緯）": 34.51264083, "地点　経度（東経）": 132.5119842, "曜日(発生年月日)": 4, "祝日(発生年月日)": 3, "認知機能検査経過日数（当事者A）": 9999, "認知機能検査経過日数（当事者B）": 0, "運転練習の方法（当事者A）": 9, "運転練習の方法（当事者B）": 0, "field_69": null }, "geometry": { "type": "Point", "coordinates": [ 132.5119842, 34.51264083 ] } },
{ "type": "Feature", "properties": { "資料区分": 1, "都道府県コード": 73, "警察署等コード": 114, "本票番号": 28, "事故内容": 2, "死者数": 0, "負傷者数": 1, "路線コード": 37140, "地点コード": 0, "市区町村コード": 106, "発生日時　　年": 2024, "発生日時　　月": 1, "発生日時　　日": 29, "発生日時　　時": 9, "発生日時　　分": 53, "昼夜": 12, "日の出時刻　　時": 7, "日の出時刻　　分": 9, "日の入り時刻　　時": 17, "日の入り時刻　　分": 36, "天候": 1, "地形": 1, "路面状態": 1, "道路形状": 1, "信号機": 7, "一時停止規制　標識（当事者A）": 9, "一時停止規制　表示（当事者A）": 22, "一時停止規制　標識（当事者B）": 0, "一時停止規制　表示（当事者B）": 0, "車道幅員": 14, "道路線形": 7, "衝突地点": 30, "ゾーン規制": 70, "中央分離帯施設等": 5, "歩車道区分": 2, "事故類型": 1, "年齢（当事者A）": 75, "年齢（当事者B）": 75, "当事者種別（当事者A）": 3, "当事者種別（当事者B）": 61, "用途別（当事者A）": 1, "用途別（当事者B）": 0, "車両形状等（当事者A）": 1, "車両形状等（当事者B）": 0, "オートマチック車（当事者A）": 1, "オートマチック車（当事者B）": 0, "サポカー（当事者A）": 11, "サポカー（当事者B）": 0, "速度規制（指定のみ）（当事者A）": 3, "速度規制（指定のみ）（当事者B）": 0, "車両の衝突部位（当事者A）": 10, "車両の衝突部位（当事者B）": 0, "車両の損壊程度（当事者A）": 3, "車両の損壊程度（当事者B）": 0, "エアバッグの装備（当事者A）": 2, "エアバッグの装備（当事者B）": 0, "サイドエアバッグの装備（当事者A）": 2, "サイドエアバッグの装備（当事者B）": 0, "人身損傷程度（当事者A）": 4, "人身損傷程度（当事者B）": 2, "地点　緯度（北緯）": 34.52471806, "地点　経度（東経）": 132.4913483, "曜日(発生年月日)": 2, "祝日(発生年月日)": 3, "認知機能検査経過日数（当事者A）": 346, "認知機能検査経過日数（当事者B）": 0, "運転練習の方法（当事者A）": 9, "運転練習の方法（当事者B）": 0, "field_69": null }, "geometry": { "type": "Point", "coordinates": [ 132.4913483, 34.52471806 ] } },
{ "type": "Feature", "properties": { "資料区分": 1, "都道府県コード": 73, "警察署等コード": 114, "本票番号": 38, "事故内容": 2, "死者数": 0, "負傷者数": 1, "路線コード": 99000, "地点コード": 0, "市区町村コード": 106, "発生日時　　年": 2024, "発生日時　　月": 2, "発生日時　　日": 14, "発生日時　　時": 12, "発生日時　　分": 38, "昼夜": 12, "日の出時刻　　時": 6, "日の出時刻　　分": 56, "日の入り時刻　　時": 17, "日の入り時刻　　分": 52, "天候": 2, "地形": 1, "路面状態": 1, "道路形状": 0, "信号機": 7, "一時停止規制　標識（当事者A）": 0, "一時停止規制　表示（当事者A）": 0, "一時停止規制　標識（当事者B）": 0, "一時停止規制　表示（当事者B）": 0, "車道幅員": 0, "道路線形": 0, "衝突地点": 20, "ゾーン規制": 70, "中央分離帯施設等": 0, "歩車道区分": 4, "事故類型": 1, "年齢（当事者A）": 75, "年齢（当事者B）": 65, "当事者種別（当事者A）": 4, "当事者種別（当事者B）": 61, "用途別（当事者A）": 31, "用途別（当事者B）": 0, "車両形状等（当事者A）": 1, "車両形状等（当事者B）": 0, "オートマチック車（当事者A）": 1, "オートマチック車（当事者B）": 0, "サポカー（当事者A）": 11, "サポカー（当事者B）": 0, "速度規制（指定のみ）（当事者A）": 10, "速度規制（指定のみ）（当事者B）": 0, "車両の衝突部位（当事者A）": 60, "車両の衝突部位（当事者B）": 0, "車両の損壊程度（当事者A）": 3, "車両の損壊程度（当事者B）": 0, "エアバッグの装備（当事者A）": 2, "エアバッグの装備（当事者B）": 0, "サイドエアバッグの装備（当事者A）": 2, "サイドエアバッグの装備（当事者B）": 0, "人身損傷程度（当事者A）": 4, "人身損傷程度（当事者B）": 2, "地点　緯度（北緯）": 34.52121389, "地点　経度（東経）": 132.5102306, "曜日(発生年月日)": 4, "祝日(発生年月日)": 3, "認知機能検査経過日数（当事者A）": 9999, "認知機能検査経過日数（当事者B）": 0, "運転練習の方法（当事者A）": 9, "運転練習の方法（当事者B）": 0, "field_69": null }, "geometry": { "type": "Point", "coordinates": [ 132.5102306, 34.52121389 ] } },
{ "type": "Feature", "properties": { "資料区分": 1, "都道府県コード": 73, "警察署等コード": 114, "本票番号": 39, "事故内容": 2, "死者数": 0, "負傷者数": 1, "路線コード": 1830, "地点コード": 0, "市区町村コード": 106, "発生日時　　年": 2024, "発生日時　　月": 2, "発生日時　　日": 6, "発生日時　　時": 19, "発生日時　　分": 20, "昼夜": 22, "日の出時刻　　時": 7, "日の出時刻　　分": 3, "日の入り時刻　　時": 17, "日の入り時刻　　分": 44, "天候": 2, "地形": 1, "路面状態": 1, "道路形状": 1, "信号機": 1, "一時停止規制　標識（当事者A）": 9, "一時停止規制　表示（当事者A）": 22, "一時停止規制　標識（当事者B）": 0, "一時停止規制　表示（当事者B）": 0, "車道幅員": 18, "道路線形": 9, "衝突地点": 30, "ゾーン規制": 70, "中央分離帯施設等": 4, "歩車道区分": 2, "事故類型": 1, "年齢（当事者A）": 25, "年齢（当事者B）": 45, "当事者種別（当事者A）": 3, "当事者種別（当事者B）": 61, "用途別（当事者A）": 31, "用途別（当事者B）": 0, "車両形状等（当事者A）": 1, "車両形状等（当事者B）": 0, "オートマチック車（当事者A）": 1, "オートマチック車（当事者B）": 0, "サポカー（当事者A）": 1, "サポカー（当事者B）": 0, "速度規制（指定のみ）（当事者A）": 4, "速度規制（指定のみ）（当事者B）": 0, "車両の衝突部位（当事者A）": 50, "車両の衝突部位（当事者B）": 0, "車両の損壊程度（当事者A）": 3, "車両の損壊程度（当事者B）": 0, "エアバッグの装備（当事者A）": 2, "エアバッグの装備（当事者B）": 0, "サイドエアバッグの装備（当事者A）": 2, "サイドエアバッグの装備（当事者B）": 0, "人身損傷程度（当事者A）": 4, "人身損傷程度（当事者B）": 2, "地点　緯度（北緯）": 34.52107611, "地点　経度（東経）": 132.5122067, "曜日(発生年月日)": 3, "祝日(発生年月日)": 3, "認知機能検査経過日数（当事者A）": 9999, "認知機能検査経過日数（当事者B）": 0, "運転練習の方法（当事者A）": 9, "運転練習の方法（当事者B）": 0, "field_69": null }, "geometry": { "type": "Point", "coordinates": [ 132.5122067, 34.52107611 ] } },
{ "type": "Feature", "properties": { "資料区分": 1, "都道府県コード": 73, "警察署等コード": 114, "本票番号": 43, "事故内容": 2, "死者数": 0, "負傷者数": 1, "路線コード": 1830, "地点コード": 0, "市区町村コード": 106, "発生日時　　年": 2024, "発生日時　　月": 2, "発生日時　　日": 23, "発生日時　　時": 10, "発生日時　　分": 8, "昼夜": 12, "日の出時刻　　時": 6, "日の出時刻　　分": 46, "日の入り時刻　　時": 18, "日の入り時刻　　分": 0, "天候": 2, "地形": 1, "路面状態": 2, "道路形状": 1, "信号機": 1, "一時停止規制　標識（当事者A）": 9, "一時停止規制　表示（当事者A）": 22, "一時停止規制　標識（当事者B）": 0, "一時停止規制　表示（当事者B）": 0, "車道幅員": 15, "道路線形": 9, "衝突地点": 30, "ゾーン規制": 70, "中央分離帯施設等": 5, "歩車道区分": 2, "事故類型": 1, "年齢（当事者A）": 75, "年齢（当事者B）": 65, "当事者種別（当事者A）": 4, "当事者種別（当事者B）": 61, "用途別（当事者A）": 31, "用途別（当事者B）": 0, "車両形状等（当事者A）": 1, "車両形状等（当事者B）": 0, "オートマチック車（当事者A）": 1, "オートマチック車（当事者B）": 0, "サポカー（当事者A）": 11, "サポカー（当事者B）": 0, "速度規制（指定のみ）（当事者A）": 4, "速度規制（指定のみ）（当事者B）": 0, "車両の衝突部位（当事者A）": 10, "車両の衝突部位（当事者B）": 0, "車両の損壊程度（当事者A）": 3, "車両の損壊程度（当事者B）": 0, "エアバッグの装備（当事者A）": 2, "エアバッグの装備（当事者B）": 0, "サイドエアバッグの装備（当事者A）": 2, "サイドエアバッグの装備（当事者B）": 0, "人身損傷程度（当事者A）": 4, "人身損傷程度（当事者B）": 2, "地点　緯度（北緯）": 34.50488222, "地点　経度（東経）": 132.5136797, "曜日(発生年月日)": 6, "祝日(発生年月日)": 1, "認知機能検査経過日数（当事者A）": 700, "認知機能検査経過日数（当事者B）": 0, "運転練習の方法（当事者A）": 9, "運転練習の方法（当事者B）": 0, "field_69": null }, "geometry": { "type": "Point", "coordinates": [ 132.513679700000012, 34.50488222 ] } },
{ "type": "Feature", "properties": { "資料区分": 1, "都道府県コード": 73, "警察署等コード": 114, "本票番号": 44, "事故内容": 2, "死者数": 0, "負傷者数": 1, "路線コード": 14370, "地点コード": 0, "市区町村コード": 106, "発生日時　　年": 2024, "発生日時　　月": 2, "発生日時　　日": 15, "発生日時　　時": 18, "発生日時　　分": 35, "昼夜": 21, "日の出時刻　　時": 6, "日の出時刻　　分": 55, "日の入り時刻　　時": 17, "日の入り時刻　　分": 53, "天候": 3, "地形": 1, "路面状態": 2, "道路形状": 1, "信号機": 1, "一時停止規制　標識（当事者A）": 9, "一時停止規制　表示（当事者A）": 22, "一時停止規制　標識（当事者B）": 0, "一時停止規制　表示（当事者B）": 0, "車道幅員": 18, "道路線形": 9, "衝突地点": 30, "ゾーン規制": 70, "中央分離帯施設等": 1, "歩車道区分": 2, "事故類型": 1, "年齢（当事者A）": 35, "年齢（当事者B）": 1, "当事者種別（当事者A）": 3, "当事者種別（当事者B）": 61, "用途別（当事者A）": 31, "用途別（当事者B）": 0, "車両形状等（当事者A）": 1, "車両形状等（当事者B）": 0, "オートマチック車（当事者A）": 1, "オートマチック車（当事者B）": 0, "サポカー（当事者A）": 11, "サポカー（当事者B）": 0, "速度規制（指定のみ）（当事者A）": 4, "速度規制（指定のみ）（当事者B）": 0, "車両の衝突部位（当事者A）": 10, "車両の衝突部位（当事者B）": 0, "車両の損壊程度（当事者A）": 3, "車両の損壊程度（当事者B）": 0, "エアバッグの装備（当事者A）": 2, "エアバッグの装備（当事者B）": 0, "サイドエアバッグの装備（当事者A）": 2, "サイドエアバッグの装備（当事者B）": 0, "人身損傷程度（当事者A）": 4, "人身損傷程度（当事者B）": 2, "地点　緯度（北緯）": 34.46688833, "地点　経度（東経）": 132.5067172, "曜日(発生年月日)": 5, "祝日(発生年月日)": 3, "認知機能検査経過日数（当事者A）": 9999, "認知機能検査経過日数（当事者B）": 0, "運転練習の方法（当事者A）": 1, "運転練習の方法（当事者B）": 0, "field_69": null }, "geometry": { "type": "Point", "coordinates": [ 132.5067172, 34.46688833 ] } },
{ "type": "Feature", "properties": { "資料区分": 1, "都道府県コード": 73, "警察署等コード": 117, "本票番号": 16, "事故内容": 2, "死者数": 0, "負傷者数": 1, "路線コード": 3170, "地点コード": 0, "市区町村コード": 205, "発生日時　　年": 2024, "発生日時　　月": 2, "発生日時　　日": 3, "発生日時　　時": 9, "発生日時　　分": 1, "昼夜": 12, "日の出時刻　　時": 7, "日の出時刻　　分": 6, "日の入り時刻　　時": 17, "日の入り時刻　　分": 41, "天候": 1, "地形": 1, "路面状態": 1, "道路形状": 1, "信号機": 1, "一時停止規制　標識（当事者A）": 1, "一時停止規制　表示（当事者A）": 21, "一時停止規制　標識（当事者B）": 0, "一時停止規制　表示（当事者B）": 0, "車道幅員": 17, "道路線形": 9, "衝突地点": 30, "ゾーン規制": 70, "中央分離帯施設等": 4, "歩車道区分": 2, "事故類型": 1, "年齢（当事者A）": 35, "年齢（当事者B）": 75, "当事者種別（当事者A）": 3, "当事者種別（当事者B）": 61, "用途別（当事者A）": 31, "用途別（当事者B）": 0, "車両形状等（当事者A）": 1, "車両形状等（当事者B）": 0, "オートマチック車（当事者A）": 1, "オートマチック車（当事者B）": 0, "サポカー（当事者A）": 11, "サポカー（当事者B）": 0, "速度規制（指定のみ）（当事者A）": 3, "速度規制（指定のみ）（当事者B）": 0, "車両の衝突部位（当事者A）": 10, "車両の衝突部位（当事者B）": 0, "車両の損壊程度（当事者A）": 3, "車両の損壊程度（当事者B）": 0, "エアバッグの装備（当事者A）": 2, "エアバッグの装備（当事者B）": 0, "サイドエアバッグの装備（当事者A）": 2, "サイドエアバッグの装備（当事者B）": 0, "人身損傷程度（当事者A）": 4, "人身損傷程度（当事者B）": 2, "地点　緯度（北緯）": 34.39939194, "地点　経度（東経）": 133.2056733, "曜日(発生年月日)": 7, "祝日(発生年月日)": 3, "認知機能検査経過日数（当事者A）": 9999, "認知機能検査経過日数（当事者B）": 0, "運転練習の方法（当事者A）": 1, "運転練習の方法（当事者B）": 0, "field_69": null }, "geometry": { "type": "Point", "coordinates": [ 133.2056733, 34.39939194 ] } },
{ "type": "Feature", "properties": { "資料区分": 1, "都道府県コード": 73, "警察署等コード": 117, "本票番号": 17, "事故内容": 2, "死者数": 0, "負傷者数": 1, "路線コード": 37170, "地点コード": 0, "市区町村コード": 205, "発生日時　　年": 2023, "発生日時　　月": 12, "発生日時　　日": 6, "発生日時　　時": 17, "発生日時　　分": 30, "昼夜": 21, "日の出時刻　　時": 7, "日の出時刻　　分": 2, "日の入り時刻　　時": 17, "日の入り時刻　　分": 0, "天候": 1, "地形": 1, "路面状態": 1, "道路形状": 1, "信号機": 7, "一時停止規制　標識（当事者A）": 9, "一時停止規制　表示（当事者A）": 22, "一時停止規制　標識（当事者B）": 0, "一時停止規制　表示（当事者B）": 0, "車道幅員": 11, "道路線形": 9, "衝突地点": 30, "ゾーン規制": 70, "中央分離帯施設等": 5, "歩車道区分": 3, "事故類型": 1, "年齢（当事者A）": 55, "年齢（当事者B）": 55, "当事者種別（当事者A）": 4, "当事者種別（当事者B）": 61, "用途別（当事者A）": 31, "用途別（当事者B）": 0, "車両形状等（当事者A）": 1, "車両形状等（当事者B）": 0, "オートマチック車（当事者A）": 1, "オートマチック車（当事者B）": 0, "サポカー（当事者A）": 11, "サポカー（当事者B）": 0, "速度規制（指定のみ）（当事者A）": 2, "速度規制（指定のみ）（当事者B）": 0, "車両の衝突部位（当事者A）": 50, "車両の衝突部位（当事者B）": 0, "車両の損壊程度（当事者A）": 3, "車両の損壊程度（当事者B）": 0, "エアバッグの装備（当事者A）": 2, "エアバッグの装備（当事者B）": 0, "サイドエアバッグの装備（当事者A）": 2, "サイドエアバッグの装備（当事者B）": 0, "人身損傷程度（当事者A）": 4, "人身損傷程度（当事者B）": 2, "地点　緯度（北緯）": 34.40449889, "地点　経度（東経）": 133.1910281, "曜日(発生年月日)": 4, "祝日(発生年月日)": 3, "認知機能検査経過日数（当事者A）": 9999, "認知機能検査経過日数（当事者B）": 0, "運転練習の方法（当事者A）": 9, "運転練習の方法（当事者B）": 0, "field_69": null }, "geometry": { "type": "Point", "coordinates": [ 133.191028100000011, 34.40449889 ] } },
{ "type": "Feature", "properties": { "資料区分": 1, "都道府県コード": 73, "警察署等コード": 119, "本票番号": 3, "事故内容": 2, "死者数": 0, "負傷者数": 1, "路線コード": 99000, "地点コード": 0, "市区町村コード": 204, "発生日時　　年": 2024, "発生日時　　月": 1, "発生日時　　日": 14, "発生日時　　時": 15, "発生日時　　分": 35, "昼夜": 12, "日の出時刻　　時": 7, "日の出時刻　　分": 16, "日の入り時刻　　時": 17, "日の入り時刻　　分": 21, "天候": 1, "地形": 1, "路面状態": 1, "道路形状": 0, "信号機": 7, "一時停止規制　標識（当事者A）": 0, "一時停止規制　表示（当事者A）": 0, "一時停止規制　標識（当事者B）": 0, "一時停止規制　表示（当事者B）": 0, "車道幅員": 0, "道路線形": 0, "衝突地点": 20, "ゾーン規制": 70, "中央分離帯施設等": 0, "歩車道区分": 4, "事故類型": 1, "年齢（当事者A）": 35, "年齢（当事者B）": 75, "当事者種別（当事者A）": 3, "当事者種別（当事者B）": 61, "用途別（当事者A）": 31, "用途別（当事者B）": 0, "車両形状等（当事者A）": 1, "車両形状等（当事者B）": 0, "オートマチック車（当事者A）": 1, "オートマチック車（当事者B）": 0, "サポカー（当事者A）": 11, "サポカー（当事者B）": 0, "速度規制（指定のみ）（当事者A）": 10, "速度規制（指定のみ）（当事者B）": 0, "車両の衝突部位（当事者A）": 50, "車両の衝突部位（当事者B）": 0, "車両の損壊程度（当事者A）": 3, "車両の損壊程度（当事者B）": 0, "エアバッグの装備（当事者A）": 2, "エアバッグの装備（当事者B）": 0, "サイドエアバッグの装備（当事者A）": 2, "サイドエアバッグの装備（当事者B）": 0, "人身損傷程度（当事者A）": 4, "人身損傷程度（当事者B）": 2, "地点　緯度（北緯）": 34.3975575, "地点　経度（東経）": 133.0861536, "曜日(発生年月日)": 1, "祝日(発生年月日)": 3, "認知機能検査経過日数（当事者A）": 9999, "認知機能検査経過日数（当事者B）": 0, "運転練習の方法（当事者A）": 1, "運転練習の方法（当事者B）": 0, "field_69": null }, "geometry": { "type": "Point", "coordinates": [ 133.086153599999989, 34.3975575 ] } },
{ "type": "Feature", "properties": { "資料区分": 1, "都道府県コード": 73, "警察署等コード": 119, "本票番号": 6, "事故内容": 2, "死者数": 0, "負傷者数": 1, "路線コード": 14250, "地点コード": 0, "市区町村コード": 204, "発生日時　　年": 2024, "発生日時　　月": 2, "発生日時　　日": 3, "発生日時　　時": 20, "発生日時　　分": 35, "昼夜": 22, "日の出時刻　　時": 7, "日の出時刻　　分": 6, "日の入り時刻　　時": 17, "日の入り時刻　　分": 41, "天候": 5, "地形": 3, "路面状態": 2, "道路形状": 14, "信号機": 7, "一時停止規制　標識（当事者A）": 0, "一時停止規制　表示（当事者A）": 0, "一時停止規制　標識（当事者B）": 0, "一時停止規制　表示（当事者B）": 0, "車道幅員": 3, "道路線形": 8, "衝突地点": 1, "ゾーン規制": 70, "中央分離帯施設等": 4, "歩車道区分": 4, "事故類型": 1, "年齢（当事者A）": 75, "年齢（当事者B）": 35, "当事者種別（当事者A）": 3, "当事者種別（当事者B）": 61, "用途別（当事者A）": 31, "用途別（当事者B）": 0, "車両形状等（当事者A）": 1, "車両形状等（当事者B）": 0, "オートマチック車（当事者A）": 1, "オートマチック車（当事者B）": 0, "サポカー（当事者A）": 11, "サポカー（当事者B）": 0, "速度規制（指定のみ）（当事者A）": 3, "速度規制（指定のみ）（当事者B）": 0, "車両の衝突部位（当事者A）": 10, "車両の衝突部位（当事者B）": 0, "車両の損壊程度（当事者A）": 3, "車両の損壊程度（当事者B）": 0, "エアバッグの装備（当事者A）": 2, "エアバッグの装備（当事者B）": 0, "サイドエアバッグの装備（当事者A）": 2, "サイドエアバッグの装備（当事者B）": 0, "人身損傷程度（当事者A）": 4, "人身損傷程度（当事者B）": 2, "地点　緯度（北緯）": 34.45141, "地点　経度（東経）": 133.0703711, "曜日(発生年月日)": 7, "祝日(発生年月日)": 3, "認知機能検査経過日数（当事者A）": 1018, "認知機能検査経過日数（当事者B）": 0, "運転練習の方法（当事者A）": 1, "運転練習の方法（当事者B）": 0, "field_69": null }, "geometry": { "type": "Point", "coordinates": [ 133.070371099999988, 34.45141 ] } },
{ "type": "Feature", "properties": { "資料区分": 1, "都道府県コード": 73, "警察署等コード": 119, "本票番号": 11, "事故内容": 2, "死者数": 0, "負傷者数": 1, "路線コード": 99000, "地点コード": 0, "市区町村コード": 204, "発生日時　　年": 2024, "発生日時　　月": 2, "発生日時　　日": 11, "発生日時　　時": 10, "発生日時　　分": 49, "昼夜": 12, "日の出時刻　　時": 6, "日の出時刻　　分": 59, "日の入り時刻　　時": 17, "日の入り時刻　　分": 49, "天候": 2, "地形": 1, "路面状態": 1, "道路形状": 0, "信号機": 7, "一時停止規制　標識（当事者A）": 0, "一時停止規制　表示（当事者A）": 0, "一時停止規制　標識（当事者B）": 0, "一時停止規制　表示（当事者B）": 0, "車道幅員": 0, "道路線形": 0, "衝突地点": 20, "ゾーン規制": 70, "中央分離帯施設等": 0, "歩車道区分": 2, "事故類型": 1, "年齢（当事者A）": 65, "年齢（当事者B）": 1, "当事者種別（当事者A）": 1, "当事者種別（当事者B）": 61, "用途別（当事者A）": 1, "用途別（当事者B）": 0, "車両形状等（当事者A）": 1, "車両形状等（当事者B）": 0, "オートマチック車（当事者A）": 1, "オートマチック車（当事者B）": 0, "サポカー（当事者A）": 11, "サポカー（当事者B）": 0, "速度規制（指定のみ）（当事者A）": 10, "速度規制（指定のみ）（当事者B）": 0, "車両の衝突部位（当事者A）": 80, "車両の衝突部位（当事者B）": 0, "車両の損壊程度（当事者A）": 3, "車両の損壊程度（当事者B）": 0, "エアバッグの装備（当事者A）": 2, "エアバッグの装備（当事者B）": 0, "サイドエアバッグの装備（当事者A）": 2, "サイドエアバッグの装備（当事者B）": 0, "人身損傷程度（当事者A）": 4, "人身損傷程度（当事者B）": 2, "地点　緯度（北緯）": 34.40023306, "地点　経度（東経）": 133.0828108, "曜日(発生年月日)": 1, "祝日(発生年月日)": 1, "認知機能検査経過日数（当事者A）": 9999, "認知機能検査経過日数（当事者B）": 0, "運転練習の方法（当事者A）": 9, "運転練習の方法（当事者B）": 0, "field_69": null }, "geometry": { "type": "Point", "coordinates": [ 133.0828108, 34.40023306 ] } },
{ "type": "Feature", "properties": { "資料区分": 1, "都道府県コード": 73, "警察署等コード": 120, "本票番号": 25, "事故内容": 2, "死者数": 0, "負傷者数": 1, "路線コード": 37200, "地点コード": 0, "市区町村コード": 207, "発生日時　　年": 2024, "発生日時　　月": 1, "発生日時　　日": 24, "発生日時　　時": 18, "発生日時　　分": 22, "昼夜": 21, "日の出時刻　　時": 7, "日の出時刻　　分": 12, "日の入り時刻　　時": 17, "日の入り時刻　　分": 31, "天候": 1, "地形": 1, "路面状態": 1, "道路形状": 7, "信号機": 7, "一時停止規制　標識（当事者A）": 0, "一時停止規制　表示（当事者A）": 0, "一時停止規制　標識（当事者B）": 0, "一時停止規制　表示（当事者B）": 0, "車道幅員": 3, "道路線形": 9, "衝突地点": 1, "ゾーン規制": 70, "中央分離帯施設等": 4, "歩車道区分": 2, "事故類型": 1, "年齢（当事者A）": 45, "年齢（当事者B）": 55, "当事者種別（当事者A）": 3, "当事者種別（当事者B）": 61, "用途別（当事者A）": 31, "用途別（当事者B）": 0, "車両形状等（当事者A）": 1, "車両形状等（当事者B）": 0, "オートマチック車（当事者A）": 1, "オートマチック車（当事者B）": 0, "サポカー（当事者A）": 11, "サポカー（当事者B）": 0, "速度規制（指定のみ）（当事者A）": 10, "速度規制（指定のみ）（当事者B）": 0, "車両の衝突部位（当事者A）": 30, "車両の衝突部位（当事者B）": 0, "車両の損壊程度（当事者A）": 3, "車両の損壊程度（当事者B）": 0, "エアバッグの装備（当事者A）": 2, "エアバッグの装備（当事者B）": 0, "サイドエアバッグの装備（当事者A）": 2, "サイドエアバッグの装備（当事者B）": 0, "人身損傷程度（当事者A）": 4, "人身損傷程度（当事者B）": 2, "地点　緯度（北緯）": 34.49830667, "地点　経度（東経）": 133.3377472, "曜日(発生年月日)": 4, "祝日(発生年月日)": 3, "認知機能検査経過日数（当事者A）": 9999, "認知機能検査経過日数（当事者B）": 0, "運転練習の方法（当事者A）": 5, "運転練習の方法（当事者B）": 0, "field_69": null }, "geometry": { "type": "Point", "coordinates": [ 133.3377472, 34.49830667 ] } },
{ "type": "Feature", "properties": { "資料区分": 1, "都道府県コード": 73, "警察署等コード": 120, "本票番号": 30, "事故内容": 2, "死者数": 0, "負傷者数": 1, "路線コード": 37200, "地点コード": 0, "市区町村コード": 207, "発生日時　　年": 2024, "発生日時　　月": 2, "発生日時　　日": 14, "発生日時　　時": 19, "発生日時　　分": 47, "昼夜": 22, "日の出時刻　　時": 6, "日の出時刻　　分": 56, "日の入り時刻　　時": 17, "日の入り時刻　　分": 52, "天候": 2, "地形": 3, "路面状態": 1, "道路形状": 14, "信号機": 7, "一時停止規制　標識（当事者A）": 0, "一時停止規制　表示（当事者A）": 0, "一時停止規制　標識（当事者B）": 0, "一時停止規制　表示（当事者B）": 0, "車道幅員": 1, "道路線形": 8, "衝突地点": 1, "ゾーン規制": 70, "中央分離帯施設等": 5, "歩車道区分": 4, "事故類型": 1, "年齢（当事者A）": 35, "年齢（当事者B）": 35, "当事者種別（当事者A）": 3, "当事者種別（当事者B）": 61, "用途別（当事者A）": 31, "用途別（当事者B）": 0, "車両形状等（当事者A）": 1, "車両形状等（当事者B）": 0, "オートマチック車（当事者A）": 1, "オートマチック車（当事者B）": 0, "サポカー（当事者A）": 11, "サポカー（当事者B）": 0, "速度規制（指定のみ）（当事者A）": 1, "速度規制（指定のみ）（当事者B）": 0, "車両の衝突部位（当事者A）": 40, "車両の衝突部位（当事者B）": 0, "車両の損壊程度（当事者A）": 3, "車両の損壊程度（当事者B）": 0, "エアバッグの装備（当事者A）": 2, "エアバッグの装備（当事者B）": 0, "サイドエアバッグの装備（当事者A）": 2, "サイドエアバッグの装備（当事者B）": 0, "人身損傷程度（当事者A）": 4, "人身損傷程度（当事者B）": 2, "地点　緯度（北緯）": 34.38717139, "地点　経度（東経）": 133.2991839, "曜日(発生年月日)": 4, "祝日(発生年月日)": 3, "認知機能検査経過日数（当事者A）": 9999, "認知機能検査経過日数（当事者B）": 0, "運転練習の方法（当事者A）": 1, "運転練習の方法（当事者B）": 0, "field_69": null }, "geometry": { "type": "Point", "coordinates": [ 133.2991839, 34.38717139 ] } },
{ "type": "Feature", "properties": { "資料区分": 1, "都道府県コード": 73, "警察署等コード": 121, "本票番号": 35, "事故内容": 2, "死者数": 0, "負傷者数": 1, "路線コード": 38510, "地点コード": 0, "市区町村コード": 207, "発生日時　　年": 2023, "発生日時　　月": 8, "発生日時　　日": 23, "発生日時　　時": 23, "発生日時　　分": 11, "昼夜": 22, "日の出時刻　　時": 5, "日の出時刻　　分": 37, "日の入り時刻　　時": 18, "日の入り時刻　　分": 48, "天候": 2, "地形": 1, "路面状態": 1, "道路形状": 1, "信号機": 1, "一時停止規制　標識（当事者A）": 9, "一時停止規制　表示（当事者A）": 22, "一時停止規制　標識（当事者B）": 0, "一時停止規制　表示（当事者B）": 0, "車道幅員": 18, "道路線形": 9, "衝突地点": 30, "ゾーン規制": 70, "中央分離帯施設等": 5, "歩車道区分": 2, "事故類型": 1, "年齢（当事者A）": 45, "年齢（当事者B）": 65, "当事者種別（当事者A）": 3, "当事者種別（当事者B）": 61, "用途別（当事者A）": 1, "用途別（当事者B）": 0, "車両形状等（当事者A）": 1, "車両形状等（当事者B）": 0, "オートマチック車（当事者A）": 1, "オートマチック車（当事者B）": 0, "サポカー（当事者A）": 11, "サポカー（当事者B）": 0, "速度規制（指定のみ）（当事者A）": 4, "速度規制（指定のみ）（当事者B）": 0, "車両の衝突部位（当事者A）": 10, "車両の衝突部位（当事者B）": 0, "車両の損壊程度（当事者A）": 3, "車両の損壊程度（当事者B）": 0, "エアバッグの装備（当事者A）": 2, "エアバッグの装備（当事者B）": 0, "サイドエアバッグの装備（当事者A）": 2, "サイドエアバッグの装備（当事者B）": 0, "人身損傷程度（当事者A）": 4, "人身損傷程度（当事者B）": 2, "地点　緯度（北緯）": 34.48534833, "地点　経度（東経）": 133.3698186, "曜日(発生年月日)": 4, "祝日(発生年月日)": 3, "認知機能検査経過日数（当事者A）": 9999, "認知機能検査経過日数（当事者B）": 0, "運転練習の方法（当事者A）": 1, "運転練習の方法（当事者B）": 0, "field_69": null }, "geometry": { "type": "Point", "coordinates": [ 133.3698186, 34.48534833 ] } },
{ "type": "Feature", "properties": { "資料区分": 1, "都道府県コード": 73, "警察署等コード": 121, "本票番号": 43, "事故内容": 2, "死者数": 0, "負傷者数": 1, "路線コード": 37210, "地点コード": 0, "市区町村コード": 207, "発生日時　　年": 2023, "発生日時　　月": 11, "発生日時　　日": 26, "発生日時　　時": 0, "発生日時　　分": 55, "昼夜": 22, "日の出時刻　　時": 6, "日の出時刻　　分": 54, "日の入り時刻　　時": 17, "日の入り時刻　　分": 1, "天候": 1, "地形": 1, "路面状態": 1, "道路形状": 14, "信号機": 7, "一時停止規制　標識（当事者A）": 0, "一時停止規制　表示（当事者A）": 0, "一時停止規制　標識（当事者B）": 0, "一時停止規制　表示（当事者B）": 0, "車道幅員": 6, "道路線形": 9, "衝突地点": 1, "ゾーン規制": 70, "中央分離帯施設等": 4, "歩車道区分": 3, "事故類型": 1, "年齢（当事者A）": 25, "年齢（当事者B）": 0, "当事者種別（当事者A）": 61, "当事者種別（当事者B）": 0, "用途別（当事者A）": 0, "用途別（当事者B）": 0, "車両形状等（当事者A）": 0, "車両形状等（当事者B）": 0, "オートマチック車（当事者A）": 0, "オートマチック車（当事者B）": 0, "サポカー（当事者A）": 0, "サポカー（当事者B）": 0, "速度規制（指定のみ）（当事者A）": 0, "速度規制（指定のみ）（当事者B）": 0, "車両の衝突部位（当事者A）": 0, "車両の衝突部位（当事者B）": 0, "車両の損壊程度（当事者A）": 0, "車両の損壊程度（当事者B）": 0, "エアバッグの装備（当事者A）": 0, "エアバッグの装備（当事者B）": 0, "サイドエアバッグの装備（当事者A）": 0, "サイドエアバッグの装備（当事者B）": 0, "人身損傷程度（当事者A）": 2, "人身損傷程度（当事者B）": 0, "地点　緯度（北緯）": 34.471415, "地点　経度（東経）": 133.3800775, "曜日(発生年月日)": 1, "祝日(発生年月日)": 3, "認知機能検査経過日数（当事者A）": 0, "認知機能検査経過日数（当事者B）": 0, "運転練習の方法（当事者A）": 0, "運転練習の方法（当事者B）": 0, "field_69": null }, "geometry": { "type": "Point", "coordinates": [ 133.3800775, 34.471415 ] } },
{ "type": "Feature", "properties": { "資料区分": 1, "都道府県コード": 73, "警察署等コード": 121, "本票番号": 54, "事故内容": 2, "死者数": 0, "負傷者数": 1, "路線コード": 37210, "地点コード": 0, "市区町村コード": 207, "発生日時　　年": 2024, "発生日時　　月": 1, "発生日時　　日": 31, "発生日時　　時": 15, "発生日時　　分": 30, "昼夜": 12, "日の出時刻　　時": 7, "日の出時刻　　分": 8, "日の入り時刻　　時": 17, "日の入り時刻　　分": 38, "天候": 3, "地形": 1, "路面状態": 1, "道路形状": 1, "信号機": 7, "一時停止規制　標識（当事者A）": 9, "一時停止規制　表示（当事者A）": 22, "一時停止規制　標識（当事者B）": 0, "一時停止規制　表示（当事者B）": 0, "車道幅員": 15, "道路線形": 9, "衝突地点": 30, "ゾーン規制": 70, "中央分離帯施設等": 5, "歩車道区分": 3, "事故類型": 1, "年齢（当事者A）": 75, "年齢（当事者B）": 1, "当事者種別（当事者A）": 14, "当事者種別（当事者B）": 61, "用途別（当事者A）": 31, "用途別（当事者B）": 0, "車両形状等（当事者A）": 11, "車両形状等（当事者B）": 0, "オートマチック車（当事者A）": 1, "オートマチック車（当事者B）": 0, "サポカー（当事者A）": 11, "サポカー（当事者B）": 0, "速度規制（指定のみ）（当事者A）": 10, "速度規制（指定のみ）（当事者B）": 0, "車両の衝突部位（当事者A）": 80, "車両の衝突部位（当事者B）": 0, "車両の損壊程度（当事者A）": 3, "車両の損壊程度（当事者B）": 0, "エアバッグの装備（当事者A）": 2, "エアバッグの装備（当事者B）": 0, "サイドエアバッグの装備（当事者A）": 2, "サイドエアバッグの装備（当事者B）": 0, "人身損傷程度（当事者A）": 4, "人身損傷程度（当事者B）": 2, "地点　緯度（北緯）": 34.50043139, "地点　経度（東経）": 133.43729, "曜日(発生年月日)": 4, "祝日(発生年月日)": 3, "認知機能検査経過日数（当事者A）": 708, "認知機能検査経過日数（当事者B）": 0, "運転練習の方法（当事者A）": 9, "運転練習の方法（当事者B）": 0, "field_69": null }, "geometry": { "type": "Point", "coordinates": [ 133.43729, 34.50043139 ] } },
{ "type": "Feature", "properties": { "資料区分": 1, "都道府県コード": 73, "警察署等コード": 121, "本票番号": 67, "事故内容": 2, "死者数": 0, "負傷者数": 1, "路線コード": 37210, "地点コード": 0, "市区町村コード": 207, "発生日時　　年": 2023, "発生日時　　月": 12, "発生日時　　日": 26, "発生日時　　時": 10, "発生日時　　分": 15, "昼夜": 12, "日の出時刻　　時": 7, "日の出時刻　　分": 15, "日の入り時刻　　時": 17, "日の入り時刻　　分": 7, "天候": 1, "地形": 1, "路面状態": 1, "道路形状": 12, "信号機": 7, "一時停止規制　標識（当事者A）": 0, "一時停止規制　表示（当事者A）": 0, "一時停止規制　標識（当事者B）": 0, "一時停止規制　表示（当事者B）": 0, "車道幅員": 2, "道路線形": 7, "衝突地点": 1, "ゾーン規制": 70, "中央分離帯施設等": 4, "歩車道区分": 2, "事故類型": 1, "年齢（当事者A）": 75, "年齢（当事者B）": 35, "当事者種別（当事者A）": 3, "当事者種別（当事者B）": 61, "用途別（当事者A）": 31, "用途別（当事者B）": 0, "車両形状等（当事者A）": 1, "車両形状等（当事者B）": 0, "オートマチック車（当事者A）": 1, "オートマチック車（当事者B）": 0, "サポカー（当事者A）": 11, "サポカー（当事者B）": 0, "速度規制（指定のみ）（当事者A）": 10, "速度規制（指定のみ）（当事者B）": 0, "車両の衝突部位（当事者A）": 80, "車両の衝突部位（当事者B）": 0, "車両の損壊程度（当事者A）": 3, "車両の損壊程度（当事者B）": 0, "エアバッグの装備（当事者A）": 2, "エアバッグの装備（当事者B）": 0, "サイドエアバッグの装備（当事者A）": 2, "サイドエアバッグの装備（当事者B）": 0, "人身損傷程度（当事者A）": 4, "人身損傷程度（当事者B）": 2, "地点　緯度（北緯）": 34.49599333, "地点　経度（東経）": 133.4038008, "曜日(発生年月日)": 3, "祝日(発生年月日)": 3, "認知機能検査経過日数（当事者A）": 9999, "認知機能検査経過日数（当事者B）": 0, "運転練習の方法（当事者A）": 9, "運転練習の方法（当事者B）": 0, "field_69": null }, "geometry": { "type": "Point", "coordinates": [ 133.4038008, 34.49599333 ] } },
{ "type": "Feature", "properties": { "資料区分": 1, "都道府県コード": 73, "警察署等コード": 121, "本票番号": 87, "事故内容": 2, "死者数": 0, "負傷者数": 1, "路線コード": 99000, "地点コード": 0, "市区町村コード": 207, "発生日時　　年": 2024, "発生日時　　月": 2, "発生日時　　日": 5, "発生日時　　時": 10, "発生日時　　分": 40, "昼夜": 12, "日の出時刻　　時": 7, "日の出時刻　　分": 4, "日の入り時刻　　時": 17, "日の入り時刻　　分": 43, "天候": 3, "地形": 1, "路面状態": 2, "道路形状": 0, "信号機": 7, "一時停止規制　標識（当事者A）": 0, "一時停止規制　表示（当事者A）": 0, "一時停止規制　標識（当事者B）": 0, "一時停止規制　表示（当事者B）": 0, "車道幅員": 0, "道路線形": 0, "衝突地点": 20, "ゾーン規制": 70, "中央分離帯施設等": 0, "歩車道区分": 4, "事故類型": 1, "年齢（当事者A）": 65, "年齢（当事者B）": 75, "当事者種別（当事者A）": 3, "当事者種別（当事者B）": 61, "用途別（当事者A）": 31, "用途別（当事者B）": 0, "車両形状等（当事者A）": 1, "車両形状等（当事者B）": 0, "オートマチック車（当事者A）": 1, "オートマチック車（当事者B）": 0, "サポカー（当事者A）": 11, "サポカー（当事者B）": 0, "速度規制（指定のみ）（当事者A）": 10, "速度規制（指定のみ）（当事者B）": 0, "車両の衝突部位（当事者A）": 30, "車両の衝突部位（当事者B）": 0, "車両の損壊程度（当事者A）": 3, "車両の損壊程度（当事者B）": 0, "エアバッグの装備（当事者A）": 2, "エアバッグの装備（当事者B）": 0, "サイドエアバッグの装備（当事者A）": 2, "サイドエアバッグの装備（当事者B）": 0, "人身損傷程度（当事者A）": 4, "人身損傷程度（当事者B）": 2, "地点　緯度（北緯）": 34.47671111, "地点　経度（東経）": 133.3734472, "曜日(発生年月日)": 2, "祝日(発生年月日)": 3, "認知機能検査経過日数（当事者A）": 9999, "認知機能検査経過日数（当事者B）": 0, "運転練習の方法（当事者A）": 9, "運転練習の方法（当事者B）": 0, "field_69": null }, "geometry": { "type": "Point", "coordinates": [ 133.373447199999987, 34.47671111 ] } },
{ "type": "Feature", "properties": { "資料区分": 1, "都道府県コード": 73, "警察署等コード": 121, "本票番号": 88, "事故内容": 2, "死者数": 0, "負傷者数": 1, "路線コード": 38520, "地点コード": 0, "市区町村コード": 207, "発生日時　　年": 2024, "発生日時　　月": 1, "発生日時　　日": 29, "発生日時　　時": 7, "発生日時　　分": 50, "昼夜": 11, "日の出時刻　　時": 7, "日の出時刻　　分": 9, "日の入り時刻　　時": 17, "日の入り時刻　　分": 36, "天候": 1, "地形": 1, "路面状態": 1, "道路形状": 14, "信号機": 7, "一時停止規制　標識（当事者A）": 0, "一時停止規制　表示（当事者A）": 0, "一時停止規制　標識（当事者B）": 0, "一時停止規制　表示（当事者B）": 0, "車道幅員": 3, "道路線形": 9, "衝突地点": 1, "ゾーン規制": 70, "中央分離帯施設等": 4, "歩車道区分": 2, "事故類型": 1, "年齢（当事者A）": 55, "年齢（当事者B）": 55, "当事者種別（当事者A）": 4, "当事者種別（当事者B）": 61, "用途別（当事者A）": 31, "用途別（当事者B）": 0, "車両形状等（当事者A）": 1, "車両形状等（当事者B）": 0, "オートマチック車（当事者A）": 1, "オートマチック車（当事者B）": 0, "サポカー（当事者A）": 11, "サポカー（当事者B）": 0, "速度規制（指定のみ）（当事者A）": 3, "速度規制（指定のみ）（当事者B）": 0, "車両の衝突部位（当事者A）": 10, "車両の衝突部位（当事者B）": 0, "車両の損壊程度（当事者A）": 3, "車両の損壊程度（当事者B）": 0, "エアバッグの装備（当事者A）": 2, "エアバッグの装備（当事者B）": 0, "サイドエアバッグの装備（当事者A）": 2, "サイドエアバッグの装備（当事者B）": 0, "人身損傷程度（当事者A）": 4, "人身損傷程度（当事者B）": 2, "地点　緯度（北緯）": 34.49291833, "地点　経度（東経）": 133.3503231, "曜日(発生年月日)": 2, "祝日(発生年月日)": 3, "認知機能検査経過日数（当事者A）": 9999, "認知機能検査経過日数（当事者B）": 0, "運転練習の方法（当事者A）": 9, "運転練習の方法（当事者B）": 0, "field_69": null }, "geometry": { "type": "Point", "coordinates": [ 133.3503231, 34.49291833 ] } },
{ "type": "Feature", "properties": { "資料区分": 1, "都道府県コード": 73, "警察署等コード": 121, "本票番号": 93, "事故内容": 1, "死者数": 1, "負傷者数": 0, "路線コード": 38530, "地点コード": 0, "市区町村コード": 207, "発生日時　　年": 2024, "発生日時　　月": 2, "発生日時　　日": 27, "発生日時　　時": 21, "発生日時　　分": 5, "昼夜": 22, "日の出時刻　　時": 6, "日の出時刻　　分": 41, "日の入り時刻　　時": 18, "日の入り時刻　　分": 4, "天候": 2, "地形": 1, "路面状態": 1, "道路形状": 1, "信号機": 1, "一時停止規制　標識（当事者A）": 9, "一時停止規制　表示（当事者A）": 22, "一時停止規制　標識（当事者B）": 0, "一時停止規制　表示（当事者B）": 0, "車道幅員": 18, "道路線形": 9, "衝突地点": 30, "ゾーン規制": 70, "中央分離帯施設等": 5, "歩車道区分": 2, "事故類型": 1, "年齢（当事者A）": 25, "年齢（当事者B）": 75, "当事者種別（当事者A）": 3, "当事者種別（当事者B）": 61, "用途別（当事者A）": 31, "用途別（当事者B）": 0, "車両形状等（当事者A）": 1, "車両形状等（当事者B）": 0, "オートマチック車（当事者A）": 1, "オートマチック車（当事者B）": 0, "サポカー（当事者A）": 11, "サポカー（当事者B）": 0, "速度規制（指定のみ）（当事者A）": 4, "速度規制（指定のみ）（当事者B）": 0, "車両の衝突部位（当事者A）": 10, "車両の衝突部位（当事者B）": 0, "車両の損壊程度（当事者A）": 3, "車両の損壊程度（当事者B）": 0, "エアバッグの装備（当事者A）": 2, "エアバッグの装備（当事者B）": 0, "サイドエアバッグの装備（当事者A）": 2, "サイドエアバッグの装備（当事者B）": 0, "人身損傷程度（当事者A）": 4, "人身損傷程度（当事者B）": 1, "地点　緯度（北緯）": 34.48260722, "地点　経度（東経）": 133.3951625, "曜日(発生年月日)": 3, "祝日(発生年月日)": 3, "認知機能検査経過日数（当事者A）": 9999, "認知機能検査経過日数（当事者B）": 0, "運転練習の方法（当事者A）": 1, "運転練習の方法（当事者B）": 0, "field_69": null }, "geometry": { "type": "Point", "coordinates": [ 133.3951625, 34.48260722 ] } },
{ "type": "Feature", "properties": { "資料区分": 1, "都道府県コード": 73, "警察署等コード": 122, "本票番号": 6, "事故内容": 2, "死者数": 0, "負傷者数": 1, "路線コード": 4860, "地点コード": 0, "市区町村コード": 208, "発生日時　　年": 2024, "発生日時　　月": 2, "発生日時　　日": 18, "発生日時　　時": 1, "発生日時　　分": 33, "昼夜": 22, "日の出時刻　　時": 6, "日の出時刻　　分": 52, "日の入り時刻　　時": 17, "日の入り時刻　　分": 55, "天候": 1, "地形": 2, "路面状態": 1, "道路形状": 1, "信号機": 3, "一時停止規制　標識（当事者A）": 9, "一時停止規制　表示（当事者A）": 22, "一時停止規制　標識（当事者B）": 0, "一時停止規制　表示（当事者B）": 0, "車道幅員": 15, "道路線形": 9, "衝突地点": 30, "ゾーン規制": 70, "中央分離帯施設等": 5, "歩車道区分": 2, "事故類型": 1, "年齢（当事者A）": 35, "年齢（当事者B）": 35, "当事者種別（当事者A）": 4, "当事者種別（当事者B）": 61, "用途別（当事者A）": 31, "用途別（当事者B）": 0, "車両形状等（当事者A）": 1, "車両形状等（当事者B）": 0, "オートマチック車（当事者A）": 1, "オートマチック車（当事者B）": 0, "サポカー（当事者A）": 11, "サポカー（当事者B）": 0, "速度規制（指定のみ）（当事者A）": 4, "速度規制（指定のみ）（当事者B）": 0, "車両の衝突部位（当事者A）": 10, "車両の衝突部位（当事者B）": 0, "車両の損壊程度（当事者A）": 3, "車両の損壊程度（当事者B）": 0, "エアバッグの装備（当事者A）": 2, "エアバッグの装備（当事者B）": 0, "サイドエアバッグの装備（当事者A）": 2, "サイドエアバッグの装備（当事者B）": 0, "人身損傷程度（当事者A）": 4, "人身損傷程度（当事者B）": 2, "地点　緯度（北緯）": 34.56198028, "地点　経度（東経）": 133.2493089, "曜日(発生年月日)": 1, "祝日(発生年月日)": 3, "認知機能検査経過日数（当事者A）": 9999, "認知機能検査経過日数（当事者B）": 0, "運転練習の方法（当事者A）": 9, "運転練習の方法（当事者B）": 0, "field_69": null }, "geometry": { "type": "Point", "coordinates": [ 133.249308899999988, 34.56198028 ] } },
{ "type": "Feature", "properties": { "資料区分": 1, "都道府県コード": 73, "警察署等コード": 124, "本票番号": 5, "事故内容": 2, "死者数": 0, "負傷者数": 1, "路線コード": 37240, "地点コード": 0, "市区町村コード": 209, "発生日時　　年": 2024, "発生日時　　月": 1, "発生日時　　日": 12, "発生日時　　時": 17, "発生日時　　分": 58, "昼夜": 21, "日の出時刻　　時": 7, "日の出時刻　　分": 16, "日の入り時刻　　時": 17, "日の入り時刻　　分": 20, "天候": 1, "地形": 3, "路面状態": 1, "道路形状": 14, "信号機": 7, "一時停止規制　標識（当事者A）": 0, "一時停止規制　表示（当事者A）": 0, "一時停止規制　標識（当事者B）": 0, "一時停止規制　表示（当事者B）": 0, "車道幅員": 2, "道路線形": 9, "衝突地点": 1, "ゾーン規制": 70, "中央分離帯施設等": 5, "歩車道区分": 4, "事故類型": 1, "年齢（当事者A）": 35, "年齢（当事者B）": 25, "当事者種別（当事者A）": 4, "当事者種別（当事者B）": 61, "用途別（当事者A）": 31, "用途別（当事者B）": 0, "車両形状等（当事者A）": 1, "車両形状等（当事者B）": 0, "オートマチック車（当事者A）": 1, "オートマチック車（当事者B）": 0, "サポカー（当事者A）": 11, "サポカー（当事者B）": 0, "速度規制（指定のみ）（当事者A）": 2, "速度規制（指定のみ）（当事者B）": 0, "車両の衝突部位（当事者A）": 10, "車両の衝突部位（当事者B）": 0, "車両の損壊程度（当事者A）": 3, "車両の損壊程度（当事者B）": 0, "エアバッグの装備（当事者A）": 2, "エアバッグの装備（当事者B）": 0, "サイドエアバッグの装備（当事者A）": 2, "サイドエアバッグの装備（当事者B）": 0, "人身損傷程度（当事者A）": 4, "人身損傷程度（当事者B）": 2, "地点　緯度（北緯）": 34.80697528, "地点　経度（東経）": 132.86654, "曜日(発生年月日)": 6, "祝日(発生年月日)": 3, "認知機能検査経過日数（当事者A）": 9999, "認知機能検査経過日数（当事者B）": 0, "運転練習の方法（当事者A）": 5, "運転練習の方法（当事者B）": 0, "field_69": null }, "geometry": { "type": "Point", "coordinates": [ 132.86654, 34.80697528 ] } },
{ "type": "Feature", "properties": { "資料区分": 1, "都道府県コード": 73, "警察署等コード": 126, "本票番号": 26, "事故内容": 2, "死者数": 0, "負傷者数": 1, "路線コード": 1830, "地点コード": 0, "市区町村コード": 105, "発生日時　　年": 2024, "発生日時　　月": 1, "発生日時　　日": 20, "発生日時　　時": 18, "発生日時　　分": 50, "昼夜": 22, "日の出時刻　　時": 7, "日の出時刻　　分": 14, "日の入り時刻　　時": 17, "日の入り時刻　　分": 27, "天候": 3, "地形": 1, "路面状態": 1, "道路形状": 1, "信号機": 1, "一時停止規制　標識（当事者A）": 9, "一時停止規制　表示（当事者A）": 22, "一時停止規制　標識（当事者B）": 0, "一時停止規制　表示（当事者B）": 0, "車道幅員": 17, "道路線形": 9, "衝突地点": 30, "ゾーン規制": 70, "中央分離帯施設等": 5, "歩車道区分": 2, "事故類型": 1, "年齢（当事者A）": 25, "年齢（当事者B）": 25, "当事者種別（当事者A）": 3, "当事者種別（当事者B）": 61, "用途別（当事者A）": 31, "用途別（当事者B）": 0, "車両形状等（当事者A）": 1, "車両形状等（当事者B）": 0, "オートマチック車（当事者A）": 1, "オートマチック車（当事者B）": 0, "サポカー（当事者A）": 11, "サポカー（当事者B）": 0, "速度規制（指定のみ）（当事者A）": 4, "速度規制（指定のみ）（当事者B）": 0, "車両の衝突部位（当事者A）": 50, "車両の衝突部位（当事者B）": 0, "車両の損壊程度（当事者A）": 3, "車両の損壊程度（当事者B）": 0, "エアバッグの装備（当事者A）": 2, "エアバッグの装備（当事者B）": 0, "サイドエアバッグの装備（当事者A）": 2, "サイドエアバッグの装備（当事者B）": 0, "人身損傷程度（当事者A）": 4, "人身損傷程度（当事者B）": 2, "地点　緯度（北緯）": 34.428585, "地点　経度（東経）": 132.46013, "曜日(発生年月日)": 7, "祝日(発生年月日)": 3, "認知機能検査経過日数（当事者A）": 9999, "認知機能検査経過日数（当事者B）": 0, "運転練習の方法（当事者A）": 1, "運転練習の方法（当事者B）": 0, "field_69": null }, "geometry": { "type": "Point", "coordinates": [ 132.46013, 34.428585 ] } },
{ "type": "Feature", "properties": { "資料区分": 1, "都道府県コード": 73, "警察署等コード": 126, "本票番号": 37, "事故内容": 2, "死者数": 0, "負傷者数": 1, "路線コード": 37260, "地点コード": 0, "市区町村コード": 105, "発生日時　　年": 2024, "発生日時　　月": 1, "発生日時　　日": 25, "発生日時　　時": 14, "発生日時　　分": 35, "昼夜": 12, "日の出時刻　　時": 7, "日の出時刻　　分": 12, "日の入り時刻　　時": 17, "日の入り時刻　　分": 32, "天候": 2, "地形": 1, "路面状態": 1, "道路形状": 1, "信号機": 7, "一時停止規制　標識（当事者A）": 9, "一時停止規制　表示（当事者A）": 22, "一時停止規制　標識（当事者B）": 0, "一時停止規制　表示（当事者B）": 0, "車道幅員": 14, "道路線形": 9, "衝突地点": 30, "ゾーン規制": 70, "中央分離帯施設等": 4, "歩車道区分": 2, "事故類型": 1, "年齢（当事者A）": 45, "年齢（当事者B）": 45, "当事者種別（当事者A）": 4, "当事者種別（当事者B）": 61, "用途別（当事者A）": 31, "用途別（当事者B）": 0, "車両形状等（当事者A）": 1, "車両形状等（当事者B）": 0, "オートマチック車（当事者A）": 1, "オートマチック車（当事者B）": 0, "サポカー（当事者A）": 11, "サポカー（当事者B）": 0, "速度規制（指定のみ）（当事者A）": 10, "速度規制（指定のみ）（当事者B）": 0, "車両の衝突部位（当事者A）": 50, "車両の衝突部位（当事者B）": 0, "車両の損壊程度（当事者A）": 4, "車両の損壊程度（当事者B）": 0, "エアバッグの装備（当事者A）": 2, "エアバッグの装備（当事者B）": 0, "サイドエアバッグの装備（当事者A）": 2, "サイドエアバッグの装備（当事者B）": 0, "人身損傷程度（当事者A）": 4, "人身損傷程度（当事者B）": 2, "地点　緯度（北緯）": 34.45113, "地点　経度（東経）": 132.4746517, "曜日(発生年月日)": 5, "祝日(発生年月日)": 3, "認知機能検査経過日数（当事者A）": 9999, "認知機能検査経過日数（当事者B）": 0, "運転練習の方法（当事者A）": 1, "運転練習の方法（当事者B）": 0, "field_69": null }, "geometry": { "type": "Point", "coordinates": [ 132.47465170000001, 34.45113 ] } },
{ "type": "Feature", "properties": { "資料区分": 1, "都道府県コード": 73, "警察署等コード": 126, "本票番号": 38, "事故内容": 2, "死者数": 0, "負傷者数": 1, "路線コード": 37260, "地点コード": 0, "市区町村コード": 105, "発生日時　　年": 2023, "発生日時　　月": 12, "発生日時　　日": 28, "発生日時　　時": 9, "発生日時　　分": 59, "昼夜": 12, "日の出時刻　　時": 7, "日の出時刻　　分": 15, "日の入り時刻　　時": 17, "日の入り時刻　　分": 8, "天候": 1, "地形": 1, "路面状態": 1, "道路形状": 14, "信号機": 7, "一時停止規制　標識（当事者A）": 0, "一時停止規制　表示（当事者A）": 0, "一時停止規制　標識（当事者B）": 0, "一時停止規制　表示（当事者B）": 0, "車道幅員": 5, "道路線形": 9, "衝突地点": 1, "ゾーン規制": 70, "中央分離帯施設等": 4, "歩車道区分": 2, "事故類型": 1, "年齢（当事者A）": 55, "年齢（当事者B）": 75, "当事者種別（当事者A）": 3, "当事者種別（当事者B）": 61, "用途別（当事者A）": 31, "用途別（当事者B）": 0, "車両形状等（当事者A）": 1, "車両形状等（当事者B）": 0, "オートマチック車（当事者A）": 1, "オートマチック車（当事者B）": 0, "サポカー（当事者A）": 11, "サポカー（当事者B）": 0, "速度規制（指定のみ）（当事者A）": 3, "速度規制（指定のみ）（当事者B）": 0, "車両の衝突部位（当事者A）": 30, "車両の衝突部位（当事者B）": 0, "車両の損壊程度（当事者A）": 3, "車両の損壊程度（当事者B）": 0, "エアバッグの装備（当事者A）": 2, "エアバッグの装備（当事者B）": 0, "サイドエアバッグの装備（当事者A）": 2, "サイドエアバッグの装備（当事者B）": 0, "人身損傷程度（当事者A）": 4, "人身損傷程度（当事者B）": 2, "地点　緯度（北緯）": 34.43621083, "地点　経度（東経）": 132.4524089, "曜日(発生年月日)": 5, "祝日(発生年月日)": 3, "認知機能検査経過日数（当事者A）": 9999, "認知機能検査経過日数（当事者B）": 0, "運転練習の方法（当事者A）": 9, "運転練習の方法（当事者B）": 0, "field_69": null }, "geometry": { "type": "Point", "coordinates": [ 132.4524089, 34.43621083 ] } },
{ "type": "Feature", "properties": { "資料区分": 1, "都道府県コード": 73, "警察署等コード": 126, "本票番号": 49, "事故内容": 2, "死者数": 0, "負傷者数": 1, "路線コード": 22700, "地点コード": 0, "市区町村コード": 105, "発生日時　　年": 2024, "発生日時　　月": 1, "発生日時　　日": 25, "発生日時　　時": 22, "発生日時　　分": 10, "昼夜": 22, "日の出時刻　　時": 7, "日の出時刻　　分": 12, "日の入り時刻　　時": 17, "日の入り時刻　　分": 32, "天候": 2, "地形": 1, "路面状態": 1, "道路形状": 1, "信号機": 7, "一時停止規制　標識（当事者A）": 9, "一時停止規制　表示（当事者A）": 22, "一時停止規制　標識（当事者B）": 0, "一時停止規制　表示（当事者B）": 0, "車道幅員": 15, "道路線形": 9, "衝突地点": 30, "ゾーン規制": 70, "中央分離帯施設等": 4, "歩車道区分": 2, "事故類型": 1, "年齢（当事者A）": 45, "年齢（当事者B）": 45, "当事者種別（当事者A）": 4, "当事者種別（当事者B）": 61, "用途別（当事者A）": 31, "用途別（当事者B）": 0, "車両形状等（当事者A）": 1, "車両形状等（当事者B）": 0, "オートマチック車（当事者A）": 1, "オートマチック車（当事者B）": 0, "サポカー（当事者A）": 11, "サポカー（当事者B）": 0, "速度規制（指定のみ）（当事者A）": 3, "速度規制（指定のみ）（当事者B）": 0, "車両の衝突部位（当事者A）": 10, "車両の衝突部位（当事者B）": 0, "車両の損壊程度（当事者A）": 3, "車両の損壊程度（当事者B）": 0, "エアバッグの装備（当事者A）": 2, "エアバッグの装備（当事者B）": 0, "サイドエアバッグの装備（当事者A）": 2, "サイドエアバッグの装備（当事者B）": 0, "人身損傷程度（当事者A）": 4, "人身損傷程度（当事者B）": 2, "地点　緯度（北緯）": 34.48248972, "地点　経度（東経）": 132.4972628, "曜日(発生年月日)": 5, "祝日(発生年月日)": 3, "認知機能検査経過日数（当事者A）": 9999, "認知機能検査経過日数（当事者B）": 0, "運転練習の方法（当事者A）": 1, "運転練習の方法（当事者B）": 0, "field_69": null }, "geometry": { "type": "Point", "coordinates": [ 132.497262799999987, 34.48248972 ] } },
{ "type": "Feature", "properties": { "資料区分": 1, "都道府県コード": 73, "警察署等コード": 126, "本票番号": 50, "事故内容": 2, "死者数": 0, "負傷者数": 1, "路線コード": 37260, "地点コード": 0, "市区町村コード": 105, "発生日時　　年": 2024, "発生日時　　月": 1, "発生日時　　日": 24, "発生日時　　時": 15, "発生日時　　分": 57, "昼夜": 12, "日の出時刻　　時": 7, "日の出時刻　　分": 12, "日の入り時刻　　時": 17, "日の入り時刻　　分": 31, "天候": 5, "地形": 1, "路面状態": 2, "道路形状": 14, "信号機": 7, "一時停止規制　標識（当事者A）": 0, "一時停止規制　表示（当事者A）": 0, "一時停止規制　標識（当事者B）": 0, "一時停止規制　表示（当事者B）": 0, "車道幅員": 3, "道路線形": 7, "衝突地点": 1, "ゾーン規制": 70, "中央分離帯施設等": 5, "歩車道区分": 4, "事故類型": 1, "年齢（当事者A）": 65, "年齢（当事者B）": 1, "当事者種別（当事者A）": 3, "当事者種別（当事者B）": 61, "用途別（当事者A）": 31, "用途別（当事者B）": 0, "車両形状等（当事者A）": 1, "車両形状等（当事者B）": 0, "オートマチック車（当事者A）": 1, "オートマチック車（当事者B）": 0, "サポカー（当事者A）": 11, "サポカー（当事者B）": 0, "速度規制（指定のみ）（当事者A）": 10, "速度規制（指定のみ）（当事者B）": 0, "車両の衝突部位（当事者A）": 30, "車両の衝突部位（当事者B）": 0, "車両の損壊程度（当事者A）": 3, "車両の損壊程度（当事者B）": 0, "エアバッグの装備（当事者A）": 2, "エアバッグの装備（当事者B）": 0, "サイドエアバッグの装備（当事者A）": 2, "サイドエアバッグの装備（当事者B）": 0, "人身損傷程度（当事者A）": 4, "人身損傷程度（当事者B）": 2, "地点　緯度（北緯）": 34.4560025, "地点　経度（東経）": 132.4617475, "曜日(発生年月日)": 4, "祝日(発生年月日)": 3, "認知機能検査経過日数（当事者A）": 9999, "認知機能検査経過日数（当事者B）": 0, "運転練習の方法（当事者A）": 9, "運転練習の方法（当事者B）": 0, "field_69": null }, "geometry": { "type": "Point", "coordinates": [ 132.4617475, 34.4560025 ] } },
{ "type": "Feature", "properties": { "資料区分": 1, "都道府県コード": 73, "警察署等コード": 126, "本票番号": 64, "事故内容": 2, "死者数": 0, "負傷者数": 1, "路線コード": 99000, "地点コード": 0, "市区町村コード": 105, "発生日時　　年": 2024, "発生日時　　月": 1, "発生日時　　日": 16, "発生日時　　時": 13, "発生日時　　分": 55, "昼夜": 12, "日の出時刻　　時": 7, "日の出時刻　　分": 15, "日の入り時刻　　時": 17, "日の入り時刻　　分": 23, "天候": 1, "地形": 1, "路面状態": 1, "道路形状": 0, "信号機": 7, "一時停止規制　標識（当事者A）": 0, "一時停止規制　表示（当事者A）": 0, "一時停止規制　標識（当事者B）": 0, "一時停止規制　表示（当事者B）": 0, "車道幅員": 0, "道路線形": 0, "衝突地点": 20, "ゾーン規制": 70, "中央分離帯施設等": 0, "歩車道区分": 4, "事故類型": 1, "年齢（当事者A）": 65, "年齢（当事者B）": 1, "当事者種別（当事者A）": 14, "当事者種別（当事者B）": 61, "用途別（当事者A）": 31, "用途別（当事者B）": 0, "車両形状等（当事者A）": 11, "車両形状等（当事者B）": 0, "オートマチック車（当事者A）": 1, "オートマチック車（当事者B）": 0, "サポカー（当事者A）": 11, "サポカー（当事者B）": 0, "速度規制（指定のみ）（当事者A）": 10, "速度規制（指定のみ）（当事者B）": 0, "車両の衝突部位（当事者A）": 80, "車両の衝突部位（当事者B）": 0, "車両の損壊程度（当事者A）": 3, "車両の損壊程度（当事者B）": 0, "エアバッグの装備（当事者A）": 2, "エアバッグの装備（当事者B）": 0, "サイドエアバッグの装備（当事者A）": 2, "サイドエアバッグの装備（当事者B）": 0, "人身損傷程度（当事者A）": 4, "人身損傷程度（当事者B）": 2, "地点　緯度（北緯）": 34.47287167, "地点　経度（東経）": 132.4298197, "曜日(発生年月日)": 3, "祝日(発生年月日)": 3, "認知機能検査経過日数（当事者A）": 9999, "認知機能検査経過日数（当事者B）": 0, "運転練習の方法（当事者A）": 1, "運転練習の方法（当事者B）": 0, "field_69": null }, "geometry": { "type": "Point", "coordinates": [ 132.4298197, 34.47287167 ] } },
{ "type": "Feature", "properties": { "資料区分": 1, "都道府県コード": 73, "警察署等コード": 127, "本票番号": 27, "事故内容": 2, "死者数": 0, "負傷者数": 1, "路線コード": 37270, "地点コード": 0, "市区町村コード": 104, "発生日時　　年": 2023, "発生日時　　月": 12, "発生日時　　日": 22, "発生日時　　時": 8, "発生日時　　分": 25, "昼夜": 12, "日の出時刻　　時": 7, "日の出時刻　　分": 13, "日の入り時刻　　時": 17, "日の入り時刻　　分": 5, "天候": 2, "地形": 1, "路面状態": 1, "道路形状": 7, "信号機": 7, "一時停止規制　標識（当事者A）": 0, "一時停止規制　表示（当事者A）": 0, "一時停止規制　標識（当事者B）": 0, "一時停止規制　表示（当事者B）": 0, "車道幅員": 3, "道路線形": 9, "衝突地点": 1, "ゾーン規制": 70, "中央分離帯施設等": 4, "歩車道区分": 2, "事故類型": 1, "年齢（当事者A）": 25, "年齢（当事者B）": 45, "当事者種別（当事者A）": 3, "当事者種別（当事者B）": 61, "用途別（当事者A）": 31, "用途別（当事者B）": 0, "車両形状等（当事者A）": 1, "車両形状等（当事者B）": 0, "オートマチック車（当事者A）": 1, "オートマチック車（当事者B）": 0, "サポカー（当事者A）": 11, "サポカー（当事者B）": 0, "速度規制（指定のみ）（当事者A）": 10, "速度規制（指定のみ）（当事者B）": 0, "車両の衝突部位（当事者A）": 10, "車両の衝突部位（当事者B）": 0, "車両の損壊程度（当事者A）": 2, "車両の損壊程度（当事者B）": 0, "エアバッグの装備（当事者A）": 2, "エアバッグの装備（当事者B）": 0, "サイドエアバッグの装備（当事者A）": 2, "サイドエアバッグの装備（当事者B）": 0, "人身損傷程度（当事者A）": 4, "人身損傷程度（当事者B）": 2, "地点　緯度（北緯）": 34.380445, "地点　経度（東経）": 132.4133936, "曜日(発生年月日)": 6, "祝日(発生年月日)": 3, "認知機能検査経過日数（当事者A）": 9999, "認知機能検査経過日数（当事者B）": 0, "運転練習の方法（当事者A）": 2, "運転練習の方法（当事者B）": 0, "field_69": null }, "geometry": { "type": "Point", "coordinates": [ 132.4133936, 34.380445 ] } },
{ "type": "Feature", "properties": { "資料区分": 1, "都道府県コード": 73, "警察署等コード": 127, "本票番号": 38, "事故内容": 2, "死者数": 0, "負傷者数": 1, "路線コード": 37270, "地点コード": 0, "市区町村コード": 104, "発生日時　　年": 2024, "発生日時　　月": 2, "発生日時　　日": 20, "発生日時　　時": 19, "発生日時　　分": 56, "昼夜": 22, "日の出時刻　　時": 6, "日の出時刻　　分": 49, "日の入り時刻　　時": 17, "日の入り時刻　　分": 57, "天候": 2, "地形": 1, "路面状態": 1, "道路形状": 1, "信号機": 7, "一時停止規制　標識（当事者A）": 9, "一時停止規制　表示（当事者A）": 22, "一時停止規制　標識（当事者B）": 0, "一時停止規制　表示（当事者B）": 0, "車道幅員": 11, "道路線形": 9, "衝突地点": 30, "ゾーン規制": 1, "中央分離帯施設等": 5, "歩車道区分": 2, "事故類型": 1, "年齢（当事者A）": 55, "年齢（当事者B）": 75, "当事者種別（当事者A）": 3, "当事者種別（当事者B）": 61, "用途別（当事者A）": 31, "用途別（当事者B）": 0, "車両形状等（当事者A）": 1, "車両形状等（当事者B）": 0, "オートマチック車（当事者A）": 1, "オートマチック車（当事者B）": 0, "サポカー（当事者A）": 11, "サポカー（当事者B）": 0, "速度規制（指定のみ）（当事者A）": 2, "速度規制（指定のみ）（当事者B）": 0, "車両の衝突部位（当事者A）": 20, "車両の衝突部位（当事者B）": 0, "車両の損壊程度（当事者A）": 3, "車両の損壊程度（当事者B）": 0, "エアバッグの装備（当事者A）": 2, "エアバッグの装備（当事者B）": 0, "サイドエアバッグの装備（当事者A）": 2, "サイドエアバッグの装備（当事者B）": 0, "人身損傷程度（当事者A）": 4, "人身損傷程度（当事者B）": 2, "地点　緯度（北緯）": 34.38335611, "地点　経度（東経）": 132.4153142, "曜日(発生年月日)": 3, "祝日(発生年月日)": 3, "認知機能検査経過日数（当事者A）": 9999, "認知機能検査経過日数（当事者B）": 0, "運転練習の方法（当事者A）": 5, "運転練習の方法（当事者B）": 0, "field_69": null }, "geometry": { "type": "Point", "coordinates": [ 132.415314200000012, 34.38335611 ] } },
{ "type": "Feature", "properties": { "資料区分": 1, "都道府県コード": 73, "警察署等コード": 129, "本票番号": 16, "事故内容": 2, "死者数": 0, "負傷者数": 1, "路線コード": 37290, "地点コード": 0, "市区町村コード": 108, "発生日時　　年": 2024, "発生日時　　月": 2, "発生日時　　日": 3, "発生日時　　時": 22, "発生日時　　分": 40, "昼夜": 22, "日の出時刻　　時": 7, "日の出時刻　　分": 6, "日の入り時刻　　時": 17, "日の入り時刻　　分": 41, "天候": 3, "地形": 1, "路面状態": 2, "道路形状": 14, "信号機": 7, "一時停止規制　標識（当事者A）": 0, "一時停止規制　表示（当事者A）": 0, "一時停止規制　標識（当事者B）": 0, "一時停止規制　表示（当事者B）": 0, "車道幅員": 3, "道路線形": 9, "衝突地点": 1, "ゾーン規制": 70, "中央分離帯施設等": 5, "歩車道区分": 4, "事故類型": 1, "年齢（当事者A）": 45, "年齢（当事者B）": 1, "当事者種別（当事者A）": 4, "当事者種別（当事者B）": 61, "用途別（当事者A）": 31, "用途別（当事者B）": 0, "車両形状等（当事者A）": 1, "車両形状等（当事者B）": 0, "オートマチック車（当事者A）": 1, "オートマチック車（当事者B）": 0, "サポカー（当事者A）": 11, "サポカー（当事者B）": 0, "速度規制（指定のみ）（当事者A）": 2, "速度規制（指定のみ）（当事者B）": 0, "車両の衝突部位（当事者A）": 20, "車両の衝突部位（当事者B）": 0, "車両の損壊程度（当事者A）": 3, "車両の損壊程度（当事者B）": 0, "エアバッグの装備（当事者A）": 2, "エアバッグの装備（当事者B）": 0, "サイドエアバッグの装備（当事者A）": 2, "サイドエアバッグの装備（当事者B）": 0, "人身損傷程度（当事者A）": 4, "人身損傷程度（当事者B）": 2, "地点　緯度（北緯）": 34.3691875, "地点　経度（東経）": 132.3490542, "曜日(発生年月日)": 7, "祝日(発生年月日)": 3, "認知機能検査経過日数（当事者A）": 9999, "認知機能検査経過日数（当事者B）": 0, "運転練習の方法（当事者A）": 5, "運転練習の方法（当事者B）": 0, "field_69": null }, "geometry": { "type": "Point", "coordinates": [ 132.349054200000012, 34.3691875 ] } },
{ "type": "Feature", "properties": { "資料区分": 1, "都道府県コード": 73, "警察署等コード": 129, "本票番号": 19, "事故内容": 2, "死者数": 0, "負傷者数": 1, "路線コード": 37290, "地点コード": 0, "市区町村コード": 108, "発生日時　　年": 2024, "発生日時　　月": 1, "発生日時　　日": 10, "発生日時　　時": 14, "発生日時　　分": 35, "昼夜": 12, "日の出時刻　　時": 7, "日の出時刻　　分": 17, "日の入り時刻　　時": 17, "日の入り時刻　　分": 18, "天候": 1, "地形": 1, "路面状態": 1, "道路形状": 1, "信号機": 7, "一時停止規制　標識（当事者A）": 9, "一時停止規制　表示（当事者A）": 22, "一時停止規制　標識（当事者B）": 0, "一時停止規制　表示（当事者B）": 0, "車道幅員": 11, "道路線形": 9, "衝突地点": 30, "ゾーン規制": 70, "中央分離帯施設等": 5, "歩車道区分": 4, "事故類型": 1, "年齢（当事者A）": 45, "年齢（当事者B）": 1, "当事者種別（当事者A）": 3, "当事者種別（当事者B）": 61, "用途別（当事者A）": 31, "用途別（当事者B）": 0, "車両形状等（当事者A）": 1, "車両形状等（当事者B）": 0, "オートマチック車（当事者A）": 1, "オートマチック車（当事者B）": 0, "サポカー（当事者A）": 11, "サポカー（当事者B）": 0, "速度規制（指定のみ）（当事者A）": 2, "速度規制（指定のみ）（当事者B）": 0, "車両の衝突部位（当事者A）": 80, "車両の衝突部位（当事者B）": 0, "車両の損壊程度（当事者A）": 3, "車両の損壊程度（当事者B）": 0, "エアバッグの装備（当事者A）": 2, "エアバッグの装備（当事者B）": 0, "サイドエアバッグの装備（当事者A）": 2, "サイドエアバッグの装備（当事者B）": 0, "人身損傷程度（当事者A）": 4, "人身損傷程度（当事者B）": 2, "地点　緯度（北緯）": 34.37232528, "地点　経度（東経）": 132.3539831, "曜日(発生年月日)": 4, "祝日(発生年月日)": 3, "認知機能検査経過日数（当事者A）": 9999, "認知機能検査経過日数（当事者B）": 0, "運転練習の方法（当事者A）": 9, "運転練習の方法（当事者B）": 0, "field_69": null }, "geometry": { "type": "Point", "coordinates": [ 132.3539831, 34.37232528 ] } },
{ "type": "Feature", "properties": { "資料区分": 1, "都道府県コード": 73, "警察署等コード": 101, "本票番号": 44, "事故内容": 2, "死者数": 0, "負傷者数": 1, "路線コード": 37010, "地点コード": 0, "市区町村コード": 302, "発生日時　　年": 2024, "発生日時　　月": 1, "発生日時　　日": 29, "発生日時　　時": 17, "発生日時　　分": 23, "昼夜": 13, "日の出時刻　　時": 7, "日の出時刻　　分": 9, "日の入り時刻　　時": 17, "日の入り時刻　　分": 36, "天候": 1, "地形": 1, "路面状態": 1, "道路形状": 14, "信号機": 7, "一時停止規制　標識（当事者A）": 0, "一時停止規制　表示（当事者A）": 0, "一時停止規制　標識（当事者B）": 0, "一時停止規制　表示（当事者B）": 0, "車道幅員": 3, "道路線形": 9, "衝突地点": 1, "ゾーン規制": 70, "中央分離帯施設等": 4, "歩車道区分": 2, "事故類型": 1, "年齢（当事者A）": 65, "年齢（当事者B）": 1, "当事者種別（当事者A）": 3, "当事者種別（当事者B）": 61, "用途別（当事者A）": 31, "用途別（当事者B）": 0, "車両形状等（当事者A）": 1, "車両形状等（当事者B）": 0, "オートマチック車（当事者A）": 1, "オートマチック車（当事者B）": 0, "サポカー（当事者A）": 11, "サポカー（当事者B）": 0, "速度規制（指定のみ）（当事者A）": 10, "速度規制（指定のみ）（当事者B）": 0, "車両の衝突部位（当事者A）": 10, "車両の衝突部位（当事者B）": 0, "車両の損壊程度（当事者A）": 3, "車両の損壊程度（当事者B）": 0, "エアバッグの装備（当事者A）": 2, "エアバッグの装備（当事者B）": 0, "サイドエアバッグの装備（当事者A）": 2, "サイドエアバッグの装備（当事者B）": 0, "人身損傷程度（当事者A）": 4, "人身損傷程度（当事者B）": 2, "地点　緯度（北緯）": 34.38010139, "地点　経度（東経）": 132.5073236, "曜日(発生年月日)": 2, "祝日(発生年月日)": 3, "認知機能検査経過日数（当事者A）": 9999, "認知機能検査経過日数（当事者B）": 0, "運転練習の方法（当事者A）": 9, "運転練習の方法（当事者B）": 0, "field_69": null }, "geometry": { "type": "Point", "coordinates": [ 132.5073236, 34.38010139 ] } },
{ "type": "Feature", "properties": { "資料区分": 1, "都道府県コード": 73, "警察署等コード": 101, "本票番号": 46, "事故内容": 2, "死者数": 0, "負傷者数": 1, "路線コード": 99000, "地点コード": 0, "市区町村コード": 302, "発生日時　　年": 2024, "発生日時　　月": 2, "発生日時　　日": 27, "発生日時　　時": 6, "発生日時　　分": 55, "昼夜": 11, "日の出時刻　　時": 6, "日の出時刻　　分": 41, "日の入り時刻　　時": 18, "日の入り時刻　　分": 4, "天候": 1, "地形": 1, "路面状態": 1, "道路形状": 0, "信号機": 7, "一時停止規制　標識（当事者A）": 0, "一時停止規制　表示（当事者A）": 0, "一時停止規制　標識（当事者B）": 0, "一時停止規制　表示（当事者B）": 0, "車道幅員": 0, "道路線形": 0, "衝突地点": 20, "ゾーン規制": 70, "中央分離帯施設等": 0, "歩車道区分": 4, "事故類型": 1, "年齢（当事者A）": 65, "年齢（当事者B）": 75, "当事者種別（当事者A）": 4, "当事者種別（当事者B）": 61, "用途別（当事者A）": 31, "用途別（当事者B）": 0, "車両形状等（当事者A）": 1, "車両形状等（当事者B）": 0, "オートマチック車（当事者A）": 1, "オートマチック車（当事者B）": 0, "サポカー（当事者A）": 11, "サポカー（当事者B）": 0, "速度規制（指定のみ）（当事者A）": 10, "速度規制（指定のみ）（当事者B）": 0, "車両の衝突部位（当事者A）": 0, "車両の衝突部位（当事者B）": 0, "車両の損壊程度（当事者A）": 3, "車両の損壊程度（当事者B）": 0, "エアバッグの装備（当事者A）": 2, "エアバッグの装備（当事者B）": 0, "サイドエアバッグの装備（当事者A）": 2, "サイドエアバッグの装備（当事者B）": 0, "人身損傷程度（当事者A）": 4, "人身損傷程度（当事者B）": 2, "地点　緯度（北緯）": 34.38473917, "地点　経度（東経）": 132.5174906, "曜日(発生年月日)": 3, "祝日(発生年月日)": 3, "認知機能検査経過日数（当事者A）": 9999, "認知機能検査経過日数（当事者B）": 0, "運転練習の方法（当事者A）": 9, "運転練習の方法（当事者B）": 0, "field_69": null }, "geometry": { "type": "Point", "coordinates": [ 132.5174906, 34.38473917 ] } },
{ "type": "Feature", "properties": { "資料区分": 1, "都道府県コード": 73, "警察署等コード": 101, "本票番号": 52, "事故内容": 2, "死者数": 0, "負傷者数": 1, "路線コード": 37010, "地点コード": 0, "市区町村コード": 302, "発生日時　　年": 2024, "発生日時　　月": 1, "発生日時　　日": 31, "発生日時　　時": 18, "発生日時　　分": 38, "昼夜": 22, "日の出時刻　　時": 7, "日の出時刻　　分": 8, "日の入り時刻　　時": 17, "日の入り時刻　　分": 38, "天候": 3, "地形": 1, "路面状態": 2, "道路形状": 14, "信号機": 7, "一時停止規制　標識（当事者A）": 0, "一時停止規制　表示（当事者A）": 0, "一時停止規制　標識（当事者B）": 0, "一時停止規制　表示（当事者B）": 0, "車道幅員": 4, "道路線形": 7, "衝突地点": 1, "ゾーン規制": 70, "中央分離帯施設等": 4, "歩車道区分": 2, "事故類型": 1, "年齢（当事者A）": 1, "年齢（当事者B）": 55, "当事者種別（当事者A）": 51, "当事者種別（当事者B）": 61, "用途別（当事者A）": 41, "用途別（当事者B）": 0, "車両形状等（当事者A）": 0, "車両形状等（当事者B）": 0, "オートマチック車（当事者A）": 0, "オートマチック車（当事者B）": 0, "サポカー（当事者A）": 0, "サポカー（当事者B）": 0, "速度規制（指定のみ）（当事者A）": 0, "速度規制（指定のみ）（当事者B）": 0, "車両の衝突部位（当事者A）": 10, "車両の衝突部位（当事者B）": 0, "車両の損壊程度（当事者A）": 3, "車両の損壊程度（当事者B）": 0, "エアバッグの装備（当事者A）": 0, "エアバッグの装備（当事者B）": 0, "サイドエアバッグの装備（当事者A）": 0, "サイドエアバッグの装備（当事者B）": 0, "人身損傷程度（当事者A）": 4, "人身損傷程度（当事者B）": 2, "地点　緯度（北緯）": 34.39248167, "地点　経度（東経）": 132.5066514, "曜日(発生年月日)": 4, "祝日(発生年月日)": 3, "認知機能検査経過日数（当事者A）": 0, "認知機能検査経過日数（当事者B）": 0, "運転練習の方法（当事者A）": 0, "運転練習の方法（当事者B）": 0, "field_69": null }, "geometry": { "type": "Point", "coordinates": [ 132.50665140000001, 34.39248167 ] } },
{ "type": "Feature", "properties": { "資料区分": 1, "都道府県コード": 73, "警察署等コード": 101, "本票番号": 57, "事故内容": 2, "死者数": 0, "負傷者数": 1, "路線コード": 14840, "地点コード": 0, "市区町村コード": 302, "発生日時　　年": 2024, "発生日時　　月": 2, "発生日時　　日": 22, "発生日時　　時": 18, "発生日時　　分": 45, "昼夜": 21, "日の出時刻　　時": 6, "日の出時刻　　分": 47, "日の入り時刻　　時": 17, "日の入り時刻　　分": 59, "天候": 3, "地形": 1, "路面状態": 1, "道路形状": 14, "信号機": 7, "一時停止規制　標識（当事者A）": 0, "一時停止規制　表示（当事者A）": 0, "一時停止規制　標識（当事者B）": 0, "一時停止規制　表示（当事者B）": 0, "車道幅員": 3, "道路線形": 7, "衝突地点": 1, "ゾーン規制": 70, "中央分離帯施設等": 1, "歩車道区分": 2, "事故類型": 1, "年齢（当事者A）": 1, "年齢（当事者B）": 75, "当事者種別（当事者A）": 51, "当事者種別（当事者B）": 61, "用途別（当事者A）": 41, "用途別（当事者B）": 0, "車両形状等（当事者A）": 0, "車両形状等（当事者B）": 0, "オートマチック車（当事者A）": 0, "オートマチック車（当事者B）": 0, "サポカー（当事者A）": 0, "サポカー（当事者B）": 0, "速度規制（指定のみ）（当事者A）": 0, "速度規制（指定のみ）（当事者B）": 0, "車両の衝突部位（当事者A）": 10, "車両の衝突部位（当事者B）": 0, "車両の損壊程度（当事者A）": 3, "車両の損壊程度（当事者B）": 0, "エアバッグの装備（当事者A）": 0, "エアバッグの装備（当事者B）": 0, "サイドエアバッグの装備（当事者A）": 0, "サイドエアバッグの装備（当事者B）": 0, "人身損傷程度（当事者A）": 4, "人身損傷程度（当事者B）": 2, "地点　緯度（北緯）": 34.38744167, "地点　経度（東経）": 132.5118044, "曜日(発生年月日)": 5, "祝日(発生年月日)": 2, "認知機能検査経過日数（当事者A）": 0, "認知機能検査経過日数（当事者B）": 0, "運転練習の方法（当事者A）": 0, "運転練習の方法（当事者B）": 0, "field_69": null }, "geometry": { "type": "Point", "coordinates": [ 132.511804399999988, 34.38744167 ] } },
{ "type": "Feature", "properties": { "資料区分": 1, "都道府県コード": 73, "警察署等コード": 101, "本票番号": 61, "事故内容": 2, "死者数": 0, "負傷者数": 1, "路線コード": 37010, "地点コード": 0, "市区町村コード": 102, "発生日時　　年": 2024, "発生日時　　月": 3, "発生日時　　日": 2, "発生日時　　時": 13, "発生日時　　分": 7, "昼夜": 12, "日の出時刻　　時": 6, "日の出時刻　　分": 37, "日の入り時刻　　時": 18, "日の入り時刻　　分": 6, "天候": 1, "地形": 1, "路面状態": 1, "道路形状": 1, "信号機": 7, "一時停止規制　標識（当事者A）": 9, "一時停止規制　表示（当事者A）": 22, "一時停止規制　標識（当事者B）": 0, "一時停止規制　表示（当事者B）": 0, "車道幅員": 15, "道路線形": 9, "衝突地点": 30, "ゾーン規制": 70, "中央分離帯施設等": 5, "歩車道区分": 2, "事故類型": 1, "年齢（当事者A）": 75, "年齢（当事者B）": 75, "当事者種別（当事者A）": 4, "当事者種別（当事者B）": 61, "用途別（当事者A）": 31, "用途別（当事者B）": 0, "車両形状等（当事者A）": 1, "車両形状等（当事者B）": 0, "オートマチック車（当事者A）": 1, "オートマチック車（当事者B）": 0, "サポカー（当事者A）": 11, "サポカー（当事者B）": 0, "速度規制（指定のみ）（当事者A）": 3, "速度規制（指定のみ）（当事者B）": 0, "車両の衝突部位（当事者A）": 50, "車両の衝突部位（当事者B）": 0, "車両の損壊程度（当事者A）": 3, "車両の損壊程度（当事者B）": 0, "エアバッグの装備（当事者A）": 2, "エアバッグの装備（当事者B）": 0, "サイドエアバッグの装備（当事者A）": 2, "サイドエアバッグの装備（当事者B）": 0, "人身損傷程度（当事者A）": 4, "人身損傷程度（当事者B）": 2, "地点　緯度（北緯）": 34.43143083, "地点　経度（東経）": 132.4835211, "曜日(発生年月日)": 7, "祝日(発生年月日)": 3, "認知機能検査経過日数（当事者A）": 176, "認知機能検査経過日数（当事者B）": 0, "運転練習の方法（当事者A）": 9, "運転練習の方法（当事者B）": 0, "field_69": null }, "geometry": { "type": "Point", "coordinates": [ 132.4835211, 34.43143083 ] } },
{ "type": "Feature", "properties": { "資料区分": 1, "都道府県コード": 73, "警察署等コード": 102, "本票番号": 79, "事故内容": 2, "死者数": 0, "負傷者数": 1, "路線コード": 38050, "地点コード": 0, "市区町村コード": 101, "発生日時　　年": 2024, "発生日時　　月": 2, "発生日時　　日": 28, "発生日時　　時": 16, "発生日時　　分": 45, "昼夜": 12, "日の出時刻　　時": 6, "日の出時刻　　分": 40, "日の入り時刻　　時": 18, "日の入り時刻　　分": 4, "天候": 1, "地形": 1, "路面状態": 1, "道路形状": 1, "信号機": 1, "一時停止規制　標識（当事者A）": 9, "一時停止規制　表示（当事者A）": 22, "一時停止規制　標識（当事者B）": 0, "一時停止規制　表示（当事者B）": 0, "車道幅員": 17, "道路線形": 9, "衝突地点": 30, "ゾーン規制": 70, "中央分離帯施設等": 5, "歩車道区分": 2, "事故類型": 1, "年齢（当事者A）": 1, "年齢（当事者B）": 45, "当事者種別（当事者A）": 3, "当事者種別（当事者B）": 61, "用途別（当事者A）": 31, "用途別（当事者B）": 0, "車両形状等（当事者A）": 1, "車両形状等（当事者B）": 0, "オートマチック車（当事者A）": 1, "オートマチック車（当事者B）": 0, "サポカー（当事者A）": 11, "サポカー（当事者B）": 0, "速度規制（指定のみ）（当事者A）": 10, "速度規制（指定のみ）（当事者B）": 0, "車両の衝突部位（当事者A）": 10, "車両の衝突部位（当事者B）": 0, "車両の損壊程度（当事者A）": 3, "車両の損壊程度（当事者B）": 0, "エアバッグの装備（当事者A）": 2, "エアバッグの装備（当事者B）": 0, "サイドエアバッグの装備（当事者A）": 2, "サイドエアバッグの装備（当事者B）": 0, "人身損傷程度（当事者A）": 4, "人身損傷程度（当事者B）": 2, "地点　緯度（北緯）": 34.4099575, "地点　経度（東経）": 132.4656236, "曜日(発生年月日)": 4, "祝日(発生年月日)": 3, "認知機能検査経過日数（当事者A）": 9999, "認知機能検査経過日数（当事者B）": 0, "運転練習の方法（当事者A）": 1, "運転練習の方法（当事者B）": 0, "field_69": null }, "geometry": { "type": "Point", "coordinates": [ 132.465623599999986, 34.4099575 ] } },
{ "type": "Feature", "properties": { "資料区分": 1, "都道府県コード": 73, "警察署等コード": 102, "本票番号": 84, "事故内容": 2, "死者数": 0, "負傷者数": 1, "路線コード": 37020, "地点コード": 0, "市区町村コード": 101, "発生日時　　年": 2024, "発生日時　　月": 2, "発生日時　　日": 7, "発生日時　　時": 6, "発生日時　　分": 45, "昼夜": 23, "日の出時刻　　時": 7, "日の出時刻　　分": 3, "日の入り時刻　　時": 17, "日の入り時刻　　分": 45, "天候": 1, "地形": 1, "路面状態": 1, "道路形状": 1, "信号機": 7, "一時停止規制　標識（当事者A）": 9, "一時停止規制　表示（当事者A）": 22, "一時停止規制　標識（当事者B）": 0, "一時停止規制　表示（当事者B）": 0, "車道幅員": 15, "道路線形": 9, "衝突地点": 30, "ゾーン規制": 70, "中央分離帯施設等": 5, "歩車道区分": 2, "事故類型": 1, "年齢（当事者A）": 55, "年齢（当事者B）": 1, "当事者種別（当事者A）": 3, "当事者種別（当事者B）": 61, "用途別（当事者A）": 1, "用途別（当事者B）": 0, "車両形状等（当事者A）": 1, "車両形状等（当事者B）": 0, "オートマチック車（当事者A）": 1, "オートマチック車（当事者B）": 0, "サポカー（当事者A）": 11, "サポカー（当事者B）": 0, "速度規制（指定のみ）（当事者A）": 2, "速度規制（指定のみ）（当事者B）": 0, "車両の衝突部位（当事者A）": 40, "車両の衝突部位（当事者B）": 0, "車両の損壊程度（当事者A）": 4, "車両の損壊程度（当事者B）": 0, "エアバッグの装備（当事者A）": 2, "エアバッグの装備（当事者B）": 0, "サイドエアバッグの装備（当事者A）": 2, "サイドエアバッグの装備（当事者B）": 0, "人身損傷程度（当事者A）": 4, "人身損傷程度（当事者B）": 2, "地点　緯度（北緯）": 34.39222389, "地点　経度（東経）": 132.4657317, "曜日(発生年月日)": 4, "祝日(発生年月日)": 3, "認知機能検査経過日数（当事者A）": 9999, "認知機能検査経過日数（当事者B）": 0, "運転練習の方法（当事者A）": 9, "運転練習の方法（当事者B）": 0, "field_69": null }, "geometry": { "type": "Point", "coordinates": [ 132.4657317, 34.39222389 ] } },
{ "type": "Feature", "properties": { "資料区分": 1, "都道府県コード": 73, "警察署等コード": 102, "本票番号": 85, "事故内容": 2, "死者数": 0, "負傷者数": 1, "路線コード": 37020, "地点コード": 0, "市区町村コード": 101, "発生日時　　年": 2024, "発生日時　　月": 1, "発生日時　　日": 26, "発生日時　　時": 10, "発生日時　　分": 55, "昼夜": 12, "日の出時刻　　時": 7, "日の出時刻　　分": 11, "日の入り時刻　　時": 17, "日の入り時刻　　分": 33, "天候": 1, "地形": 1, "路面状態": 1, "道路形状": 1, "信号機": 7, "一時停止規制　標識（当事者A）": 9, "一時停止規制　表示（当事者A）": 22, "一時停止規制　標識（当事者B）": 0, "一時停止規制　表示（当事者B）": 0, "車道幅員": 15, "道路線形": 9, "衝突地点": 30, "ゾーン規制": 70, "中央分離帯施設等": 5, "歩車道区分": 4, "事故類型": 1, "年齢（当事者A）": 45, "年齢（当事者B）": 75, "当事者種別（当事者A）": 3, "当事者種別（当事者B）": 61, "用途別（当事者A）": 31, "用途別（当事者B）": 0, "車両形状等（当事者A）": 1, "車両形状等（当事者B）": 0, "オートマチック車（当事者A）": 1, "オートマチック車（当事者B）": 0, "サポカー（当事者A）": 11, "サポカー（当事者B）": 0, "速度規制（指定のみ）（当事者A）": 10, "速度規制（指定のみ）（当事者B）": 0, "車両の衝突部位（当事者A）": 80, "車両の衝突部位（当事者B）": 0, "車両の損壊程度（当事者A）": 3, "車両の損壊程度（当事者B）": 0, "エアバッグの装備（当事者A）": 2, "エアバッグの装備（当事者B）": 0, "サイドエアバッグの装備（当事者A）": 2, "サイドエアバッグの装備（当事者B）": 0, "人身損傷程度（当事者A）": 4, "人身損傷程度（当事者B）": 2, "地点　緯度（北緯）": 34.39313889, "地点　経度（東経）": 132.4608058, "曜日(発生年月日)": 6, "祝日(発生年月日)": 3, "認知機能検査経過日数（当事者A）": 9999, "認知機能検査経過日数（当事者B）": 0, "運転練習の方法（当事者A）": 1, "運転練習の方法（当事者B）": 0, "field_69": null }, "geometry": { "type": "Point", "coordinates": [ 132.4608058, 34.39313889 ] } },
{ "type": "Feature", "properties": { "資料区分": 1, "都道府県コード": 73, "警察署等コード": 102, "本票番号": 93, "事故内容": 2, "死者数": 0, "負傷者数": 1, "路線コード": 14370, "地点コード": 0, "市区町村コード": 101, "発生日時　　年": 2024, "発生日時　　月": 2, "発生日時　　日": 29, "発生日時　　時": 20, "発生日時　　分": 8, "昼夜": 22, "日の出時刻　　時": 6, "日の出時刻　　分": 41, "日の入り時刻　　時": 18, "日の入り時刻　　分": 5, "天候": 3, "地形": 1, "路面状態": 2, "道路形状": 1, "信号機": 1, "一時停止規制　標識（当事者A）": 9, "一時停止規制　表示（当事者A）": 22, "一時停止規制　標識（当事者B）": 0, "一時停止規制　表示（当事者B）": 0, "車道幅員": 18, "道路線形": 9, "衝突地点": 30, "ゾーン規制": 70, "中央分離帯施設等": 5, "歩車道区分": 2, "事故類型": 1, "年齢（当事者A）": 45, "年齢（当事者B）": 25, "当事者種別（当事者A）": 3, "当事者種別（当事者B）": 61, "用途別（当事者A）": 31, "用途別（当事者B）": 0, "車両形状等（当事者A）": 1, "車両形状等（当事者B）": 0, "オートマチック車（当事者A）": 1, "オートマチック車（当事者B）": 0, "サポカー（当事者A）": 11, "サポカー（当事者B）": 0, "速度規制（指定のみ）（当事者A）": 4, "速度規制（指定のみ）（当事者B）": 0, "車両の衝突部位（当事者A）": 10, "車両の衝突部位（当事者B）": 0, "車両の損壊程度（当事者A）": 4, "車両の損壊程度（当事者B）": 0, "エアバッグの装備（当事者A）": 2, "エアバッグの装備（当事者B）": 0, "サイドエアバッグの装備（当事者A）": 2, "サイドエアバッグの装備（当事者B）": 0, "人身損傷程度（当事者A）": 4, "人身損傷程度（当事者B）": 2, "地点　緯度（北緯）": 34.40693722, "地点　経度（東経）": 132.4660408, "曜日(発生年月日)": 5, "祝日(発生年月日)": 3, "認知機能検査経過日数（当事者A）": 9999, "認知機能検査経過日数（当事者B）": 0, "運転練習の方法（当事者A）": 1, "運転練習の方法（当事者B）": 0, "field_69": null }, "geometry": { "type": "Point", "coordinates": [ 132.4660408, 34.40693722 ] } },
{ "type": "Feature", "properties": { "資料区分": 1, "都道府県コード": 73, "警察署等コード": 102, "本票番号": 99, "事故内容": 2, "死者数": 0, "負傷者数": 1, "路線コード": 37020, "地点コード": 0, "市区町村コード": 101, "発生日時　　年": 2023, "発生日時　　月": 11, "発生日時　　日": 25, "発生日時　　時": 22, "発生日時　　分": 35, "昼夜": 22, "日の出時刻　　時": 6, "日の出時刻　　分": 53, "日の入り時刻　　時": 17, "日の入り時刻　　分": 1, "天候": 1, "地形": 1, "路面状態": 1, "道路形状": 7, "信号機": 7, "一時停止規制　標識（当事者A）": 0, "一時停止規制　表示（当事者A）": 0, "一時停止規制　標識（当事者B）": 0, "一時停止規制　表示（当事者B）": 0, "車道幅員": 4, "道路線形": 9, "衝突地点": 1, "ゾーン規制": 70, "中央分離帯施設等": 5, "歩車道区分": 4, "事故類型": 1, "年齢（当事者A）": 1, "年齢（当事者B）": 1, "当事者種別（当事者A）": 3, "当事者種別（当事者B）": 61, "用途別（当事者A）": 31, "用途別（当事者B）": 0, "車両形状等（当事者A）": 1, "車両形状等（当事者B）": 0, "オートマチック車（当事者A）": 1, "オートマチック車（当事者B）": 0, "サポカー（当事者A）": 11, "サポカー（当事者B）": 0, "速度規制（指定のみ）（当事者A）": 10, "速度規制（指定のみ）（当事者B）": 0, "車両の衝突部位（当事者A）": 20, "車両の衝突部位（当事者B）": 0, "車両の損壊程度（当事者A）": 4, "車両の損壊程度（当事者B）": 0, "エアバッグの装備（当事者A）": 2, "エアバッグの装備（当事者B）": 0, "サイドエアバッグの装備（当事者A）": 2, "サイドエアバッグの装備（当事者B）": 0, "人身損傷程度（当事者A）": 4, "人身損傷程度（当事者B）": 2, "地点　緯度（北緯）": 34.391325, "地点　経度（東経）": 132.4635361, "曜日(発生年月日)": 7, "祝日(発生年月日)": 3, "認知機能検査経過日数（当事者A）": 9999, "認知機能検査経過日数（当事者B）": 0, "運転練習の方法（当事者A）": 1, "運転練習の方法（当事者B）": 0, "field_69": null }, "geometry": { "type": "Point", "coordinates": [ 132.4635361, 34.391325 ] } },
{ "type": "Feature", "properties": { "資料区分": 1, "都道府県コード": 73, "警察署等コード": 102, "本票番号": 107, "事故内容": 2, "死者数": 0, "負傷者数": 1, "路線コード": 540, "地点コード": 0, "市区町村コード": 101, "発生日時　　年": 2024, "発生日時　　月": 2, "発生日時　　日": 29, "発生日時　　時": 19, "発生日時　　分": 32, "昼夜": 22, "日の出時刻　　時": 6, "日の出時刻　　分": 41, "日の入り時刻　　時": 18, "日の入り時刻　　分": 5, "天候": 3, "地形": 1, "路面状態": 2, "道路形状": 1, "信号機": 1, "一時停止規制　標識（当事者A）": 9, "一時停止規制　表示（当事者A）": 22, "一時停止規制　標識（当事者B）": 0, "一時停止規制　表示（当事者B）": 0, "車道幅員": 19, "道路線形": 9, "衝突地点": 30, "ゾーン規制": 70, "中央分離帯施設等": 5, "歩車道区分": 2, "事故類型": 1, "年齢（当事者A）": 45, "年齢（当事者B）": 45, "当事者種別（当事者A）": 3, "当事者種別（当事者B）": 61, "用途別（当事者A）": 31, "用途別（当事者B）": 0, "車両形状等（当事者A）": 1, "車両形状等（当事者B）": 0, "オートマチック車（当事者A）": 1, "オートマチック車（当事者B）": 0, "サポカー（当事者A）": 11, "サポカー（当事者B）": 0, "速度規制（指定のみ）（当事者A）": 4, "速度規制（指定のみ）（当事者B）": 0, "車両の衝突部位（当事者A）": 50, "車両の衝突部位（当事者B）": 0, "車両の損壊程度（当事者A）": 4, "車両の損壊程度（当事者B）": 0, "エアバッグの装備（当事者A）": 2, "エアバッグの装備（当事者B）": 0, "サイドエアバッグの装備（当事者A）": 2, "サイドエアバッグの装備（当事者B）": 0, "人身損傷程度（当事者A）": 4, "人身損傷程度（当事者B）": 2, "地点　緯度（北緯）": 34.38980556, "地点　経度（東経）": 132.456025, "曜日(発生年月日)": 5, "祝日(発生年月日)": 3, "認知機能検査経過日数（当事者A）": 9999, "認知機能検査経過日数（当事者B）": 0, "運転練習の方法（当事者A）": 1, "運転練習の方法（当事者B）": 0, "field_69": null }, "geometry": { "type": "Point", "coordinates": [ 132.456025, 34.38980556 ] } },
{ "type": "Feature", "properties": { "資料区分": 1, "都道府県コード": 73, "警察署等コード": 102, "本票番号": 111, "事故内容": 2, "死者数": 0, "負傷者数": 1, "路線コード": 37020, "地点コード": 0, "市区町村コード": 101, "発生日時　　年": 2024, "発生日時　　月": 3, "発生日時　　日": 3, "発生日時　　時": 9, "発生日時　　分": 32, "昼夜": 12, "日の出時刻　　時": 6, "日の出時刻　　分": 36, "日の入り時刻　　時": 18, "日の入り時刻　　分": 7, "天候": 2, "地形": 1, "路面状態": 1, "道路形状": 1, "信号機": 7, "一時停止規制　標識（当事者A）": 9, "一時停止規制　表示（当事者A）": 22, "一時停止規制　標識（当事者B）": 0, "一時停止規制　表示（当事者B）": 0, "車道幅員": 15, "道路線形": 9, "衝突地点": 30, "ゾーン規制": 70, "中央分離帯施設等": 5, "歩車道区分": 2, "事故類型": 1, "年齢（当事者A）": 25, "年齢（当事者B）": 35, "当事者種別（当事者A）": 3, "当事者種別（当事者B）": 61, "用途別（当事者A）": 31, "用途別（当事者B）": 0, "車両形状等（当事者A）": 1, "車両形状等（当事者B）": 0, "オートマチック車（当事者A）": 1, "オートマチック車（当事者B）": 0, "サポカー（当事者A）": 11, "サポカー（当事者B）": 0, "速度規制（指定のみ）（当事者A）": 10, "速度規制（指定のみ）（当事者B）": 0, "車両の衝突部位（当事者A）": 20, "車両の衝突部位（当事者B）": 0, "車両の損壊程度（当事者A）": 4, "車両の損壊程度（当事者B）": 0, "エアバッグの装備（当事者A）": 2, "エアバッグの装備（当事者B）": 0, "サイドエアバッグの装備（当事者A）": 2, "サイドエアバッグの装備（当事者B）": 0, "人身損傷程度（当事者A）": 4, "人身損傷程度（当事者B）": 2, "地点　緯度（北緯）": 34.38875444, "地点　経度（東経）": 132.4631858, "曜日(発生年月日)": 1, "祝日(発生年月日)": 3, "認知機能検査経過日数（当事者A）": 9999, "認知機能検査経過日数（当事者B）": 0, "運転練習の方法（当事者A）": 1, "運転練習の方法（当事者B）": 0, "field_69": null }, "geometry": { "type": "Point", "coordinates": [ 132.4631858, 34.38875444 ] } },
{ "type": "Feature", "properties": { "資料区分": 1, "都道府県コード": 73, "警察署等コード": 102, "本票番号": 112, "事故内容": 2, "死者数": 0, "負傷者数": 1, "路線コード": 37020, "地点コード": 0, "市区町村コード": 101, "発生日時　　年": 2024, "発生日時　　月": 3, "発生日時　　日": 19, "発生日時　　時": 15, "発生日時　　分": 42, "昼夜": 12, "日の出時刻　　時": 6, "日の出時刻　　分": 15, "日の入り時刻　　時": 18, "日の入り時刻　　分": 20, "天候": 2, "地形": 1, "路面状態": 1, "道路形状": 14, "信号機": 7, "一時停止規制　標識（当事者A）": 0, "一時停止規制　表示（当事者A）": 0, "一時停止規制　標識（当事者B）": 0, "一時停止規制　表示（当事者B）": 0, "車道幅員": 3, "道路線形": 9, "衝突地点": 1, "ゾーン規制": 70, "中央分離帯施設等": 4, "歩車道区分": 2, "事故類型": 1, "年齢（当事者A）": 45, "年齢（当事者B）": 1, "当事者種別（当事者A）": 17, "当事者種別（当事者B）": 61, "用途別（当事者A）": 1, "用途別（当事者B）": 0, "車両形状等（当事者A）": 11, "車両形状等（当事者B）": 0, "オートマチック車（当事者A）": 2, "オートマチック車（当事者B）": 0, "サポカー（当事者A）": 11, "サポカー（当事者B）": 0, "速度規制（指定のみ）（当事者A）": 10, "速度規制（指定のみ）（当事者B）": 0, "車両の衝突部位（当事者A）": 80, "車両の衝突部位（当事者B）": 0, "車両の損壊程度（当事者A）": 3, "車両の損壊程度（当事者B）": 0, "エアバッグの装備（当事者A）": 2, "エアバッグの装備（当事者B）": 0, "サイドエアバッグの装備（当事者A）": 2, "サイドエアバッグの装備（当事者B）": 0, "人身損傷程度（当事者A）": 4, "人身損傷程度（当事者B）": 2, "地点　緯度（北緯）": 34.40684583, "地点　経度（東経）": 132.4610169, "曜日(発生年月日)": 3, "祝日(発生年月日)": 2, "認知機能検査経過日数（当事者A）": 9999, "認知機能検査経過日数（当事者B）": 0, "運転練習の方法（当事者A）": 1, "運転練習の方法（当事者B）": 0, "field_69": null }, "geometry": { "type": "Point", "coordinates": [ 132.4610169, 34.40684583 ] } },
{ "type": "Feature", "properties": { "資料区分": 1, "都道府県コード": 73, "警察署等コード": 102, "本票番号": 115, "事故内容": 2, "死者数": 0, "負傷者数": 1, "路線コード": 20, "地点コード": 3371, "市区町村コード": 101, "発生日時　　年": 2024, "発生日時　　月": 3, "発生日時　　日": 11, "発生日時　　時": 21, "発生日時　　分": 34, "昼夜": 22, "日の出時刻　　時": 6, "日の出時刻　　分": 26, "日の入り時刻　　時": 18, "日の入り時刻　　分": 14, "天候": 3, "地形": 1, "路面状態": 2, "道路形状": 1, "信号機": 1, "一時停止規制　標識（当事者A）": 9, "一時停止規制　表示（当事者A）": 22, "一時停止規制　標識（当事者B）": 0, "一時停止規制　表示（当事者B）": 0, "車道幅員": 19, "道路線形": 9, "衝突地点": 30, "ゾーン規制": 70, "中央分離帯施設等": 5, "歩車道区分": 2, "事故類型": 1, "年齢（当事者A）": 55, "年齢（当事者B）": 25, "当事者種別（当事者A）": 4, "当事者種別（当事者B）": 61, "用途別（当事者A）": 31, "用途別（当事者B）": 0, "車両形状等（当事者A）": 1, "車両形状等（当事者B）": 0, "オートマチック車（当事者A）": 1, "オートマチック車（当事者B）": 0, "サポカー（当事者A）": 11, "サポカー（当事者B）": 0, "速度規制（指定のみ）（当事者A）": 4, "速度規制（指定のみ）（当事者B）": 0, "車両の衝突部位（当事者A）": 80, "車両の衝突部位（当事者B）": 0, "車両の損壊程度（当事者A）": 4, "車両の損壊程度（当事者B）": 0, "エアバッグの装備（当事者A）": 2, "エアバッグの装備（当事者B）": 0, "サイドエアバッグの装備（当事者A）": 2, "サイドエアバッグの装備（当事者B）": 0, "人身損傷程度（当事者A）": 4, "人身損傷程度（当事者B）": 2, "地点　緯度（北緯）": 34.38629167, "地点　経度（東経）": 132.4433194, "曜日(発生年月日)": 2, "祝日(発生年月日)": 3, "認知機能検査経過日数（当事者A）": 9999, "認知機能検査経過日数（当事者B）": 0, "運転練習の方法（当事者A）": 9, "運転練習の方法（当事者B）": 0, "field_69": null }, "geometry": { "type": "Point", "coordinates": [ 132.4433194, 34.38629167 ] } },
{ "type": "Feature", "properties": { "資料区分": 1, "都道府県コード": 73, "警察署等コード": 102, "本票番号": 120, "事故内容": 2, "死者数": 0, "負傷者数": 1, "路線コード": 21640, "地点コード": 0, "市区町村コード": 101, "発生日時　　年": 2024, "発生日時　　月": 3, "発生日時　　日": 27, "発生日時　　時": 11, "発生日時　　分": 33, "昼夜": 12, "日の出時刻　　時": 6, "日の出時刻　　分": 4, "日の入り時刻　　時": 18, "日の入り時刻　　分": 26, "天候": 1, "地形": 1, "路面状態": 1, "道路形状": 1, "信号機": 1, "一時停止規制　標識（当事者A）": 9, "一時停止規制　表示（当事者A）": 22, "一時停止規制　標識（当事者B）": 0, "一時停止規制　表示（当事者B）": 0, "車道幅員": 18, "道路線形": 9, "衝突地点": 30, "ゾーン規制": 70, "中央分離帯施設等": 5, "歩車道区分": 2, "事故類型": 1, "年齢（当事者A）": 45, "年齢（当事者B）": 55, "当事者種別（当事者A）": 3, "当事者種別（当事者B）": 61, "用途別（当事者A）": 31, "用途別（当事者B）": 0, "車両形状等（当事者A）": 1, "車両形状等（当事者B）": 0, "オートマチック車（当事者A）": 1, "オートマチック車（当事者B）": 0, "サポカー（当事者A）": 11, "サポカー（当事者B）": 0, "速度規制（指定のみ）（当事者A）": 4, "速度規制（指定のみ）（当事者B）": 0, "車両の衝突部位（当事者A）": 50, "車両の衝突部位（当事者B）": 0, "車両の損壊程度（当事者A）": 3, "車両の損壊程度（当事者B）": 0, "エアバッグの装備（当事者A）": 2, "エアバッグの装備（当事者B）": 0, "サイドエアバッグの装備（当事者A）": 2, "サイドエアバッグの装備（当事者B）": 0, "人身損傷程度（当事者A）": 4, "人身損傷程度（当事者B）": 2, "地点　緯度（北緯）": 34.39468056, "地点　経度（東経）": 132.4602278, "曜日(発生年月日)": 4, "祝日(発生年月日)": 3, "認知機能検査経過日数（当事者A）": 9999, "認知機能検査経過日数（当事者B）": 0, "運転練習の方法（当事者A）": 1, "運転練習の方法（当事者B）": 0, "field_69": null }, "geometry": { "type": "Point", "coordinates": [ 132.460227800000013, 34.39468056 ] } },
{ "type": "Feature", "properties": { "資料区分": 1, "都道府県コード": 73, "警察署等コード": 102, "本票番号": 123, "事故内容": 2, "死者数": 0, "負傷者数": 1, "路線コード": 37020, "地点コード": 0, "市区町村コード": 101, "発生日時　　年": 2024, "発生日時　　月": 3, "発生日時　　日": 19, "発生日時　　時": 8, "発生日時　　分": 20, "昼夜": 12, "日の出時刻　　時": 6, "日の出時刻　　分": 15, "日の入り時刻　　時": 18, "日の入り時刻　　分": 20, "天候": 1, "地形": 1, "路面状態": 1, "道路形状": 14, "信号機": 7, "一時停止規制　標識（当事者A）": 0, "一時停止規制　表示（当事者A）": 0, "一時停止規制　標識（当事者B）": 0, "一時停止規制　表示（当事者B）": 0, "車道幅員": 3, "道路線形": 9, "衝突地点": 1, "ゾーン規制": 1, "中央分離帯施設等": 5, "歩車道区分": 3, "事故類型": 1, "年齢（当事者A）": 35, "年齢（当事者B）": 1, "当事者種別（当事者A）": 14, "当事者種別（当事者B）": 61, "用途別（当事者A）": 31, "用途別（当事者B）": 0, "車両形状等（当事者A）": 11, "車両形状等（当事者B）": 0, "オートマチック車（当事者A）": 1, "オートマチック車（当事者B）": 0, "サポカー（当事者A）": 11, "サポカー（当事者B）": 0, "速度規制（指定のみ）（当事者A）": 10, "速度規制（指定のみ）（当事者B）": 0, "車両の衝突部位（当事者A）": 10, "車両の衝突部位（当事者B）": 0, "車両の損壊程度（当事者A）": 3, "車両の損壊程度（当事者B）": 0, "エアバッグの装備（当事者A）": 2, "エアバッグの装備（当事者B）": 0, "サイドエアバッグの装備（当事者A）": 2, "サイドエアバッグの装備（当事者B）": 0, "人身損傷程度（当事者A）": 4, "人身損傷程度（当事者B）": 2, "地点　緯度（北緯）": 34.38099556, "地点　経度（東経）": 132.4607425, "曜日(発生年月日)": 3, "祝日(発生年月日)": 2, "認知機能検査経過日数（当事者A）": 9999, "認知機能検査経過日数（当事者B）": 0, "運転練習の方法（当事者A）": 5, "運転練習の方法（当事者B）": 0, "field_69": null }, "geometry": { "type": "Point", "coordinates": [ 132.4607425, 34.38099556 ] } },
{ "type": "Feature", "properties": { "資料区分": 1, "都道府県コード": 73, "警察署等コード": 102, "本票番号": 124, "事故内容": 2, "死者数": 0, "負傷者数": 1, "路線コード": 37020, "地点コード": 0, "市区町村コード": 101, "発生日時　　年": 2024, "発生日時　　月": 3, "発生日時　　日": 26, "発生日時　　時": 15, "発生日時　　分": 5, "昼夜": 12, "日の出時刻　　時": 6, "日の出時刻　　分": 5, "日の入り時刻　　時": 18, "日の入り時刻　　分": 26, "天候": 1, "地形": 1, "路面状態": 1, "道路形状": 14, "信号機": 7, "一時停止規制　標識（当事者A）": 0, "一時停止規制　表示（当事者A）": 0, "一時停止規制　標識（当事者B）": 0, "一時停止規制　表示（当事者B）": 0, "車道幅員": 3, "道路線形": 9, "衝突地点": 1, "ゾーン規制": 70, "中央分離帯施設等": 5, "歩車道区分": 3, "事故類型": 1, "年齢（当事者A）": 65, "年齢（当事者B）": 45, "当事者種別（当事者A）": 3, "当事者種別（当事者B）": 61, "用途別（当事者A）": 31, "用途別（当事者B）": 0, "車両形状等（当事者A）": 1, "車両形状等（当事者B）": 0, "オートマチック車（当事者A）": 1, "オートマチック車（当事者B）": 0, "サポカー（当事者A）": 11, "サポカー（当事者B）": 0, "速度規制（指定のみ）（当事者A）": 10, "速度規制（指定のみ）（当事者B）": 0, "車両の衝突部位（当事者A）": 40, "車両の衝突部位（当事者B）": 0, "車両の損壊程度（当事者A）": 3, "車両の損壊程度（当事者B）": 0, "エアバッグの装備（当事者A）": 2, "エアバッグの装備（当事者B）": 0, "サイドエアバッグの装備（当事者A）": 2, "サイドエアバッグの装備（当事者B）": 0, "人身損傷程度（当事者A）": 4, "人身損傷程度（当事者B）": 2, "地点　緯度（北緯）": 34.39511667, "地点　経度（東経）": 132.4488167, "曜日(発生年月日)": 3, "祝日(発生年月日)": 3, "認知機能検査経過日数（当事者A）": 9999, "認知機能検査経過日数（当事者B）": 0, "運転練習の方法（当事者A）": 9, "運転練習の方法（当事者B）": 0, "field_69": null }, "geometry": { "type": "Point", "coordinates": [ 132.4488167, 34.39511667 ] } },
{ "type": "Feature", "properties": { "資料区分": 1, "都道府県コード": 73, "警察署等コード": 102, "本票番号": 125, "事故内容": 2, "死者数": 0, "負傷者数": 1, "路線コード": 37020, "地点コード": 0, "市区町村コード": 101, "発生日時　　年": 2024, "発生日時　　月": 1, "発生日時　　日": 27, "発生日時　　時": 7, "発生日時　　分": 59, "昼夜": 11, "日の出時刻　　時": 7, "日の出時刻　　分": 11, "日の入り時刻　　時": 17, "日の入り時刻　　分": 34, "天候": 1, "地形": 1, "路面状態": 1, "道路形状": 1, "信号機": 1, "一時停止規制　標識（当事者A）": 9, "一時停止規制　表示（当事者A）": 22, "一時停止規制　標識（当事者B）": 0, "一時停止規制　表示（当事者B）": 0, "車道幅員": 15, "道路線形": 9, "衝突地点": 30, "ゾーン規制": 70, "中央分離帯施設等": 5, "歩車道区分": 2, "事故類型": 1, "年齢（当事者A）": 65, "年齢（当事者B）": 35, "当事者種別（当事者A）": 3, "当事者種別（当事者B）": 61, "用途別（当事者A）": 31, "用途別（当事者B）": 0, "車両形状等（当事者A）": 1, "車両形状等（当事者B）": 0, "オートマチック車（当事者A）": 1, "オートマチック車（当事者B）": 0, "サポカー（当事者A）": 11, "サポカー（当事者B）": 0, "速度規制（指定のみ）（当事者A）": 10, "速度規制（指定のみ）（当事者B）": 0, "車両の衝突部位（当事者A）": 10, "車両の衝突部位（当事者B）": 0, "車両の損壊程度（当事者A）": 3, "車両の損壊程度（当事者B）": 0, "エアバッグの装備（当事者A）": 2, "エアバッグの装備（当事者B）": 0, "サイドエアバッグの装備（当事者A）": 2, "サイドエアバッグの装備（当事者B）": 0, "人身損傷程度（当事者A）": 4, "人身損傷程度（当事者B）": 2, "地点　緯度（北緯）": 34.366205, "地点　経度（東経）": 132.4486133, "曜日(発生年月日)": 7, "祝日(発生年月日)": 3, "認知機能検査経過日数（当事者A）": 9999, "認知機能検査経過日数（当事者B）": 0, "運転練習の方法（当事者A）": 9, "運転練習の方法（当事者B）": 0, "field_69": null }, "geometry": { "type": "Point", "coordinates": [ 132.4486133, 34.366205 ] } },
{ "type": "Feature", "properties": { "資料区分": 1, "都道府県コード": 73, "警察署等コード": 103, "本票番号": 58, "事故内容": 2, "死者数": 0, "負傷者数": 1, "路線コード": 37030, "地点コード": 0, "市区町村コード": 103, "発生日時　　年": 2024, "発生日時　　月": 2, "発生日時　　日": 24, "発生日時　　時": 18, "発生日時　　分": 35, "昼夜": 21, "日の出時刻　　時": 6, "日の出時刻　　分": 45, "日の入り時刻　　時": 18, "日の入り時刻　　分": 1, "天候": 1, "地形": 1, "路面状態": 1, "道路形状": 1, "信号機": 7, "一時停止規制　標識（当事者A）": 9, "一時停止規制　表示（当事者A）": 22, "一時停止規制　標識（当事者B）": 0, "一時停止規制　表示（当事者B）": 0, "車道幅員": 14, "道路線形": 9, "衝突地点": 30, "ゾーン規制": 70, "中央分離帯施設等": 5, "歩車道区分": 2, "事故類型": 1, "年齢（当事者A）": 65, "年齢（当事者B）": 55, "当事者種別（当事者A）": 51, "当事者種別（当事者B）": 61, "用途別（当事者A）": 41, "用途別（当事者B）": 0, "車両形状等（当事者A）": 0, "車両形状等（当事者B）": 0, "オートマチック車（当事者A）": 0, "オートマチック車（当事者B）": 0, "サポカー（当事者A）": 0, "サポカー（当事者B）": 0, "速度規制（指定のみ）（当事者A）": 0, "速度規制（指定のみ）（当事者B）": 0, "車両の衝突部位（当事者A）": 10, "車両の衝突部位（当事者B）": 0, "車両の損壊程度（当事者A）": 3, "車両の損壊程度（当事者B）": 0, "エアバッグの装備（当事者A）": 0, "エアバッグの装備（当事者B）": 0, "サイドエアバッグの装備（当事者A）": 0, "サイドエアバッグの装備（当事者B）": 0, "人身損傷程度（当事者A）": 4, "人身損傷程度（当事者B）": 2, "地点　緯度（北緯）": 34.38444611, "地点　経度（東経）": 132.4818633, "曜日(発生年月日)": 7, "祝日(発生年月日)": 3, "認知機能検査経過日数（当事者A）": 0, "認知機能検査経過日数（当事者B）": 0, "運転練習の方法（当事者A）": 0, "運転練習の方法（当事者B）": 0, "field_69": null }, "geometry": { "type": "Point", "coordinates": [ 132.481863299999986, 34.38444611 ] } },
{ "type": "Feature", "properties": { "資料区分": 1, "都道府県コード": 73, "警察署等コード": 103, "本票番号": 66, "事故内容": 2, "死者数": 0, "負傷者数": 1, "路線コード": 37030, "地点コード": 0, "市区町村コード": 103, "発生日時　　年": 2024, "発生日時　　月": 3, "発生日時　　日": 15, "発生日時　　時": 21, "発生日時　　分": 10, "昼夜": 22, "日の出時刻　　時": 6, "日の出時刻　　分": 20, "日の入り時刻　　時": 18, "日の入り時刻　　分": 17, "天候": 1, "地形": 1, "路面状態": 1, "道路形状": 1, "信号機": 7, "一時停止規制　標識（当事者A）": 9, "一時停止規制　表示（当事者A）": 22, "一時停止規制　標識（当事者B）": 0, "一時停止規制　表示（当事者B）": 0, "車道幅員": 14, "道路線形": 2, "衝突地点": 30, "ゾーン規制": 70, "中央分離帯施設等": 5, "歩車道区分": 4, "事故類型": 1, "年齢（当事者A）": 35, "年齢（当事者B）": 45, "当事者種別（当事者A）": 3, "当事者種別（当事者B）": 61, "用途別（当事者A）": 31, "用途別（当事者B）": 0, "車両形状等（当事者A）": 1, "車両形状等（当事者B）": 0, "オートマチック車（当事者A）": 1, "オートマチック車（当事者B）": 0, "サポカー（当事者A）": 11, "サポカー（当事者B）": 0, "速度規制（指定のみ）（当事者A）": 2, "速度規制（指定のみ）（当事者B）": 0, "車両の衝突部位（当事者A）": 10, "車両の衝突部位（当事者B）": 0, "車両の損壊程度（当事者A）": 3, "車両の損壊程度（当事者B）": 0, "エアバッグの装備（当事者A）": 2, "エアバッグの装備（当事者B）": 0, "サイドエアバッグの装備（当事者A）": 2, "サイドエアバッグの装備（当事者B）": 0, "人身損傷程度（当事者A）": 4, "人身損傷程度（当事者B）": 2, "地点　緯度（北緯）": 34.39029778, "地点　経度（東経）": 132.4807911, "曜日(発生年月日)": 6, "祝日(発生年月日)": 3, "認知機能検査経過日数（当事者A）": 9999, "認知機能検査経過日数（当事者B）": 0, "運転練習の方法（当事者A）": 1, "運転練習の方法（当事者B）": 0, "field_69": null }, "geometry": { "type": "Point", "coordinates": [ 132.4807911, 34.39029778 ] } },
{ "type": "Feature", "properties": { "資料区分": 1, "都道府県コード": 73, "警察署等コード": 104, "本票番号": 27, "事故内容": 2, "死者数": 0, "負傷者数": 1, "路線コード": 37040, "地点コード": 0, "市区町村コード": 202, "発生日時　　年": 2024, "発生日時　　月": 2, "発生日時　　日": 28, "発生日時　　時": 16, "発生日時　　分": 50, "昼夜": 12, "日の出時刻　　時": 6, "日の出時刻　　分": 40, "日の入り時刻　　時": 18, "日の入り時刻　　分": 4, "天候": 1, "地形": 1, "路面状態": 1, "道路形状": 1, "信号機": 7, "一時停止規制　標識（当事者A）": 9, "一時停止規制　表示（当事者A）": 22, "一時停止規制　標識（当事者B）": 0, "一時停止規制　表示（当事者B）": 0, "車道幅員": 14, "道路線形": 7, "衝突地点": 30, "ゾーン規制": 70, "中央分離帯施設等": 5, "歩車道区分": 2, "事故類型": 1, "年齢（当事者A）": 65, "年齢（当事者B）": 1, "当事者種別（当事者A）": 3, "当事者種別（当事者B）": 61, "用途別（当事者A）": 31, "用途別（当事者B）": 0, "車両形状等（当事者A）": 1, "車両形状等（当事者B）": 0, "オートマチック車（当事者A）": 1, "オートマチック車（当事者B）": 0, "サポカー（当事者A）": 1, "サポカー（当事者B）": 0, "速度規制（指定のみ）（当事者A）": 2, "速度規制（指定のみ）（当事者B）": 0, "車両の衝突部位（当事者A）": 10, "車両の衝突部位（当事者B）": 0, "車両の損壊程度（当事者A）": 3, "車両の損壊程度（当事者B）": 0, "エアバッグの装備（当事者A）": 2, "エアバッグの装備（当事者B）": 0, "サイドエアバッグの装備（当事者A）": 2, "サイドエアバッグの装備（当事者B）": 0, "人身損傷程度（当事者A）": 4, "人身損傷程度（当事者B）": 2, "地点　緯度（北緯）": 34.2809075, "地点　経度（東経）": 132.5532206, "曜日(発生年月日)": 4, "祝日(発生年月日)": 3, "認知機能検査経過日数（当事者A）": 9999, "認知機能検査経過日数（当事者B）": 0, "運転練習の方法（当事者A）": 9, "運転練習の方法（当事者B）": 0, "field_69": null }, "geometry": { "type": "Point", "coordinates": [ 132.5532206, 34.2809075 ] } },
{ "type": "Feature", "properties": { "資料区分": 1, "都道府県コード": 73, "警察署等コード": 104, "本票番号": 28, "事故内容": 2, "死者数": 0, "負傷者数": 1, "路線コード": 14310, "地点コード": 0, "市区町村コード": 202, "発生日時　　年": 2024, "発生日時　　月": 1, "発生日時　　日": 3, "発生日時　　時": 20, "発生日時　　分": 23, "昼夜": 22, "日の出時刻　　時": 7, "日の出時刻　　分": 16, "日の入り時刻　　時": 17, "日の入り時刻　　分": 12, "天候": 1, "地形": 1, "路面状態": 1, "道路形状": 1, "信号機": 2, "一時停止規制　標識（当事者A）": 9, "一時停止規制　表示（当事者A）": 22, "一時停止規制　標識（当事者B）": 0, "一時停止規制　表示（当事者B）": 0, "車道幅員": 14, "道路線形": 9, "衝突地点": 30, "ゾーン規制": 70, "中央分離帯施設等": 4, "歩車道区分": 1, "事故類型": 1, "年齢（当事者A）": 55, "年齢（当事者B）": 1, "当事者種別（当事者A）": 4, "当事者種別（当事者B）": 61, "用途別（当事者A）": 31, "用途別（当事者B）": 0, "車両形状等（当事者A）": 1, "車両形状等（当事者B）": 0, "オートマチック車（当事者A）": 1, "オートマチック車（当事者B）": 0, "サポカー（当事者A）": 11, "サポカー（当事者B）": 0, "速度規制（指定のみ）（当事者A）": 4, "速度規制（指定のみ）（当事者B）": 0, "車両の衝突部位（当事者A）": 10, "車両の衝突部位（当事者B）": 0, "車両の損壊程度（当事者A）": 3, "車両の損壊程度（当事者B）": 0, "エアバッグの装備（当事者A）": 2, "エアバッグの装備（当事者B）": 0, "サイドエアバッグの装備（当事者A）": 2, "サイドエアバッグの装備（当事者B）": 0, "人身損傷程度（当事者A）": 4, "人身損傷程度（当事者B）": 2, "地点　緯度（北緯）": 34.25149167, "地点　経度（東経）": 132.5590528, "曜日(発生年月日)": 4, "祝日(発生年月日)": 3, "認知機能検査経過日数（当事者A）": 9999, "認知機能検査経過日数（当事者B）": 0, "運転練習の方法（当事者A）": 9, "運転練習の方法（当事者B）": 0, "field_69": null }, "geometry": { "type": "Point", "coordinates": [ 132.559052799999989, 34.25149167 ] } },
{ "type": "Feature", "properties": { "資料区分": 1, "都道府県コード": 73, "警察署等コード": 104, "本票番号": 30, "事故内容": 2, "死者数": 0, "負傷者数": 1, "路線コード": 37040, "地点コード": 0, "市区町村コード": 202, "発生日時　　年": 2024, "発生日時　　月": 2, "発生日時　　日": 16, "発生日時　　時": 12, "発生日時　　分": 20, "昼夜": 12, "日の出時刻　　時": 6, "日の出時刻　　分": 54, "日の入り時刻　　時": 17, "日の入り時刻　　分": 54, "天候": 1, "地形": 2, "路面状態": 1, "道路形状": 14, "信号機": 7, "一時停止規制　標識（当事者A）": 0, "一時停止規制　表示（当事者A）": 0, "一時停止規制　標識（当事者B）": 0, "一時停止規制　表示（当事者B）": 0, "車道幅員": 5, "道路線形": 9, "衝突地点": 1, "ゾーン規制": 70, "中央分離帯施設等": 4, "歩車道区分": 2, "事故類型": 1, "年齢（当事者A）": 75, "年齢（当事者B）": 75, "当事者種別（当事者A）": 51, "当事者種別（当事者B）": 61, "用途別（当事者A）": 41, "用途別（当事者B）": 0, "車両形状等（当事者A）": 0, "車両形状等（当事者B）": 0, "オートマチック車（当事者A）": 0, "オートマチック車（当事者B）": 0, "サポカー（当事者A）": 0, "サポカー（当事者B）": 0, "速度規制（指定のみ）（当事者A）": 0, "速度規制（指定のみ）（当事者B）": 0, "車両の衝突部位（当事者A）": 10, "車両の衝突部位（当事者B）": 0, "車両の損壊程度（当事者A）": 3, "車両の損壊程度（当事者B）": 0, "エアバッグの装備（当事者A）": 0, "エアバッグの装備（当事者B）": 0, "サイドエアバッグの装備（当事者A）": 0, "サイドエアバッグの装備（当事者B）": 0, "人身損傷程度（当事者A）": 4, "人身損傷程度（当事者B）": 2, "地点　緯度（北緯）": 34.24345722, "地点　経度（東経）": 132.5582725, "曜日(発生年月日)": 6, "祝日(発生年月日)": 3, "認知機能検査経過日数（当事者A）": 0, "認知機能検査経過日数（当事者B）": 0, "運転練習の方法（当事者A）": 0, "運転練習の方法（当事者B）": 0, "field_69": null }, "geometry": { "type": "Point", "coordinates": [ 132.558272499999987, 34.24345722 ] } },
{ "type": "Feature", "properties": { "資料区分": 1, "都道府県コード": 73, "警察署等コード": 104, "本票番号": 36, "事故内容": 2, "死者数": 0, "負傷者数": 1, "路線コード": 37040, "地点コード": 0, "市区町村コード": 202, "発生日時　　年": 2024, "発生日時　　月": 3, "発生日時　　日": 19, "発生日時　　時": 15, "発生日時　　分": 17, "昼夜": 12, "日の出時刻　　時": 6, "日の出時刻　　分": 15, "日の入り時刻　　時": 18, "日の入り時刻　　分": 20, "天候": 1, "地形": 1, "路面状態": 1, "道路形状": 7, "信号機": 7, "一時停止規制　標識（当事者A）": 0, "一時停止規制　表示（当事者A）": 0, "一時停止規制　標識（当事者B）": 0, "一時停止規制　表示（当事者B）": 0, "車道幅員": 3, "道路線形": 7, "衝突地点": 1, "ゾーン規制": 70, "中央分離帯施設等": 5, "歩車道区分": 2, "事故類型": 1, "年齢（当事者A）": 75, "年齢（当事者B）": 1, "当事者種別（当事者A）": 36, "当事者種別（当事者B）": 61, "用途別（当事者A）": 31, "用途別（当事者B）": 0, "車両形状等（当事者A）": 0, "車両形状等（当事者B）": 0, "オートマチック車（当事者A）": 0, "オートマチック車（当事者B）": 0, "サポカー（当事者A）": 11, "サポカー（当事者B）": 0, "速度規制（指定のみ）（当事者A）": 10, "速度規制（指定のみ）（当事者B）": 0, "車両の衝突部位（当事者A）": 10, "車両の衝突部位（当事者B）": 0, "車両の損壊程度（当事者A）": 3, "車両の損壊程度（当事者B）": 0, "エアバッグの装備（当事者A）": 0, "エアバッグの装備（当事者B）": 0, "サイドエアバッグの装備（当事者A）": 0, "サイドエアバッグの装備（当事者B）": 0, "人身損傷程度（当事者A）": 4, "人身損傷程度（当事者B）": 2, "地点　緯度（北緯）": 34.25466389, "地点　経度（東経）": 132.5775694, "曜日(発生年月日)": 3, "祝日(発生年月日)": 2, "認知機能検査経過日数（当事者A）": 732, "認知機能検査経過日数（当事者B）": 0, "運転練習の方法（当事者A）": 9, "運転練習の方法（当事者B）": 0, "field_69": null }, "geometry": { "type": "Point", "coordinates": [ 132.577569399999987, 34.25466389 ] } },
{ "type": "Feature", "properties": { "資料区分": 1, "都道府県コード": 73, "警察署等コード": 106, "本票番号": 4, "事故内容": 1, "死者数": 1, "負傷者数": 0, "路線コード": 4870, "地点コード": 0, "市区町村コード": 215, "発生日時　　年": 2024, "発生日時　　月": 3, "発生日時　　日": 5, "発生日時　　時": 10, "発生日時　　分": 48, "昼夜": 12, "日の出時刻　　時": 6, "日の出時刻　　分": 34, "日の入り時刻　　時": 18, "日の入り時刻　　分": 9, "天候": 3, "地形": 2, "路面状態": 2, "道路形状": 1, "信号機": 7, "一時停止規制　標識（当事者A）": 9, "一時停止規制　表示（当事者A）": 22, "一時停止規制　標識（当事者B）": 0, "一時停止規制　表示（当事者B）": 0, "車道幅員": 14, "道路線形": 9, "衝突地点": 30, "ゾーン規制": 70, "中央分離帯施設等": 4, "歩車道区分": 2, "事故類型": 1, "年齢（当事者A）": 75, "年齢（当事者B）": 75, "当事者種別（当事者A）": 14, "当事者種別（当事者B）": 61, "用途別（当事者A）": 31, "用途別（当事者B）": 0, "車両形状等（当事者A）": 11, "車両形状等（当事者B）": 0, "オートマチック車（当事者A）": 2, "オートマチック車（当事者B）": 0, "サポカー（当事者A）": 11, "サポカー（当事者B）": 0, "速度規制（指定のみ）（当事者A）": 3, "速度規制（指定のみ）（当事者B）": 0, "車両の衝突部位（当事者A）": 80, "車両の衝突部位（当事者B）": 0, "車両の損壊程度（当事者A）": 3, "車両の損壊程度（当事者B）": 0, "エアバッグの装備（当事者A）": 2, "エアバッグの装備（当事者B）": 0, "サイドエアバッグの装備（当事者A）": 2, "サイドエアバッグの装備（当事者B）": 0, "人身損傷程度（当事者A）": 4, "人身損傷程度（当事者B）": 1, "地点　緯度（北緯）": 34.16874556, "地点　経度（東経）": 132.4785597, "曜日(発生年月日)": 3, "祝日(発生年月日)": 3, "認知機能検査経過日数（当事者A）": 747, "認知機能検査経過日数（当事者B）": 0, "運転練習の方法（当事者A）": 9, "運転練習の方法（当事者B）": 0, "field_69": null }, "geometry": { "type": "Point", "coordinates": [ 132.4785597, 34.16874556 ] } },
{ "type": "Feature", "properties": { "資料区分": 1, "都道府県コード": 73, "警察署等コード": 106, "本票番号": 5, "事故内容": 2, "死者数": 0, "負傷者数": 1, "路線コード": 37060, "地点コード": 0, "市区町村コード": 215, "発生日時　　年": 2024, "発生日時　　月": 3, "発生日時　　日": 16, "発生日時　　時": 9, "発生日時　　分": 50, "昼夜": 12, "日の出時刻　　時": 6, "日の出時刻　　分": 19, "日の入り時刻　　時": 18, "日の入り時刻　　分": 18, "天候": 1, "地形": 3, "路面状態": 1, "道路形状": 14, "信号機": 7, "一時停止規制　標識（当事者A）": 0, "一時停止規制　表示（当事者A）": 0, "一時停止規制　標識（当事者B）": 0, "一時停止規制　表示（当事者B）": 0, "車道幅員": 3, "道路線形": 8, "衝突地点": 1, "ゾーン規制": 70, "中央分離帯施設等": 5, "歩車道区分": 3, "事故類型": 1, "年齢（当事者A）": 65, "年齢（当事者B）": 35, "当事者種別（当事者A）": 4, "当事者種別（当事者B）": 61, "用途別（当事者A）": 31, "用途別（当事者B）": 0, "車両形状等（当事者A）": 1, "車両形状等（当事者B）": 0, "オートマチック車（当事者A）": 1, "オートマチック車（当事者B）": 0, "サポカー（当事者A）": 11, "サポカー（当事者B）": 0, "速度規制（指定のみ）（当事者A）": 2, "速度規制（指定のみ）（当事者B）": 0, "車両の衝突部位（当事者A）": 70, "車両の衝突部位（当事者B）": 0, "車両の損壊程度（当事者A）": 3, "車両の損壊程度（当事者B）": 0, "エアバッグの装備（当事者A）": 2, "エアバッグの装備（当事者B）": 0, "サイドエアバッグの装備（当事者A）": 2, "サイドエアバッグの装備（当事者B）": 0, "人身損傷程度（当事者A）": 4, "人身損傷程度（当事者B）": 2, "地点　緯度（北緯）": 34.23437194, "地点　経度（東経）": 132.4341625, "曜日(発生年月日)": 7, "祝日(発生年月日)": 3, "認知機能検査経過日数（当事者A）": 9999, "認知機能検査経過日数（当事者B）": 0, "運転練習の方法（当事者A）": 9, "運転練習の方法（当事者B）": 0, "field_69": null }, "geometry": { "type": "Point", "coordinates": [ 132.434162500000014, 34.23437194 ] } },
{ "type": "Feature", "properties": { "資料区分": 1, "都道府県コード": 73, "警察署等コード": 106, "本票番号": 6, "事故内容": 2, "死者数": 0, "負傷者数": 1, "路線コード": 4870, "地点コード": 0, "市区町村コード": 215, "発生日時　　年": 2024, "発生日時　　月": 3, "発生日時　　日": 1, "発生日時　　時": 16, "発生日時　　分": 45, "昼夜": 12, "日の出時刻　　時": 6, "日の出時刻　　分": 39, "日の入り時刻　　時": 18, "日の入り時刻　　分": 5, "天候": 1, "地形": 3, "路面状態": 1, "道路形状": 1, "信号機": 1, "一時停止規制　標識（当事者A）": 9, "一時停止規制　表示（当事者A）": 22, "一時停止規制　標識（当事者B）": 0, "一時停止規制　表示（当事者B）": 0, "車道幅員": 14, "道路線形": 3, "衝突地点": 30, "ゾーン規制": 70, "中央分離帯施設等": 5, "歩車道区分": 2, "事故類型": 1, "年齢（当事者A）": 45, "年齢（当事者B）": 65, "当事者種別（当事者A）": 14, "当事者種別（当事者B）": 61, "用途別（当事者A）": 31, "用途別（当事者B）": 0, "車両形状等（当事者A）": 11, "車両形状等（当事者B）": 0, "オートマチック車（当事者A）": 1, "オートマチック車（当事者B）": 0, "サポカー（当事者A）": 11, "サポカー（当事者B）": 0, "速度規制（指定のみ）（当事者A）": 3, "速度規制（指定のみ）（当事者B）": 0, "車両の衝突部位（当事者A）": 10, "車両の衝突部位（当事者B）": 0, "車両の損壊程度（当事者A）": 3, "車両の損壊程度（当事者B）": 0, "エアバッグの装備（当事者A）": 2, "エアバッグの装備（当事者B）": 0, "サイドエアバッグの装備（当事者A）": 2, "サイドエアバッグの装備（当事者B）": 0, "人身損傷程度（当事者A）": 4, "人身損傷程度（当事者B）": 2, "地点　緯度（北緯）": 34.22238583, "地点　経度（東経）": 132.4440939, "曜日(発生年月日)": 6, "祝日(発生年月日)": 3, "認知機能検査経過日数（当事者A）": 9999, "認知機能検査経過日数（当事者B）": 0, "運転練習の方法（当事者A）": 9, "運転練習の方法（当事者B）": 0, "field_69": null }, "geometry": { "type": "Point", "coordinates": [ 132.444093900000013, 34.22238583 ] } },
{ "type": "Feature", "properties": { "資料区分": 1, "都道府県コード": 73, "警察署等コード": 108, "本票番号": 21, "事故内容": 2, "死者数": 0, "負傷者数": 1, "路線コード": 37080, "地点コード": 0, "市区町村コード": 213, "発生日時　　年": 2024, "発生日時　　月": 2, "発生日時　　日": 9, "発生日時　　時": 18, "発生日時　　分": 20, "昼夜": 21, "日の出時刻　　時": 7, "日の出時刻　　分": 1, "日の入り時刻　　時": 17, "日の入り時刻　　分": 47, "天候": 2, "地形": 2, "路面状態": 1, "道路形状": 1, "信号機": 1, "一時停止規制　標識（当事者A）": 9, "一時停止規制　表示（当事者A）": 22, "一時停止規制　標識（当事者B）": 0, "一時停止規制　表示（当事者B）": 0, "車道幅員": 17, "道路線形": 7, "衝突地点": 30, "ゾーン規制": 70, "中央分離帯施設等": 5, "歩車道区分": 2, "事故類型": 1, "年齢（当事者A）": 35, "年齢（当事者B）": 55, "当事者種別（当事者A）": 36, "当事者種別（当事者B）": 61, "用途別（当事者A）": 31, "用途別（当事者B）": 0, "車両形状等（当事者A）": 0, "車両形状等（当事者B）": 0, "オートマチック車（当事者A）": 0, "オートマチック車（当事者B）": 0, "サポカー（当事者A）": 11, "サポカー（当事者B）": 0, "速度規制（指定のみ）（当事者A）": 10, "速度規制（指定のみ）（当事者B）": 0, "車両の衝突部位（当事者A）": 20, "車両の衝突部位（当事者B）": 0, "車両の損壊程度（当事者A）": 3, "車両の損壊程度（当事者B）": 0, "エアバッグの装備（当事者A）": 0, "エアバッグの装備（当事者B）": 0, "サイドエアバッグの装備（当事者A）": 0, "サイドエアバッグの装備（当事者B）": 0, "人身損傷程度（当事者A）": 4, "人身損傷程度（当事者B）": 2, "地点　緯度（北緯）": 34.350725, "地点　経度（東経）": 132.3227717, "曜日(発生年月日)": 6, "祝日(発生年月日)": 3, "認知機能検査経過日数（当事者A）": 9999, "認知機能検査経過日数（当事者B）": 0, "運転練習の方法（当事者A）": 1, "運転練習の方法（当事者B）": 0, "field_69": null }, "geometry": { "type": "Point", "coordinates": [ 132.3227717, 34.350725 ] } },
{ "type": "Feature", "properties": { "資料区分": 1, "都道府県コード": 73, "警察署等コード": 108, "本票番号": 22, "事故内容": 2, "死者数": 0, "負傷者数": 1, "路線コード": 14300, "地点コード": 0, "市区町村コード": 213, "発生日時　　年": 2024, "発生日時　　月": 2, "発生日時　　日": 8, "発生日時　　時": 6, "発生日時　　分": 59, "昼夜": 23, "日の出時刻　　時": 7, "日の出時刻　　分": 2, "日の入り時刻　　時": 17, "日の入り時刻　　分": 46, "天候": 1, "地形": 1, "路面状態": 1, "道路形状": 1, "信号機": 1, "一時停止規制　標識（当事者A）": 9, "一時停止規制　表示（当事者A）": 22, "一時停止規制　標識（当事者B）": 0, "一時停止規制　表示（当事者B）": 0, "車道幅員": 15, "道路線形": 6, "衝突地点": 30, "ゾーン規制": 70, "中央分離帯施設等": 4, "歩車道区分": 2, "事故類型": 1, "年齢（当事者A）": 45, "年齢（当事者B）": 45, "当事者種別（当事者A）": 3, "当事者種別（当事者B）": 61, "用途別（当事者A）": 31, "用途別（当事者B）": 0, "車両形状等（当事者A）": 1, "車両形状等（当事者B）": 0, "オートマチック車（当事者A）": 1, "オートマチック車（当事者B）": 0, "サポカー（当事者A）": 11, "サポカー（当事者B）": 0, "速度規制（指定のみ）（当事者A）": 4, "速度規制（指定のみ）（当事者B）": 0, "車両の衝突部位（当事者A）": 80, "車両の衝突部位（当事者B）": 0, "車両の損壊程度（当事者A）": 3, "車両の損壊程度（当事者B）": 0, "エアバッグの装備（当事者A）": 2, "エアバッグの装備（当事者B）": 0, "サイドエアバッグの装備（当事者A）": 2, "サイドエアバッグの装備（当事者B）": 0, "人身損傷程度（当事者A）": 4, "人身損傷程度（当事者B）": 2, "地点　緯度（北緯）": 34.34766639, "地点　経度（東経）": 132.3099869, "曜日(発生年月日)": 5, "祝日(発生年月日)": 3, "認知機能検査経過日数（当事者A）": 9999, "認知機能検査経過日数（当事者B）": 0, "運転練習の方法（当事者A）": 1, "運転練習の方法（当事者B）": 0, "field_69": null }, "geometry": { "type": "Point", "coordinates": [ 132.309986900000013, 34.34766639 ] } },
{ "type": "Feature", "properties": { "資料区分": 1, "都道府県コード": 73, "警察署等コード": 108, "本票番号": 26, "事故内容": 2, "死者数": 0, "負傷者数": 1, "路線コード": 37080, "地点コード": 0, "市区町村コード": 213, "発生日時　　年": 2024, "発生日時　　月": 3, "発生日時　　日": 5, "発生日時　　時": 5, "発生日時　　分": 57, "昼夜": 23, "日の出時刻　　時": 6, "日の出時刻　　分": 34, "日の入り時刻　　時": 18, "日の入り時刻　　分": 9, "天候": 3, "地形": 2, "路面状態": 2, "道路形状": 14, "信号機": 7, "一時停止規制　標識（当事者A）": 0, "一時停止規制　表示（当事者A）": 0, "一時停止規制　標識（当事者B）": 0, "一時停止規制　表示（当事者B）": 0, "車道幅員": 3, "道路線形": 9, "衝突地点": 1, "ゾーン規制": 70, "中央分離帯施設等": 5, "歩車道区分": 3, "事故類型": 1, "年齢（当事者A）": 75, "年齢（当事者B）": 55, "当事者種別（当事者A）": 3, "当事者種別（当事者B）": 61, "用途別（当事者A）": 31, "用途別（当事者B）": 0, "車両形状等（当事者A）": 1, "車両形状等（当事者B）": 0, "オートマチック車（当事者A）": 1, "オートマチック車（当事者B）": 0, "サポカー（当事者A）": 11, "サポカー（当事者B）": 0, "速度規制（指定のみ）（当事者A）": 10, "速度規制（指定のみ）（当事者B）": 0, "車両の衝突部位（当事者A）": 40, "車両の衝突部位（当事者B）": 0, "車両の損壊程度（当事者A）": 3, "車両の損壊程度（当事者B）": 0, "エアバッグの装備（当事者A）": 2, "エアバッグの装備（当事者B）": 0, "サイドエアバッグの装備（当事者A）": 2, "サイドエアバッグの装備（当事者B）": 0, "人身損傷程度（当事者A）": 4, "人身損傷程度（当事者B）": 2, "地点　緯度（北緯）": 34.3598425, "地点　経度（東経）": 132.3375083, "曜日(発生年月日)": 3, "祝日(発生年月日)": 3, "認知機能検査経過日数（当事者A）": 9999, "認知機能検査経過日数（当事者B）": 0, "運転練習の方法（当事者A）": 9, "運転練習の方法（当事者B）": 0, "field_69": null }, "geometry": { "type": "Point", "coordinates": [ 132.3375083, 34.3598425 ] } },
{ "type": "Feature", "properties": { "資料区分": 1, "都道府県コード": 73, "警察署等コード": 108, "本票番号": 29, "事故内容": 2, "死者数": 0, "負傷者数": 1, "路線コード": 37080, "地点コード": 0, "市区町村コード": 213, "発生日時　　年": 2024, "発生日時　　月": 3, "発生日時　　日": 6, "発生日時　　時": 8, "発生日時　　分": 0, "昼夜": 12, "日の出時刻　　時": 6, "日の出時刻　　分": 32, "日の入り時刻　　時": 18, "日の入り時刻　　分": 10, "天候": 2, "地形": 2, "路面状態": 1, "道路形状": 1, "信号機": 7, "一時停止規制　標識（当事者A）": 9, "一時停止規制　表示（当事者A）": 22, "一時停止規制　標識（当事者B）": 0, "一時停止規制　表示（当事者B）": 0, "車道幅員": 11, "道路線形": 3, "衝突地点": 30, "ゾーン規制": 70, "中央分離帯施設等": 5, "歩車道区分": 4, "事故類型": 1, "年齢（当事者A）": 1, "年齢（当事者B）": 65, "当事者種別（当事者A）": 52, "当事者種別（当事者B）": 61, "用途別（当事者A）": 41, "用途別（当事者B）": 0, "車両形状等（当事者A）": 0, "車両形状等（当事者B）": 0, "オートマチック車（当事者A）": 0, "オートマチック車（当事者B）": 0, "サポカー（当事者A）": 0, "サポカー（当事者B）": 0, "速度規制（指定のみ）（当事者A）": 0, "速度規制（指定のみ）（当事者B）": 0, "車両の衝突部位（当事者A）": 40, "車両の衝突部位（当事者B）": 0, "車両の損壊程度（当事者A）": 4, "車両の損壊程度（当事者B）": 0, "エアバッグの装備（当事者A）": 0, "エアバッグの装備（当事者B）": 0, "サイドエアバッグの装備（当事者A）": 0, "サイドエアバッグの装備（当事者B）": 0, "人身損傷程度（当事者A）": 4, "人身損傷程度（当事者B）": 2, "地点　緯度（北緯）": 34.35480083, "地点　経度（東経）": 132.3342956, "曜日(発生年月日)": 4, "祝日(発生年月日)": 3, "認知機能検査経過日数（当事者A）": 0, "認知機能検査経過日数（当事者B）": 0, "運転練習の方法（当事者A）": 0, "運転練習の方法（当事者B）": 0, "field_69": null }, "geometry": { "type": "Point", "coordinates": [ 132.3342956, 34.35480083 ] } },
{ "type": "Feature", "properties": { "資料区分": 1, "都道府県コード": 73, "警察署等コード": 108, "本票番号": 40, "事故内容": 2, "死者数": 0, "負傷者数": 1, "路線コード": 14300, "地点コード": 0, "市区町村コード": 213, "発生日時　　年": 2024, "発生日時　　月": 3, "発生日時　　日": 1, "発生日時　　時": 18, "発生日時　　分": 33, "昼夜": 21, "日の出時刻　　時": 6, "日の出時刻　　分": 39, "日の入り時刻　　時": 18, "日の入り時刻　　分": 5, "天候": 2, "地形": 2, "路面状態": 1, "道路形状": 1, "信号機": 1, "一時停止規制　標識（当事者A）": 9, "一時停止規制　表示（当事者A）": 22, "一時停止規制　標識（当事者B）": 0, "一時停止規制　表示（当事者B）": 0, "車道幅員": 15, "道路線形": 9, "衝突地点": 30, "ゾーン規制": 70, "中央分離帯施設等": 5, "歩車道区分": 2, "事故類型": 1, "年齢（当事者A）": 65, "年齢（当事者B）": 45, "当事者種別（当事者A）": 4, "当事者種別（当事者B）": 61, "用途別（当事者A）": 31, "用途別（当事者B）": 0, "車両形状等（当事者A）": 1, "車両形状等（当事者B）": 0, "オートマチック車（当事者A）": 1, "オートマチック車（当事者B）": 0, "サポカー（当事者A）": 11, "サポカー（当事者B）": 0, "速度規制（指定のみ）（当事者A）": 4, "速度規制（指定のみ）（当事者B）": 0, "車両の衝突部位（当事者A）": 50, "車両の衝突部位（当事者B）": 0, "車両の損壊程度（当事者A）": 3, "車両の損壊程度（当事者B）": 0, "エアバッグの装備（当事者A）": 2, "エアバッグの装備（当事者B）": 0, "サイドエアバッグの装備（当事者A）": 2, "サイドエアバッグの装備（当事者B）": 0, "人身損傷程度（当事者A）": 4, "人身損傷程度（当事者B）": 2, "地点　緯度（北緯）": 34.34898222, "地点　経度（東経）": 132.3143814, "曜日(発生年月日)": 6, "祝日(発生年月日)": 3, "認知機能検査経過日数（当事者A）": 9999, "認知機能検査経過日数（当事者B）": 0, "運転練習の方法（当事者A）": 9, "運転練習の方法（当事者B）": 0, "field_69": null }, "geometry": { "type": "Point", "coordinates": [ 132.3143814, 34.34898222 ] } },
{ "type": "Feature", "properties": { "資料区分": 1, "都道府県コード": 73, "警察署等コード": 111, "本票番号": 21, "事故内容": 2, "死者数": 0, "負傷者数": 1, "路線コード": 3750, "地点コード": 0, "市区町村コード": 202, "発生日時　　年": 2024, "発生日時　　月": 2, "発生日時　　日": 12, "発生日時　　時": 18, "発生日時　　分": 30, "昼夜": 21, "日の出時刻　　時": 6, "日の出時刻　　分": 58, "日の入り時刻　　時": 17, "日の入り時刻　　分": 50, "天候": 1, "地形": 3, "路面状態": 1, "道路形状": 14, "信号機": 7, "一時停止規制　標識（当事者A）": 0, "一時停止規制　表示（当事者A）": 0, "一時停止規制　標識（当事者B）": 0, "一時停止規制　表示（当事者B）": 0, "車道幅員": 3, "道路線形": 9, "衝突地点": 1, "ゾーン規制": 70, "中央分離帯施設等": 4, "歩車道区分": 1, "事故類型": 1, "年齢（当事者A）": 65, "年齢（当事者B）": 65, "当事者種別（当事者A）": 3, "当事者種別（当事者B）": 61, "用途別（当事者A）": 31, "用途別（当事者B）": 0, "車両形状等（当事者A）": 1, "車両形状等（当事者B）": 0, "オートマチック車（当事者A）": 1, "オートマチック車（当事者B）": 0, "サポカー（当事者A）": 11, "サポカー（当事者B）": 0, "速度規制（指定のみ）（当事者A）": 3, "速度規制（指定のみ）（当事者B）": 0, "車両の衝突部位（当事者A）": 10, "車両の衝突部位（当事者B）": 0, "車両の損壊程度（当事者A）": 3, "車両の損壊程度（当事者B）": 0, "エアバッグの装備（当事者A）": 2, "エアバッグの装備（当事者B）": 0, "サイドエアバッグの装備（当事者A）": 2, "サイドエアバッグの装備（当事者B）": 0, "人身損傷程度（当事者A）": 4, "人身損傷程度（当事者B）": 2, "地点　緯度（北緯）": 34.26370694, "地点　経度（東経）": 132.6308933, "曜日(発生年月日)": 2, "祝日(発生年月日)": 1, "認知機能検査経過日数（当事者A）": 9999, "認知機能検査経過日数（当事者B）": 0, "運転練習の方法（当事者A）": 9, "運転練習の方法（当事者B）": 0, "field_69": null }, "geometry": { "type": "Point", "coordinates": [ 132.6308933, 34.26370694 ] } },
{ "type": "Feature", "properties": { "資料区分": 1, "都道府県コード": 73, "警察署等コード": 111, "本票番号": 25, "事故内容": 2, "死者数": 0, "負傷者数": 1, "路線コード": 3750, "地点コード": 0, "市区町村コード": 202, "発生日時　　年": 2024, "発生日時　　月": 1, "発生日時　　日": 26, "発生日時　　時": 18, "発生日時　　分": 32, "昼夜": 21, "日の出時刻　　時": 7, "日の出時刻　　分": 11, "日の入り時刻　　時": 17, "日の入り時刻　　分": 33, "天候": 1, "地形": 3, "路面状態": 1, "道路形状": 14, "信号機": 7, "一時停止規制　標識（当事者A）": 0, "一時停止規制　表示（当事者A）": 0, "一時停止規制　標識（当事者B）": 0, "一時停止規制　表示（当事者B）": 0, "車道幅員": 5, "道路線形": 8, "衝突地点": 1, "ゾーン規制": 70, "中央分離帯施設等": 4, "歩車道区分": 2, "事故類型": 1, "年齢（当事者A）": 1, "年齢（当事者B）": 65, "当事者種別（当事者A）": 14, "当事者種別（当事者B）": 61, "用途別（当事者A）": 31, "用途別（当事者B）": 0, "車両形状等（当事者A）": 11, "車両形状等（当事者B）": 0, "オートマチック車（当事者A）": 1, "オートマチック車（当事者B）": 0, "サポカー（当事者A）": 11, "サポカー（当事者B）": 0, "速度規制（指定のみ）（当事者A）": 4, "速度規制（指定のみ）（当事者B）": 0, "車両の衝突部位（当事者A）": 50, "車両の衝突部位（当事者B）": 0, "車両の損壊程度（当事者A）": 3, "車両の損壊程度（当事者B）": 0, "エアバッグの装備（当事者A）": 2, "エアバッグの装備（当事者B）": 0, "サイドエアバッグの装備（当事者A）": 2, "サイドエアバッグの装備（当事者B）": 0, "人身損傷程度（当事者A）": 4, "人身損傷程度（当事者B）": 2, "地点　緯度（北緯）": 34.27796556, "地点　経度（東経）": 132.6382106, "曜日(発生年月日)": 6, "祝日(発生年月日)": 3, "認知機能検査経過日数（当事者A）": 9999, "認知機能検査経過日数（当事者B）": 0, "運転練習の方法（当事者A）": 1, "運転練習の方法（当事者B）": 0, "field_69": null }, "geometry": { "type": "Point", "coordinates": [ 132.6382106, 34.27796556 ] } },
{ "type": "Feature", "properties": { "資料区分": 1, "都道府県コード": 73, "警察署等コード": 112, "本票番号": 55, "事故内容": 2, "死者数": 0, "負傷者数": 1, "路線コード": 99000, "地点コード": 0, "市区町村コード": 212, "発生日時　　年": 2023, "発生日時　　月": 12, "発生日時　　日": 25, "発生日時　　時": 8, "発生日時　　分": 30, "昼夜": 12, "日の出時刻　　時": 7, "日の出時刻　　分": 14, "日の入り時刻　　時": 17, "日の入り時刻　　分": 6, "天候": 1, "地形": 3, "路面状態": 1, "道路形状": 0, "信号機": 7, "一時停止規制　標識（当事者A）": 0, "一時停止規制　表示（当事者A）": 0, "一時停止規制　標識（当事者B）": 0, "一時停止規制　表示（当事者B）": 0, "車道幅員": 0, "道路線形": 0, "衝突地点": 20, "ゾーン規制": 70, "中央分離帯施設等": 0, "歩車道区分": 4, "事故類型": 1, "年齢（当事者A）": 25, "年齢（当事者B）": 1, "当事者種別（当事者A）": 3, "当事者種別（当事者B）": 61, "用途別（当事者A）": 31, "用途別（当事者B）": 0, "車両形状等（当事者A）": 1, "車両形状等（当事者B）": 0, "オートマチック車（当事者A）": 1, "オートマチック車（当事者B）": 0, "サポカー（当事者A）": 11, "サポカー（当事者B）": 0, "速度規制（指定のみ）（当事者A）": 10, "速度規制（指定のみ）（当事者B）": 0, "車両の衝突部位（当事者A）": 80, "車両の衝突部位（当事者B）": 0, "車両の損壊程度（当事者A）": 3, "車両の損壊程度（当事者B）": 0, "エアバッグの装備（当事者A）": 2, "エアバッグの装備（当事者B）": 0, "サイドエアバッグの装備（当事者A）": 2, "サイドエアバッグの装備（当事者B）": 0, "人身損傷程度（当事者A）": 4, "人身損傷程度（当事者B）": 2, "地点　緯度（北緯）": 34.41598361, "地点　経度（東経）": 132.7514433, "曜日(発生年月日)": 2, "祝日(発生年月日)": 3, "認知機能検査経過日数（当事者A）": 9999, "認知機能検査経過日数（当事者B）": 0, "運転練習の方法（当事者A）": 1, "運転練習の方法（当事者B）": 0, "field_69": null }, "geometry": { "type": "Point", "coordinates": [ 132.7514433, 34.41598361 ] } },
{ "type": "Feature", "properties": { "資料区分": 1, "都道府県コード": 73, "警察署等コード": 112, "本票番号": 66, "事故内容": 2, "死者数": 0, "負傷者数": 1, "路線コード": 4860, "地点コード": 0, "市区町村コード": 212, "発生日時　　年": 2024, "発生日時　　月": 2, "発生日時　　日": 22, "発生日時　　時": 22, "発生日時　　分": 28, "昼夜": 22, "日の出時刻　　時": 6, "日の出時刻　　分": 47, "日の入り時刻　　時": 17, "日の入り時刻　　分": 59, "天候": 3, "地形": 2, "路面状態": 1, "道路形状": 1, "信号機": 7, "一時停止規制　標識（当事者A）": 9, "一時停止規制　表示（当事者A）": 22, "一時停止規制　標識（当事者B）": 0, "一時停止規制　表示（当事者B）": 0, "車道幅員": 15, "道路線形": 9, "衝突地点": 30, "ゾーン規制": 70, "中央分離帯施設等": 5, "歩車道区分": 2, "事故類型": 1, "年齢（当事者A）": 25, "年齢（当事者B）": 25, "当事者種別（当事者A）": 3, "当事者種別（当事者B）": 61, "用途別（当事者A）": 31, "用途別（当事者B）": 0, "車両形状等（当事者A）": 1, "車両形状等（当事者B）": 0, "オートマチック車（当事者A）": 1, "オートマチック車（当事者B）": 0, "サポカー（当事者A）": 11, "サポカー（当事者B）": 0, "速度規制（指定のみ）（当事者A）": 4, "速度規制（指定のみ）（当事者B）": 0, "車両の衝突部位（当事者A）": 10, "車両の衝突部位（当事者B）": 0, "車両の損壊程度（当事者A）": 4, "車両の損壊程度（当事者B）": 0, "エアバッグの装備（当事者A）": 2, "エアバッグの装備（当事者B）": 0, "サイドエアバッグの装備（当事者A）": 2, "サイドエアバッグの装備（当事者B）": 0, "人身損傷程度（当事者A）": 4, "人身損傷程度（当事者B）": 2, "地点　緯度（北緯）": 34.42862944, "地点　経度（東経）": 132.7299858, "曜日(発生年月日)": 5, "祝日(発生年月日)": 2, "認知機能検査経過日数（当事者A）": 9999, "認知機能検査経過日数（当事者B）": 0, "運転練習の方法（当事者A）": 5, "運転練習の方法（当事者B）": 0, "field_69": null }, "geometry": { "type": "Point", "coordinates": [ 132.7299858, 34.42862944 ] } },
{ "type": "Feature", "properties": { "資料区分": 1, "都道府県コード": 73, "警察署等コード": 112, "本票番号": 71, "事故内容": 2, "死者数": 0, "負傷者数": 1, "路線コード": 37120, "地点コード": 0, "市区町村コード": 212, "発生日時　　年": 2024, "発生日時　　月": 2, "発生日時　　日": 5, "発生日時　　時": 19, "発生日時　　分": 36, "昼夜": 22, "日の出時刻　　時": 7, "日の出時刻　　分": 4, "日の入り時刻　　時": 17, "日の入り時刻　　分": 43, "天候": 1, "地形": 3, "路面状態": 2, "道路形状": 14, "信号機": 7, "一時停止規制　標識（当事者A）": 0, "一時停止規制　表示（当事者A）": 0, "一時停止規制　標識（当事者B）": 0, "一時停止規制　表示（当事者B）": 0, "車道幅員": 3, "道路線形": 7, "衝突地点": 1, "ゾーン規制": 70, "中央分離帯施設等": 5, "歩車道区分": 3, "事故類型": 1, "年齢（当事者A）": 1, "年齢（当事者B）": 35, "当事者種別（当事者A）": 4, "当事者種別（当事者B）": 61, "用途別（当事者A）": 31, "用途別（当事者B）": 0, "車両形状等（当事者A）": 1, "車両形状等（当事者B）": 0, "オートマチック車（当事者A）": 1, "オートマチック車（当事者B）": 0, "サポカー（当事者A）": 11, "サポカー（当事者B）": 0, "速度規制（指定のみ）（当事者A）": 3, "速度規制（指定のみ）（当事者B）": 0, "車両の衝突部位（当事者A）": 80, "車両の衝突部位（当事者B）": 0, "車両の損壊程度（当事者A）": 3, "車両の損壊程度（当事者B）": 0, "エアバッグの装備（当事者A）": 2, "エアバッグの装備（当事者B）": 0, "サイドエアバッグの装備（当事者A）": 2, "サイドエアバッグの装備（当事者B）": 0, "人身損傷程度（当事者A）": 4, "人身損傷程度（当事者B）": 2, "地点　緯度（北緯）": 34.44297528, "地点　経度（東経）": 132.8284022, "曜日(発生年月日)": 2, "祝日(発生年月日)": 3, "認知機能検査経過日数（当事者A）": 9999, "認知機能検査経過日数（当事者B）": 0, "運転練習の方法（当事者A）": 1, "運転練習の方法（当事者B）": 0, "field_69": null }, "geometry": { "type": "Point", "coordinates": [ 132.8284022, 34.44297528 ] } },
{ "type": "Feature", "properties": { "資料区分": 1, "都道府県コード": 73, "警察署等コード": 114, "本票番号": 47, "事故内容": 2, "死者数": 0, "負傷者数": 1, "路線コード": 99000, "地点コード": 0, "市区町村コード": 106, "発生日時　　年": 2024, "発生日時　　月": 1, "発生日時　　日": 29, "発生日時　　時": 5, "発生日時　　分": 11, "昼夜": 22, "日の出時刻　　時": 7, "日の出時刻　　分": 9, "日の入り時刻　　時": 17, "日の入り時刻　　分": 36, "天候": 1, "地形": 1, "路面状態": 1, "道路形状": 0, "信号機": 7, "一時停止規制　標識（当事者A）": 0, "一時停止規制　表示（当事者A）": 0, "一時停止規制　標識（当事者B）": 0, "一時停止規制　表示（当事者B）": 0, "車道幅員": 0, "道路線形": 0, "衝突地点": 20, "ゾーン規制": 70, "中央分離帯施設等": 0, "歩車道区分": 2, "事故類型": 1, "年齢（当事者A）": 45, "年齢（当事者B）": 25, "当事者種別（当事者A）": 4, "当事者種別（当事者B）": 61, "用途別（当事者A）": 31, "用途別（当事者B）": 0, "車両形状等（当事者A）": 1, "車両形状等（当事者B）": 0, "オートマチック車（当事者A）": 1, "オートマチック車（当事者B）": 0, "サポカー（当事者A）": 11, "サポカー（当事者B）": 0, "速度規制（指定のみ）（当事者A）": 10, "速度規制（指定のみ）（当事者B）": 0, "車両の衝突部位（当事者A）": 50, "車両の衝突部位（当事者B）": 0, "車両の損壊程度（当事者A）": 3, "車両の損壊程度（当事者B）": 0, "エアバッグの装備（当事者A）": 2, "エアバッグの装備（当事者B）": 0, "サイドエアバッグの装備（当事者A）": 2, "サイドエアバッグの装備（当事者B）": 0, "人身損傷程度（当事者A）": 4, "人身損傷程度（当事者B）": 2, "地点　緯度（北緯）": 34.52457056, "地点　経度（東経）": 132.5005956, "曜日(発生年月日)": 2, "祝日(発生年月日)": 3, "認知機能検査経過日数（当事者A）": 9999, "認知機能検査経過日数（当事者B）": 0, "運転練習の方法（当事者A）": 9, "運転練習の方法（当事者B）": 0, "field_69": null }, "geometry": { "type": "Point", "coordinates": [ 132.5005956, 34.52457056 ] } },
{ "type": "Feature", "properties": { "資料区分": 1, "都道府県コード": 73, "警察署等コード": 114, "本票番号": 54, "事故内容": 2, "死者数": 0, "負傷者数": 1, "路線コード": 1910, "地点コード": 0, "市区町村コード": 106, "発生日時　　年": 2024, "発生日時　　月": 1, "発生日時　　日": 30, "発生日時　　時": 10, "発生日時　　分": 10, "昼夜": 12, "日の出時刻　　時": 7, "日の出時刻　　分": 9, "日の入り時刻　　時": 17, "日の入り時刻　　分": 37, "天候": 1, "地形": 1, "路面状態": 1, "道路形状": 1, "信号機": 1, "一時停止規制　標識（当事者A）": 9, "一時停止規制　表示（当事者A）": 22, "一時停止規制　標識（当事者B）": 0, "一時停止規制　表示（当事者B）": 0, "車道幅員": 15, "道路線形": 9, "衝突地点": 30, "ゾーン規制": 70, "中央分離帯施設等": 5, "歩車道区分": 2, "事故類型": 1, "年齢（当事者A）": 65, "年齢（当事者B）": 75, "当事者種別（当事者A）": 4, "当事者種別（当事者B）": 61, "用途別（当事者A）": 31, "用途別（当事者B）": 0, "車両形状等（当事者A）": 1, "車両形状等（当事者B）": 0, "オートマチック車（当事者A）": 1, "オートマチック車（当事者B）": 0, "サポカー（当事者A）": 11, "サポカー（当事者B）": 0, "速度規制（指定のみ）（当事者A）": 3, "速度規制（指定のみ）（当事者B）": 0, "車両の衝突部位（当事者A）": 10, "車両の衝突部位（当事者B）": 0, "車両の損壊程度（当事者A）": 3, "車両の損壊程度（当事者B）": 0, "エアバッグの装備（当事者A）": 2, "エアバッグの装備（当事者B）": 0, "サイドエアバッグの装備（当事者A）": 2, "サイドエアバッグの装備（当事者B）": 0, "人身損傷程度（当事者A）": 4, "人身損傷程度（当事者B）": 2, "地点　緯度（北緯）": 34.52483056, "地点　経度（東経）": 132.4990472, "曜日(発生年月日)": 3, "祝日(発生年月日)": 3, "認知機能検査経過日数（当事者A）": 9999, "認知機能検査経過日数（当事者B）": 0, "運転練習の方法（当事者A）": 9, "運転練習の方法（当事者B）": 0, "field_69": null }, "geometry": { "type": "Point", "coordinates": [ 132.4990472, 34.52483056 ] } },
{ "type": "Feature", "properties": { "資料区分": 1, "都道府県コード": 73, "警察署等コード": 114, "本票番号": 57, "事故内容": 2, "死者数": 0, "負傷者数": 1, "路線コード": 14370, "地点コード": 0, "市区町村コード": 106, "発生日時　　年": 2024, "発生日時　　月": 2, "発生日時　　日": 19, "発生日時　　時": 19, "発生日時　　分": 20, "昼夜": 22, "日の出時刻　　時": 6, "日の出時刻　　分": 51, "日の入り時刻　　時": 17, "日の入り時刻　　分": 56, "天候": 3, "地形": 1, "路面状態": 2, "道路形状": 1, "信号機": 1, "一時停止規制　標識（当事者A）": 9, "一時停止規制　表示（当事者A）": 22, "一時停止規制　標識（当事者B）": 0, "一時停止規制　表示（当事者B）": 0, "車道幅員": 18, "道路線形": 2, "衝突地点": 30, "ゾーン規制": 70, "中央分離帯施設等": 1, "歩車道区分": 2, "事故類型": 1, "年齢（当事者A）": 1, "年齢（当事者B）": 65, "当事者種別（当事者A）": 4, "当事者種別（当事者B）": 61, "用途別（当事者A）": 31, "用途別（当事者B）": 0, "車両形状等（当事者A）": 1, "車両形状等（当事者B）": 0, "オートマチック車（当事者A）": 1, "オートマチック車（当事者B）": 0, "サポカー（当事者A）": 11, "サポカー（当事者B）": 0, "速度規制（指定のみ）（当事者A）": 4, "速度規制（指定のみ）（当事者B）": 0, "車両の衝突部位（当事者A）": 20, "車両の衝突部位（当事者B）": 0, "車両の損壊程度（当事者A）": 3, "車両の損壊程度（当事者B）": 0, "エアバッグの装備（当事者A）": 2, "エアバッグの装備（当事者B）": 0, "サイドエアバッグの装備（当事者A）": 2, "サイドエアバッグの装備（当事者B）": 0, "人身損傷程度（当事者A）": 4, "人身損傷程度（当事者B）": 2, "地点　緯度（北緯）": 34.4587275, "地点　経度（東経）": 132.4931636, "曜日(発生年月日)": 2, "祝日(発生年月日)": 3, "認知機能検査経過日数（当事者A）": 9999, "認知機能検査経過日数（当事者B）": 0, "運転練習の方法（当事者A）": 1, "運転練習の方法（当事者B）": 0, "field_69": null }, "geometry": { "type": "Point", "coordinates": [ 132.4931636, 34.4587275 ] } },
{ "type": "Feature", "properties": { "資料区分": 1, "都道府県コード": 73, "警察署等コード": 114, "本票番号": 59, "事故内容": 2, "死者数": 0, "負傷者数": 1, "路線コード": 37140, "地点コード": 0, "市区町村コード": 106, "発生日時　　年": 2024, "発生日時　　月": 3, "発生日時　　日": 8, "発生日時　　時": 11, "発生日時　　分": 0, "昼夜": 12, "日の出時刻　　時": 6, "日の出時刻　　分": 30, "日の入り時刻　　時": 18, "日の入り時刻　　分": 11, "天候": 1, "地形": 1, "路面状態": 1, "道路形状": 1, "信号機": 7, "一時停止規制　標識（当事者A）": 9, "一時停止規制　表示（当事者A）": 22, "一時停止規制　標識（当事者B）": 0, "一時停止規制　表示（当事者B）": 0, "車道幅員": 14, "道路線形": 9, "衝突地点": 30, "ゾーン規制": 70, "中央分離帯施設等": 4, "歩車道区分": 2, "事故類型": 1, "年齢（当事者A）": 45, "年齢（当事者B）": 75, "当事者種別（当事者A）": 3, "当事者種別（当事者B）": 61, "用途別（当事者A）": 31, "用途別（当事者B）": 0, "車両形状等（当事者A）": 1, "車両形状等（当事者B）": 0, "オートマチック車（当事者A）": 1, "オートマチック車（当事者B）": 0, "サポカー（当事者A）": 11, "サポカー（当事者B）": 0, "速度規制（指定のみ）（当事者A）": 3, "速度規制（指定のみ）（当事者B）": 0, "車両の衝突部位（当事者A）": 10, "車両の衝突部位（当事者B）": 0, "車両の損壊程度（当事者A）": 2, "車両の損壊程度（当事者B）": 0, "エアバッグの装備（当事者A）": 2, "エアバッグの装備（当事者B）": 0, "サイドエアバッグの装備（当事者A）": 2, "サイドエアバッグの装備（当事者B）": 0, "人身損傷程度（当事者A）": 4, "人身損傷程度（当事者B）": 2, "地点　緯度（北緯）": 34.51857917, "地点　経度（東経）": 132.5141708, "曜日(発生年月日)": 6, "祝日(発生年月日)": 3, "認知機能検査経過日数（当事者A）": 9999, "認知機能検査経過日数（当事者B）": 0, "運転練習の方法（当事者A）": 9, "運転練習の方法（当事者B）": 0, "field_69": null }, "geometry": { "type": "Point", "coordinates": [ 132.514170799999988, 34.51857917 ] } },
{ "type": "Feature", "properties": { "資料区分": 1, "都道府県コード": 73, "警察署等コード": 114, "本票番号": 70, "事故内容": 2, "死者数": 0, "負傷者数": 1, "路線コード": 37140, "地点コード": 0, "市区町村コード": 106, "発生日時　　年": 2024, "発生日時　　月": 3, "発生日時　　日": 23, "発生日時　　時": 21, "発生日時　　分": 18, "昼夜": 22, "日の出時刻　　時": 6, "日の出時刻　　分": 9, "日の入り時刻　　時": 18, "日の入り時刻　　分": 23, "天候": 2, "地形": 1, "路面状態": 1, "道路形状": 1, "信号機": 7, "一時停止規制　標識（当事者A）": 9, "一時停止規制　表示（当事者A）": 22, "一時停止規制　標識（当事者B）": 0, "一時停止規制　表示（当事者B）": 0, "車道幅員": 15, "道路線形": 7, "衝突地点": 30, "ゾーン規制": 1, "中央分離帯施設等": 5, "歩車道区分": 1, "事故類型": 1, "年齢（当事者A）": 55, "年齢（当事者B）": 45, "当事者種別（当事者A）": 3, "当事者種別（当事者B）": 61, "用途別（当事者A）": 31, "用途別（当事者B）": 0, "車両形状等（当事者A）": 1, "車両形状等（当事者B）": 0, "オートマチック車（当事者A）": 1, "オートマチック車（当事者B）": 0, "サポカー（当事者A）": 11, "サポカー（当事者B）": 0, "速度規制（指定のみ）（当事者A）": 2, "速度規制（指定のみ）（当事者B）": 0, "車両の衝突部位（当事者A）": 10, "車両の衝突部位（当事者B）": 0, "車両の損壊程度（当事者A）": 3, "車両の損壊程度（当事者B）": 0, "エアバッグの装備（当事者A）": 2, "エアバッグの装備（当事者B）": 0, "サイドエアバッグの装備（当事者A）": 2, "サイドエアバッグの装備（当事者B）": 0, "人身損傷程度（当事者A）": 4, "人身損傷程度（当事者B）": 2, "地点　緯度（北緯）": 34.46873694, "地点　経度（東経）": 132.498585, "曜日(発生年月日)": 7, "祝日(発生年月日)": 3, "認知機能検査経過日数（当事者A）": 9999, "認知機能検査経過日数（当事者B）": 0, "運転練習の方法（当事者A）": 9, "運転練習の方法（当事者B）": 0, "field_69": null }, "geometry": { "type": "Point", "coordinates": [ 132.498585, 34.46873694 ] } },
{ "type": "Feature", "properties": { "資料区分": 1, "都道府県コード": 73, "警察署等コード": 114, "本票番号": 75, "事故内容": 2, "死者数": 0, "負傷者数": 1, "路線コード": 14370, "地点コード": 0, "市区町村コード": 106, "発生日時　　年": 2024, "発生日時　　月": 2, "発生日時　　日": 15, "発生日時　　時": 19, "発生日時　　分": 15, "昼夜": 22, "日の出時刻　　時": 6, "日の出時刻　　分": 55, "日の入り時刻　　時": 17, "日の入り時刻　　分": 53, "天候": 3, "地形": 3, "路面状態": 2, "道路形状": 1, "信号機": 1, "一時停止規制　標識（当事者A）": 9, "一時停止規制　表示（当事者A）": 22, "一時停止規制　標識（当事者B）": 0, "一時停止規制　表示（当事者B）": 0, "車道幅員": 15, "道路線形": 9, "衝突地点": 30, "ゾーン規制": 70, "中央分離帯施設等": 4, "歩車道区分": 3, "事故類型": 1, "年齢（当事者A）": 45, "年齢（当事者B）": 45, "当事者種別（当事者A）": 14, "当事者種別（当事者B）": 61, "用途別（当事者A）": 31, "用途別（当事者B）": 0, "車両形状等（当事者A）": 11, "車両形状等（当事者B）": 0, "オートマチック車（当事者A）": 2, "オートマチック車（当事者B）": 0, "サポカー（当事者A）": 11, "サポカー（当事者B）": 0, "速度規制（指定のみ）（当事者A）": 3, "速度規制（指定のみ）（当事者B）": 0, "車両の衝突部位（当事者A）": 10, "車両の衝突部位（当事者B）": 0, "車両の損壊程度（当事者A）": 3, "車両の損壊程度（当事者B）": 0, "エアバッグの装備（当事者A）": 2, "エアバッグの装備（当事者B）": 0, "サイドエアバッグの装備（当事者A）": 2, "サイドエアバッグの装備（当事者B）": 0, "人身損傷程度（当事者A）": 4, "人身損傷程度（当事者B）": 2, "地点　緯度（北緯）": 34.55280278, "地点　経度（東経）": 132.6613867, "曜日(発生年月日)": 5, "祝日(発生年月日)": 3, "認知機能検査経過日数（当事者A）": 9999, "認知機能検査経過日数（当事者B）": 0, "運転練習の方法（当事者A）": 1, "運転練習の方法（当事者B）": 0, "field_69": null }, "geometry": { "type": "Point", "coordinates": [ 132.6613867, 34.55280278 ] } },
{ "type": "Feature", "properties": { "資料区分": 1, "都道府県コード": 73, "警察署等コード": 117, "本票番号": 26, "事故内容": 2, "死者数": 0, "負傷者数": 1, "路線コード": 99000, "地点コード": 0, "市区町村コード": 205, "発生日時　　年": 2024, "発生日時　　月": 3, "発生日時　　日": 4, "発生日時　　時": 10, "発生日時　　分": 56, "昼夜": 12, "日の出時刻　　時": 6, "日の出時刻　　分": 35, "日の入り時刻　　時": 18, "日の入り時刻　　分": 8, "天候": 2, "地形": 2, "路面状態": 1, "道路形状": 0, "信号機": 7, "一時停止規制　標識（当事者A）": 0, "一時停止規制　表示（当事者A）": 0, "一時停止規制　標識（当事者B）": 0, "一時停止規制　表示（当事者B）": 0, "車道幅員": 0, "道路線形": 0, "衝突地点": 20, "ゾーン規制": 70, "中央分離帯施設等": 0, "歩車道区分": 4, "事故類型": 1, "年齢（当事者A）": 25, "年齢（当事者B）": 55, "当事者種別（当事者A）": 4, "当事者種別（当事者B）": 61, "用途別（当事者A）": 31, "用途別（当事者B）": 0, "車両形状等（当事者A）": 1, "車両形状等（当事者B）": 0, "オートマチック車（当事者A）": 1, "オートマチック車（当事者B）": 0, "サポカー（当事者A）": 11, "サポカー（当事者B）": 0, "速度規制（指定のみ）（当事者A）": 10, "速度規制（指定のみ）（当事者B）": 0, "車両の衝突部位（当事者A）": 80, "車両の衝突部位（当事者B）": 0, "車両の損壊程度（当事者A）": 3, "車両の損壊程度（当事者B）": 0, "エアバッグの装備（当事者A）": 2, "エアバッグの装備（当事者B）": 0, "サイドエアバッグの装備（当事者A）": 2, "サイドエアバッグの装備（当事者B）": 0, "人身損傷程度（当事者A）": 4, "人身損傷程度（当事者B）": 2, "地点　緯度（北緯）": 34.41542028, "地点　経度（東経）": 133.1886642, "曜日(発生年月日)": 2, "祝日(発生年月日)": 3, "認知機能検査経過日数（当事者A）": 9999, "認知機能検査経過日数（当事者B）": 0, "運転練習の方法（当事者A）": 1, "運転練習の方法（当事者B）": 0, "field_69": null }, "geometry": { "type": "Point", "coordinates": [ 133.1886642, 34.41542028 ] } },
{ "type": "Feature", "properties": { "資料区分": 1, "都道府県コード": 73, "警察署等コード": 117, "本票番号": 29, "事故内容": 2, "死者数": 0, "負傷者数": 1, "路線コード": 37170, "地点コード": 0, "市区町村コード": 205, "発生日時　　年": 2024, "発生日時　　月": 2, "発生日時　　日": 25, "発生日時　　時": 21, "発生日時　　分": 25, "昼夜": 22, "日の出時刻　　時": 6, "日の出時刻　　分": 44, "日の入り時刻　　時": 18, "日の入り時刻　　分": 2, "天候": 1, "地形": 3, "路面状態": 1, "道路形状": 14, "信号機": 7, "一時停止規制　標識（当事者A）": 0, "一時停止規制　表示（当事者A）": 0, "一時停止規制　標識（当事者B）": 0, "一時停止規制　表示（当事者B）": 0, "車道幅員": 1, "道路線形": 9, "衝突地点": 1, "ゾーン規制": 70, "中央分離帯施設等": 5, "歩車道区分": 4, "事故類型": 1, "年齢（当事者A）": 35, "年齢（当事者B）": 45, "当事者種別（当事者A）": 3, "当事者種別（当事者B）": 61, "用途別（当事者A）": 31, "用途別（当事者B）": 0, "車両形状等（当事者A）": 1, "車両形状等（当事者B）": 0, "オートマチック車（当事者A）": 1, "オートマチック車（当事者B）": 0, "サポカー（当事者A）": 11, "サポカー（当事者B）": 0, "速度規制（指定のみ）（当事者A）": 10, "速度規制（指定のみ）（当事者B）": 0, "車両の衝突部位（当事者A）": 40, "車両の衝突部位（当事者B）": 0, "車両の損壊程度（当事者A）": 3, "車両の損壊程度（当事者B）": 0, "エアバッグの装備（当事者A）": 2, "エアバッグの装備（当事者B）": 0, "サイドエアバッグの装備（当事者A）": 2, "サイドエアバッグの装備（当事者B）": 0, "人身損傷程度（当事者A）": 4, "人身損傷程度（当事者B）": 2, "地点　緯度（北緯）": 34.42193833, "地点　経度（東経）": 133.1817622, "曜日(発生年月日)": 1, "祝日(発生年月日)": 3, "認知機能検査経過日数（当事者A）": 9999, "認知機能検査経過日数（当事者B）": 0, "運転練習の方法（当事者A）": 9, "運転練習の方法（当事者B）": 0, "field_69": null }, "geometry": { "type": "Point", "coordinates": [ 133.1817622, 34.42193833 ] } },
{ "type": "Feature", "properties": { "資料区分": 1, "都道府県コード": 73, "警察署等コード": 117, "本票番号": 30, "事故内容": 2, "死者数": 0, "負傷者数": 1, "路線コード": 20, "地点コード": 2529, "市区町村コード": 205, "発生日時　　年": 2024, "発生日時　　月": 2, "発生日時　　日": 20, "発生日時　　時": 19, "発生日時　　分": 22, "昼夜": 22, "日の出時刻　　時": 6, "日の出時刻　　分": 49, "日の入り時刻　　時": 17, "日の入り時刻　　分": 57, "天候": 2, "地形": 3, "路面状態": 1, "道路形状": 1, "信号機": 1, "一時停止規制　標識（当事者A）": 9, "一時停止規制　表示（当事者A）": 22, "一時停止規制　標識（当事者B）": 0, "一時停止規制　表示（当事者B）": 0, "車道幅員": 15, "道路線形": 9, "衝突地点": 30, "ゾーン規制": 70, "中央分離帯施設等": 5, "歩車道区分": 2, "事故類型": 1, "年齢（当事者A）": 1, "年齢（当事者B）": 1, "当事者種別（当事者A）": 3, "当事者種別（当事者B）": 61, "用途別（当事者A）": 31, "用途別（当事者B）": 0, "車両形状等（当事者A）": 1, "車両形状等（当事者B）": 0, "オートマチック車（当事者A）": 1, "オートマチック車（当事者B）": 0, "サポカー（当事者A）": 11, "サポカー（当事者B）": 0, "速度規制（指定のみ）（当事者A）": 4, "速度規制（指定のみ）（当事者B）": 0, "車両の衝突部位（当事者A）": 50, "車両の衝突部位（当事者B）": 0, "車両の損壊程度（当事者A）": 3, "車両の損壊程度（当事者B）": 0, "エアバッグの装備（当事者A）": 2, "エアバッグの装備（当事者B）": 0, "サイドエアバッグの装備（当事者A）": 2, "サイドエアバッグの装備（当事者B）": 0, "人身損傷程度（当事者A）": 4, "人身損傷程度（当事者B）": 2, "地点　緯度（北緯）": 34.40074778, "地点　経度（東経）": 133.1801017, "曜日(発生年月日)": 3, "祝日(発生年月日)": 3, "認知機能検査経過日数（当事者A）": 9999, "認知機能検査経過日数（当事者B）": 0, "運転練習の方法（当事者A）": 1, "運転練習の方法（当事者B）": 0, "field_69": null }, "geometry": { "type": "Point", "coordinates": [ 133.1801017, 34.40074778 ] } },
{ "type": "Feature", "properties": { "資料区分": 1, "都道府県コード": 73, "警察署等コード": 117, "本票番号": 33, "事故内容": 2, "死者数": 0, "負傷者数": 1, "路線コード": 23770, "地点コード": 0, "市区町村コード": 205, "発生日時　　年": 2024, "発生日時　　月": 3, "発生日時　　日": 13, "発生日時　　時": 13, "発生日時　　分": 39, "昼夜": 12, "日の出時刻　　時": 6, "日の出時刻　　分": 23, "日の入り時刻　　時": 18, "日の入り時刻　　分": 15, "天候": 1, "地形": 1, "路面状態": 1, "道路形状": 1, "信号機": 1, "一時停止規制　標識（当事者A）": 1, "一時停止規制　表示（当事者A）": 21, "一時停止規制　標識（当事者B）": 0, "一時停止規制　表示（当事者B）": 0, "車道幅員": 15, "道路線形": 9, "衝突地点": 30, "ゾーン規制": 70, "中央分離帯施設等": 5, "歩車道区分": 2, "事故類型": 1, "年齢（当事者A）": 55, "年齢（当事者B）": 75, "当事者種別（当事者A）": 12, "当事者種別（当事者B）": 61, "用途別（当事者A）": 31, "用途別（当事者B）": 0, "車両形状等（当事者A）": 11, "車両形状等（当事者B）": 0, "オートマチック車（当事者A）": 2, "オートマチック車（当事者B）": 0, "サポカー（当事者A）": 11, "サポカー（当事者B）": 0, "速度規制（指定のみ）（当事者A）": 4, "速度規制（指定のみ）（当事者B）": 0, "車両の衝突部位（当事者A）": 10, "車両の衝突部位（当事者B）": 0, "車両の損壊程度（当事者A）": 3, "車両の損壊程度（当事者B）": 0, "エアバッグの装備（当事者A）": 2, "エアバッグの装備（当事者B）": 0, "サイドエアバッグの装備（当事者A）": 2, "サイドエアバッグの装備（当事者B）": 0, "人身損傷程度（当事者A）": 4, "人身損傷程度（当事者B）": 2, "地点　緯度（北緯）": 34.39431028, "地点　経度（東経）": 133.1922728, "曜日(発生年月日)": 4, "祝日(発生年月日)": 3, "認知機能検査経過日数（当事者A）": 9999, "認知機能検査経過日数（当事者B）": 0, "運転練習の方法（当事者A）": 9, "運転練習の方法（当事者B）": 0, "field_69": null }, "geometry": { "type": "Point", "coordinates": [ 133.192272800000012, 34.39431028 ] } },
{ "type": "Feature", "properties": { "資料区分": 1, "都道府県コード": 73, "警察署等コード": 117, "本票番号": 39, "事故内容": 2, "死者数": 0, "負傷者数": 1, "路線コード": 23630, "地点コード": 0, "市区町村コード": 205, "発生日時　　年": 2024, "発生日時　　月": 2, "発生日時　　日": 18, "発生日時　　時": 6, "発生日時　　分": 30, "昼夜": 23, "日の出時刻　　時": 6, "日の出時刻　　分": 52, "日の入り時刻　　時": 17, "日の入り時刻　　分": 55, "天候": 1, "地形": 3, "路面状態": 1, "道路形状": 1, "信号機": 1, "一時停止規制　標識（当事者A）": 9, "一時停止規制　表示（当事者A）": 22, "一時停止規制　標識（当事者B）": 0, "一時停止規制　表示（当事者B）": 0, "車道幅員": 18, "道路線形": 9, "衝突地点": 30, "ゾーン規制": 70, "中央分離帯施設等": 5, "歩車道区分": 2, "事故類型": 1, "年齢（当事者A）": 45, "年齢（当事者B）": 75, "当事者種別（当事者A）": 3, "当事者種別（当事者B）": 61, "用途別（当事者A）": 31, "用途別（当事者B）": 0, "車両形状等（当事者A）": 1, "車両形状等（当事者B）": 0, "オートマチック車（当事者A）": 1, "オートマチック車（当事者B）": 0, "サポカー（当事者A）": 11, "サポカー（当事者B）": 0, "速度規制（指定のみ）（当事者A）": 3, "速度規制（指定のみ）（当事者B）": 0, "車両の衝突部位（当事者A）": 10, "車両の衝突部位（当事者B）": 0, "車両の損壊程度（当事者A）": 2, "車両の損壊程度（当事者B）": 0, "エアバッグの装備（当事者A）": 2, "エアバッグの装備（当事者B）": 0, "サイドエアバッグの装備（当事者A）": 2, "サイドエアバッグの装備（当事者B）": 0, "人身損傷程度（当事者A）": 4, "人身損傷程度（当事者B）": 2, "地点　緯度（北緯）": 34.42333528, "地点　経度（東経）": 133.1935258, "曜日(発生年月日)": 1, "祝日(発生年月日)": 3, "認知機能検査経過日数（当事者A）": 9999, "認知機能検査経過日数（当事者B）": 0, "運転練習の方法（当事者A）": 9, "運転練習の方法（当事者B）": 0, "field_69": null }, "geometry": { "type": "Point", "coordinates": [ 133.1935258, 34.42333528 ] } },
{ "type": "Feature", "properties": { "資料区分": 1, "都道府県コード": 73, "警察署等コード": 119, "本票番号": 17, "事故内容": 2, "死者数": 0, "負傷者数": 2, "路線コード": 14550, "地点コード": 0, "市区町村コード": 204, "発生日時　　年": 2024, "発生日時　　月": 2, "発生日時　　日": 13, "発生日時　　時": 15, "発生日時　　分": 34, "昼夜": 12, "日の出時刻　　時": 6, "日の出時刻　　分": 57, "日の入り時刻　　時": 17, "日の入り時刻　　分": 51, "天候": 1, "地形": 3, "路面状態": 1, "道路形状": 1, "信号機": 7, "一時停止規制　標識（当事者A）": 9, "一時停止規制　表示（当事者A）": 22, "一時停止規制　標識（当事者B）": 0, "一時停止規制　表示（当事者B）": 0, "車道幅員": 14, "道路線形": 9, "衝突地点": 30, "ゾーン規制": 70, "中央分離帯施設等": 4, "歩車道区分": 2, "事故類型": 1, "年齢（当事者A）": 75, "年齢（当事者B）": 1, "当事者種別（当事者A）": 4, "当事者種別（当事者B）": 61, "用途別（当事者A）": 31, "用途別（当事者B）": 0, "車両形状等（当事者A）": 1, "車両形状等（当事者B）": 0, "オートマチック車（当事者A）": 1, "オートマチック車（当事者B）": 0, "サポカー（当事者A）": 11, "サポカー（当事者B）": 0, "速度規制（指定のみ）（当事者A）": 4, "速度規制（指定のみ）（当事者B）": 0, "車両の衝突部位（当事者A）": 40, "車両の衝突部位（当事者B）": 0, "車両の損壊程度（当事者A）": 3, "車両の損壊程度（当事者B）": 0, "エアバッグの装備（当事者A）": 2, "エアバッグの装備（当事者B）": 0, "サイドエアバッグの装備（当事者A）": 2, "サイドエアバッグの装備（当事者B）": 0, "人身損傷程度（当事者A）": 4, "人身損傷程度（当事者B）": 2, "地点　緯度（北緯）": 34.41747389, "地点　経度（東経）": 133.1061292, "曜日(発生年月日)": 3, "祝日(発生年月日)": 3, "認知機能検査経過日数（当事者A）": 930, "認知機能検査経過日数（当事者B）": 0, "運転練習の方法（当事者A）": 9, "運転練習の方法（当事者B）": 0, "field_69": null }, "geometry": { "type": "Point", "coordinates": [ 133.1061292, 34.41747389 ] } },
{ "type": "Feature", "properties": { "資料区分": 1, "都道府県コード": 73, "警察署等コード": 119, "本票番号": 22, "事故内容": 2, "死者数": 0, "負傷者数": 1, "路線コード": 37190, "地点コード": 0, "市区町村コード": 204, "発生日時　　年": 2024, "発生日時　　月": 3, "発生日時　　日": 6, "発生日時　　時": 13, "発生日時　　分": 40, "昼夜": 12, "日の出時刻　　時": 6, "日の出時刻　　分": 32, "日の入り時刻　　時": 18, "日の入り時刻　　分": 10, "天候": 2, "地形": 1, "路面状態": 1, "道路形状": 1, "信号機": 7, "一時停止規制　標識（当事者A）": 9, "一時停止規制　表示（当事者A）": 22, "一時停止規制　標識（当事者B）": 0, "一時停止規制　表示（当事者B）": 0, "車道幅員": 14, "道路線形": 9, "衝突地点": 30, "ゾーン規制": 70, "中央分離帯施設等": 5, "歩車道区分": 4, "事故類型": 1, "年齢（当事者A）": 75, "年齢（当事者B）": 75, "当事者種別（当事者A）": 3, "当事者種別（当事者B）": 61, "用途別（当事者A）": 31, "用途別（当事者B）": 0, "車両形状等（当事者A）": 1, "車両形状等（当事者B）": 0, "オートマチック車（当事者A）": 1, "オートマチック車（当事者B）": 0, "サポカー（当事者A）": 11, "サポカー（当事者B）": 0, "速度規制（指定のみ）（当事者A）": 10, "速度規制（指定のみ）（当事者B）": 0, "車両の衝突部位（当事者A）": 20, "車両の衝突部位（当事者B）": 0, "車両の損壊程度（当事者A）": 3, "車両の損壊程度（当事者B）": 0, "エアバッグの装備（当事者A）": 2, "エアバッグの装備（当事者B）": 0, "サイドエアバッグの装備（当事者A）": 2, "サイドエアバッグの装備（当事者B）": 0, "人身損傷程度（当事者A）": 4, "人身損傷程度（当事者B）": 2, "地点　緯度（北緯）": 34.40036833, "地点　経度（東経）": 133.0609906, "曜日(発生年月日)": 4, "祝日(発生年月日)": 3, "認知機能検査経過日数（当事者A）": 833, "認知機能検査経過日数（当事者B）": 0, "運転練習の方法（当事者A）": 9, "運転練習の方法（当事者B）": 0, "field_69": null }, "geometry": { "type": "Point", "coordinates": [ 133.0609906, 34.40036833 ] } },
{ "type": "Feature", "properties": { "資料区分": 1, "都道府県コード": 73, "警察署等コード": 121, "本票番号": 74, "事故内容": 2, "死者数": 0, "負傷者数": 1, "路線コード": 37210, "地点コード": 0, "市区町村コード": 207, "発生日時　　年": 2023, "発生日時　　月": 12, "発生日時　　日": 28, "発生日時　　時": 18, "発生日時　　分": 12, "昼夜": 22, "日の出時刻　　時": 7, "日の出時刻　　分": 15, "日の入り時刻　　時": 17, "日の入り時刻　　分": 8, "天候": 1, "地形": 3, "路面状態": 1, "道路形状": 14, "信号機": 7, "一時停止規制　標識（当事者A）": 0, "一時停止規制　表示（当事者A）": 0, "一時停止規制　標識（当事者B）": 0, "一時停止規制　表示（当事者B）": 0, "車道幅員": 3, "道路線形": 8, "衝突地点": 1, "ゾーン規制": 70, "中央分離帯施設等": 4, "歩車道区分": 3, "事故類型": 1, "年齢（当事者A）": 25, "年齢（当事者B）": 55, "当事者種別（当事者A）": 3, "当事者種別（当事者B）": 61, "用途別（当事者A）": 31, "用途別（当事者B）": 0, "車両形状等（当事者A）": 1, "車両形状等（当事者B）": 0, "オートマチック車（当事者A）": 1, "オートマチック車（当事者B）": 0, "サポカー（当事者A）": 11, "サポカー（当事者B）": 0, "速度規制（指定のみ）（当事者A）": 3, "速度規制（指定のみ）（当事者B）": 0, "車両の衝突部位（当事者A）": 80, "車両の衝突部位（当事者B）": 0, "車両の損壊程度（当事者A）": 3, "車両の損壊程度（当事者B）": 0, "エアバッグの装備（当事者A）": 2, "エアバッグの装備（当事者B）": 0, "サイドエアバッグの装備（当事者A）": 2, "サイドエアバッグの装備（当事者B）": 0, "人身損傷程度（当事者A）": 4, "人身損傷程度（当事者B）": 2, "地点　緯度（北緯）": 34.51040167, "地点　経度（東経）": 133.3944128, "曜日(発生年月日)": 5, "祝日(発生年月日)": 3, "認知機能検査経過日数（当事者A）": 9999, "認知機能検査経過日数（当事者B）": 0, "運転練習の方法（当事者A）": 1, "運転練習の方法（当事者B）": 0, "field_69": null }, "geometry": { "type": "Point", "coordinates": [ 133.3944128, 34.51040167 ] } },
{ "type": "Feature", "properties": { "資料区分": 1, "都道府県コード": 73, "警察署等コード": 121, "本票番号": 97, "事故内容": 2, "死者数": 0, "負傷者数": 1, "路線コード": 37210, "地点コード": 0, "市区町村コード": 207, "発生日時　　年": 2024, "発生日時　　月": 1, "発生日時　　日": 16, "発生日時　　時": 18, "発生日時　　分": 30, "昼夜": 22, "日の出時刻　　時": 7, "日の出時刻　　分": 15, "日の入り時刻　　時": 17, "日の入り時刻　　分": 23, "天候": 1, "地形": 1, "路面状態": 1, "道路形状": 1, "信号機": 7, "一時停止規制　標識（当事者A）": 9, "一時停止規制　表示（当事者A）": 22, "一時停止規制　標識（当事者B）": 0, "一時停止規制　表示（当事者B）": 0, "車道幅員": 11, "道路線形": 9, "衝突地点": 30, "ゾーン規制": 70, "中央分離帯施設等": 5, "歩車道区分": 3, "事故類型": 1, "年齢（当事者A）": 65, "年齢（当事者B）": 65, "当事者種別（当事者A）": 4, "当事者種別（当事者B）": 61, "用途別（当事者A）": 31, "用途別（当事者B）": 0, "車両形状等（当事者A）": 1, "車両形状等（当事者B）": 0, "オートマチック車（当事者A）": 1, "オートマチック車（当事者B）": 0, "サポカー（当事者A）": 11, "サポカー（当事者B）": 0, "速度規制（指定のみ）（当事者A）": 10, "速度規制（指定のみ）（当事者B）": 0, "車両の衝突部位（当事者A）": 50, "車両の衝突部位（当事者B）": 0, "車両の損壊程度（当事者A）": 3, "車両の損壊程度（当事者B）": 0, "エアバッグの装備（当事者A）": 2, "エアバッグの装備（当事者B）": 0, "サイドエアバッグの装備（当事者A）": 2, "サイドエアバッグの装備（当事者B）": 0, "人身損傷程度（当事者A）": 4, "人身損傷程度（当事者B）": 2, "地点　緯度（北緯）": 34.49661889, "地点　経度（東経）": 133.3815717, "曜日(発生年月日)": 3, "祝日(発生年月日)": 3, "認知機能検査経過日数（当事者A）": 9999, "認知機能検査経過日数（当事者B）": 0, "運転練習の方法（当事者A）": 9, "運転練習の方法（当事者B）": 0, "field_69": null }, "geometry": { "type": "Point", "coordinates": [ 133.3815717, 34.49661889 ] } },
{ "type": "Feature", "properties": { "資料区分": 1, "都道府県コード": 73, "警察署等コード": 121, "本票番号": 103, "事故内容": 2, "死者数": 0, "負傷者数": 1, "路線コード": 37210, "地点コード": 0, "市区町村コード": 207, "発生日時　　年": 2024, "発生日時　　月": 1, "発生日時　　日": 10, "発生日時　　時": 19, "発生日時　　分": 28, "昼夜": 22, "日の出時刻　　時": 7, "日の出時刻　　分": 17, "日の入り時刻　　時": 17, "日の入り時刻　　分": 18, "天候": 2, "地形": 2, "路面状態": 1, "道路形状": 14, "信号機": 7, "一時停止規制　標識（当事者A）": 0, "一時停止規制　表示（当事者A）": 0, "一時停止規制　標識（当事者B）": 0, "一時停止規制　表示（当事者B）": 0, "車道幅員": 3, "道路線形": 9, "衝突地点": 1, "ゾーン規制": 70, "中央分離帯施設等": 5, "歩車道区分": 4, "事故類型": 1, "年齢（当事者A）": 55, "年齢（当事者B）": 75, "当事者種別（当事者A）": 4, "当事者種別（当事者B）": 61, "用途別（当事者A）": 31, "用途別（当事者B）": 0, "車両形状等（当事者A）": 1, "車両形状等（当事者B）": 0, "オートマチック車（当事者A）": 1, "オートマチック車（当事者B）": 0, "サポカー（当事者A）": 11, "サポカー（当事者B）": 0, "速度規制（指定のみ）（当事者A）": 10, "速度規制（指定のみ）（当事者B）": 0, "車両の衝突部位（当事者A）": 10, "車両の衝突部位（当事者B）": 0, "車両の損壊程度（当事者A）": 3, "車両の損壊程度（当事者B）": 0, "エアバッグの装備（当事者A）": 2, "エアバッグの装備（当事者B）": 0, "サイドエアバッグの装備（当事者A）": 2, "サイドエアバッグの装備（当事者B）": 0, "人身損傷程度（当事者A）": 4, "人身損傷程度（当事者B）": 2, "地点　緯度（北緯）": 34.50598944, "地点　経度（東経）": 133.4050681, "曜日(発生年月日)": 4, "祝日(発生年月日)": 3, "認知機能検査経過日数（当事者A）": 9999, "認知機能検査経過日数（当事者B）": 0, "運転練習の方法（当事者A）": 9, "運転練習の方法（当事者B）": 0, "field_69": null }, "geometry": { "type": "Point", "coordinates": [ 133.4050681, 34.50598944 ] } },
{ "type": "Feature", "properties": { "資料区分": 1, "都道府県コード": 73, "警察署等コード": 121, "本票番号": 109, "事故内容": 2, "死者数": 0, "負傷者数": 1, "路線コード": 14220, "地点コード": 0, "市区町村コード": 207, "発生日時　　年": 2024, "発生日時　　月": 2, "発生日時　　日": 7, "発生日時　　時": 19, "発生日時　　分": 34, "昼夜": 22, "日の出時刻　　時": 7, "日の出時刻　　分": 3, "日の入り時刻　　時": 17, "日の入り時刻　　分": 45, "天候": 1, "地形": 1, "路面状態": 1, "道路形状": 1, "信号機": 1, "一時停止規制　標識（当事者A）": 9, "一時停止規制　表示（当事者A）": 22, "一時停止規制　標識（当事者B）": 0, "一時停止規制　表示（当事者B）": 0, "車道幅員": 18, "道路線形": 9, "衝突地点": 30, "ゾーン規制": 70, "中央分離帯施設等": 5, "歩車道区分": 2, "事故類型": 1, "年齢（当事者A）": 25, "年齢（当事者B）": 65, "当事者種別（当事者A）": 3, "当事者種別（当事者B）": 61, "用途別（当事者A）": 31, "用途別（当事者B）": 0, "車両形状等（当事者A）": 1, "車両形状等（当事者B）": 0, "オートマチック車（当事者A）": 1, "オートマチック車（当事者B）": 0, "サポカー（当事者A）": 11, "サポカー（当事者B）": 0, "速度規制（指定のみ）（当事者A）": 4, "速度規制（指定のみ）（当事者B）": 0, "車両の衝突部位（当事者A）": 10, "車両の衝突部位（当事者B）": 0, "車両の損壊程度（当事者A）": 3, "車両の損壊程度（当事者B）": 0, "エアバッグの装備（当事者A）": 2, "エアバッグの装備（当事者B）": 0, "サイドエアバッグの装備（当事者A）": 2, "サイドエアバッグの装備（当事者B）": 0, "人身損傷程度（当事者A）": 4, "人身損傷程度（当事者B）": 2, "地点　緯度（北緯）": 34.47696111, "地点　経度（東経）": 133.3622297, "曜日(発生年月日)": 4, "祝日(発生年月日)": 3, "認知機能検査経過日数（当事者A）": 9999, "認知機能検査経過日数（当事者B）": 0, "運転練習の方法（当事者A）": 1, "運転練習の方法（当事者B）": 0, "field_69": null }, "geometry": { "type": "Point", "coordinates": [ 133.3622297, 34.47696111 ] } },
{ "type": "Feature", "properties": { "資料区分": 1, "都道府県コード": 73, "警察署等コード": 121, "本票番号": 115, "事故内容": 2, "死者数": 0, "負傷者数": 1, "路線コード": 37210, "地点コード": 0, "市区町村コード": 207, "発生日時　　年": 2024, "発生日時　　月": 3, "発生日時　　日": 4, "発生日時　　時": 16, "発生日時　　分": 45, "昼夜": 12, "日の出時刻　　時": 6, "日の出時刻　　分": 35, "日の入り時刻　　時": 18, "日の入り時刻　　分": 8, "天候": 2, "地形": 1, "路面状態": 1, "道路形状": 14, "信号機": 7, "一時停止規制　標識（当事者A）": 0, "一時停止規制　表示（当事者A）": 0, "一時停止規制　標識（当事者B）": 0, "一時停止規制　表示（当事者B）": 0, "車道幅員": 1, "道路線形": 8, "衝突地点": 1, "ゾーン規制": 70, "中央分離帯施設等": 5, "歩車道区分": 3, "事故類型": 1, "年齢（当事者A）": 75, "年齢（当事者B）": 25, "当事者種別（当事者A）": 4, "当事者種別（当事者B）": 61, "用途別（当事者A）": 31, "用途別（当事者B）": 0, "車両形状等（当事者A）": 1, "車両形状等（当事者B）": 0, "オートマチック車（当事者A）": 1, "オートマチック車（当事者B）": 0, "サポカー（当事者A）": 11, "サポカー（当事者B）": 0, "速度規制（指定のみ）（当事者A）": 10, "速度規制（指定のみ）（当事者B）": 0, "車両の衝突部位（当事者A）": 50, "車両の衝突部位（当事者B）": 0, "車両の損壊程度（当事者A）": 3, "車両の損壊程度（当事者B）": 0, "エアバッグの装備（当事者A）": 2, "エアバッグの装備（当事者B）": 0, "サイドエアバッグの装備（当事者A）": 2, "サイドエアバッグの装備（当事者B）": 0, "人身損傷程度（当事者A）": 4, "人身損傷程度（当事者B）": 2, "地点　緯度（北緯）": 34.50381194, "地点　経度（東経）": 133.4255425, "曜日(発生年月日)": 2, "祝日(発生年月日)": 3, "認知機能検査経過日数（当事者A）": 844, "認知機能検査経過日数（当事者B）": 0, "運転練習の方法（当事者A）": 9, "運転練習の方法（当事者B）": 0, "field_69": null }, "geometry": { "type": "Point", "coordinates": [ 133.4255425, 34.50381194 ] } },
{ "type": "Feature", "properties": { "資料区分": 1, "都道府県コード": 73, "警察署等コード": 121, "本票番号": 134, "事故内容": 2, "死者数": 0, "負傷者数": 1, "路線コード": 26, "地点コード": 2234, "市区町村コード": 207, "発生日時　　年": 2024, "発生日時　　月": 2, "発生日時　　日": 7, "発生日時　　時": 5, "発生日時　　分": 56, "昼夜": 22, "日の出時刻　　時": 7, "日の出時刻　　分": 3, "日の入り時刻　　時": 17, "日の入り時刻　　分": 45, "天候": 1, "地形": 1, "路面状態": 1, "道路形状": 1, "信号機": 1, "一時停止規制　標識（当事者A）": 9, "一時停止規制　表示（当事者A）": 22, "一時停止規制　標識（当事者B）": 0, "一時停止規制　表示（当事者B）": 0, "車道幅員": 18, "道路線形": 9, "衝突地点": 30, "ゾーン規制": 70, "中央分離帯施設等": 6, "歩車道区分": 2, "事故類型": 1, "年齢（当事者A）": 1, "年齢（当事者B）": 65, "当事者種別（当事者A）": 4, "当事者種別（当事者B）": 61, "用途別（当事者A）": 31, "用途別（当事者B）": 0, "車両形状等（当事者A）": 1, "車両形状等（当事者B）": 0, "オートマチック車（当事者A）": 1, "オートマチック車（当事者B）": 0, "サポカー（当事者A）": 11, "サポカー（当事者B）": 0, "速度規制（指定のみ）（当事者A）": 3, "速度規制（指定のみ）（当事者B）": 0, "車両の衝突部位（当事者A）": 10, "車両の衝突部位（当事者B）": 0, "車両の損壊程度（当事者A）": 3, "車両の損壊程度（当事者B）": 0, "エアバッグの装備（当事者A）": 2, "エアバッグの装備（当事者B）": 0, "サイドエアバッグの装備（当事者A）": 2, "サイドエアバッグの装備（当事者B）": 0, "人身損傷程度（当事者A）": 4, "人身損傷程度（当事者B）": 2, "地点　緯度（北緯）": 34.49975, "地点　経度（東経）": 133.4356556, "曜日(発生年月日)": 4, "祝日(発生年月日)": 3, "認知機能検査経過日数（当事者A）": 9999, "認知機能検査経過日数（当事者B）": 0, "運転練習の方法（当事者A）": 1, "運転練習の方法（当事者B）": 0, "field_69": null }, "geometry": { "type": "Point", "coordinates": [ 133.4356556, 34.49975 ] } },
{ "type": "Feature", "properties": { "資料区分": 1, "都道府県コード": 73, "警察署等コード": 121, "本票番号": 135, "事故内容": 2, "死者数": 0, "負傷者数": 1, "路線コード": 37210, "地点コード": 0, "市区町村コード": 207, "発生日時　　年": 2024, "発生日時　　月": 2, "発生日時　　日": 24, "発生日時　　時": 13, "発生日時　　分": 40, "昼夜": 12, "日の出時刻　　時": 6, "日の出時刻　　分": 45, "日の入り時刻　　時": 18, "日の入り時刻　　分": 1, "天候": 1, "地形": 1, "路面状態": 1, "道路形状": 14, "信号機": 7, "一時停止規制　標識（当事者A）": 0, "一時停止規制　表示（当事者A）": 0, "一時停止規制　標識（当事者B）": 0, "一時停止規制　表示（当事者B）": 0, "車道幅員": 2, "道路線形": 9, "衝突地点": 1, "ゾーン規制": 70, "中央分離帯施設等": 4, "歩車道区分": 2, "事故類型": 1, "年齢（当事者A）": 1, "年齢（当事者B）": 75, "当事者種別（当事者A）": 51, "当事者種別（当事者B）": 61, "用途別（当事者A）": 41, "用途別（当事者B）": 0, "車両形状等（当事者A）": 0, "車両形状等（当事者B）": 0, "オートマチック車（当事者A）": 0, "オートマチック車（当事者B）": 0, "サポカー（当事者A）": 0, "サポカー（当事者B）": 0, "速度規制（指定のみ）（当事者A）": 0, "速度規制（指定のみ）（当事者B）": 0, "車両の衝突部位（当事者A）": 10, "車両の衝突部位（当事者B）": 0, "車両の損壊程度（当事者A）": 4, "車両の損壊程度（当事者B）": 0, "エアバッグの装備（当事者A）": 0, "エアバッグの装備（当事者B）": 0, "サイドエアバッグの装備（当事者A）": 0, "サイドエアバッグの装備（当事者B）": 0, "人身損傷程度（当事者A）": 4, "人身損傷程度（当事者B）": 2, "地点　緯度（北緯）": 34.48737722, "地点　経度（東経）": 133.3703344, "曜日(発生年月日)": 7, "祝日(発生年月日)": 3, "認知機能検査経過日数（当事者A）": 0, "認知機能検査経過日数（当事者B）": 0, "運転練習の方法（当事者A）": 0, "運転練習の方法（当事者B）": 0, "field_69": null }, "geometry": { "type": "Point", "coordinates": [ 133.3703344, 34.48737722 ] } },
{ "type": "Feature", "properties": { "資料区分": 1, "都道府県コード": 73, "警察署等コード": 121, "本票番号": 138, "事故内容": 2, "死者数": 0, "負傷者数": 1, "路線コード": 37210, "地点コード": 0, "市区町村コード": 207, "発生日時　　年": 2024, "発生日時　　月": 3, "発生日時　　日": 19, "発生日時　　時": 13, "発生日時　　分": 15, "昼夜": 12, "日の出時刻　　時": 6, "日の出時刻　　分": 15, "日の入り時刻　　時": 18, "日の入り時刻　　分": 20, "天候": 1, "地形": 1, "路面状態": 1, "道路形状": 7, "信号機": 7, "一時停止規制　標識（当事者A）": 0, "一時停止規制　表示（当事者A）": 0, "一時停止規制　標識（当事者B）": 0, "一時停止規制　表示（当事者B）": 0, "車道幅員": 3, "道路線形": 9, "衝突地点": 1, "ゾーン規制": 70, "中央分離帯施設等": 5, "歩車道区分": 3, "事故類型": 1, "年齢（当事者A）": 45, "年齢（当事者B）": 1, "当事者種別（当事者A）": 13, "当事者種別（当事者B）": 61, "用途別（当事者A）": 31, "用途別（当事者B）": 0, "車両形状等（当事者A）": 11, "車両形状等（当事者B）": 0, "オートマチック車（当事者A）": 1, "オートマチック車（当事者B）": 0, "サポカー（当事者A）": 11, "サポカー（当事者B）": 0, "速度規制（指定のみ）（当事者A）": 10, "速度規制（指定のみ）（当事者B）": 0, "車両の衝突部位（当事者A）": 30, "車両の衝突部位（当事者B）": 0, "車両の損壊程度（当事者A）": 3, "車両の損壊程度（当事者B）": 0, "エアバッグの装備（当事者A）": 2, "エアバッグの装備（当事者B）": 0, "サイドエアバッグの装備（当事者A）": 2, "サイドエアバッグの装備（当事者B）": 0, "人身損傷程度（当事者A）": 4, "人身損傷程度（当事者B）": 2, "地点　緯度（北緯）": 34.50294083, "地点　経度（東経）": 133.3928661, "曜日(発生年月日)": 3, "祝日(発生年月日)": 2, "認知機能検査経過日数（当事者A）": 9999, "認知機能検査経過日数（当事者B）": 0, "運転練習の方法（当事者A）": 1, "運転練習の方法（当事者B）": 0, "field_69": null }, "geometry": { "type": "Point", "coordinates": [ 133.3928661, 34.50294083 ] } },
{ "type": "Feature", "properties": { "資料区分": 1, "都道府県コード": 73, "警察署等コード": 122, "本票番号": 8, "事故内容": 2, "死者数": 0, "負傷者数": 1, "路線コード": 37220, "地点コード": 0, "市区町村コード": 208, "発生日時　　年": 2024, "発生日時　　月": 2, "発生日時　　日": 10, "発生日時　　時": 17, "発生日時　　分": 0, "昼夜": 13, "日の出時刻　　時": 7, "日の出時刻　　分": 0, "日の入り時刻　　時": 17, "日の入り時刻　　分": 48, "天候": 1, "地形": 3, "路面状態": 1, "道路形状": 14, "信号機": 7, "一時停止規制　標識（当事者A）": 0, "一時停止規制　表示（当事者A）": 0, "一時停止規制　標識（当事者B）": 0, "一時停止規制　表示（当事者B）": 0, "車道幅員": 1, "道路線形": 9, "衝突地点": 1, "ゾーン規制": 70, "中央分離帯施設等": 5, "歩車道区分": 4, "事故類型": 1, "年齢（当事者A）": 45, "年齢（当事者B）": 25, "当事者種別（当事者A）": 4, "当事者種別（当事者B）": 61, "用途別（当事者A）": 31, "用途別（当事者B）": 0, "車両形状等（当事者A）": 1, "車両形状等（当事者B）": 0, "オートマチック車（当事者A）": 1, "オートマチック車（当事者B）": 0, "サポカー（当事者A）": 11, "サポカー（当事者B）": 0, "速度規制（指定のみ）（当事者A）": 10, "速度規制（指定のみ）（当事者B）": 0, "車両の衝突部位（当事者A）": 40, "車両の衝突部位（当事者B）": 0, "車両の損壊程度（当事者A）": 3, "車両の損壊程度（当事者B）": 0, "エアバッグの装備（当事者A）": 2, "エアバッグの装備（当事者B）": 0, "サイドエアバッグの装備（当事者A）": 2, "サイドエアバッグの装備（当事者B）": 0, "人身損傷程度（当事者A）": 4, "人身損傷程度（当事者B）": 2, "地点　緯度（北緯）": 34.55518306, "地点　経度（東経）": 133.2523314, "曜日(発生年月日)": 7, "祝日(発生年月日)": 2, "認知機能検査経過日数（当事者A）": 9999, "認知機能検査経過日数（当事者B）": 0, "運転練習の方法（当事者A）": 1, "運転練習の方法（当事者B）": 0, "field_69": null }, "geometry": { "type": "Point", "coordinates": [ 133.2523314, 34.55518306 ] } },
{ "type": "Feature", "properties": { "資料区分": 1, "都道府県コード": 73, "警察署等コード": 122, "本票番号": 9, "事故内容": 2, "死者数": 0, "負傷者数": 1, "路線コード": 37220, "地点コード": 0, "市区町村コード": 208, "発生日時　　年": 2024, "発生日時　　月": 2, "発生日時　　日": 23, "発生日時　　時": 6, "発生日時　　分": 15, "昼夜": 23, "日の出時刻　　時": 6, "日の出時刻　　分": 46, "日の入り時刻　　時": 18, "日の入り時刻　　分": 0, "天候": 3, "地形": 3, "路面状態": 2, "道路形状": 14, "信号機": 7, "一時停止規制　標識（当事者A）": 0, "一時停止規制　表示（当事者A）": 0, "一時停止規制　標識（当事者B）": 0, "一時停止規制　表示（当事者B）": 0, "車道幅員": 2, "道路線形": 9, "衝突地点": 1, "ゾーン規制": 70, "中央分離帯施設等": 5, "歩車道区分": 4, "事故類型": 1, "年齢（当事者A）": 65, "年齢（当事者B）": 1, "当事者種別（当事者A）": 4, "当事者種別（当事者B）": 61, "用途別（当事者A）": 31, "用途別（当事者B）": 0, "車両形状等（当事者A）": 1, "車両形状等（当事者B）": 0, "オートマチック車（当事者A）": 1, "オートマチック車（当事者B）": 0, "サポカー（当事者A）": 11, "サポカー（当事者B）": 0, "速度規制（指定のみ）（当事者A）": 3, "速度規制（指定のみ）（当事者B）": 0, "車両の衝突部位（当事者A）": 80, "車両の衝突部位（当事者B）": 0, "車両の損壊程度（当事者A）": 3, "車両の損壊程度（当事者B）": 0, "エアバッグの装備（当事者A）": 2, "エアバッグの装備（当事者B）": 0, "サイドエアバッグの装備（当事者A）": 2, "サイドエアバッグの装備（当事者B）": 0, "人身損傷程度（当事者A）": 4, "人身損傷程度（当事者B）": 2, "地点　緯度（北緯）": 34.55944361, "地点　経度（東経）": 133.2405625, "曜日(発生年月日)": 6, "祝日(発生年月日)": 1, "認知機能検査経過日数（当事者A）": 9999, "認知機能検査経過日数（当事者B）": 0, "運転練習の方法（当事者A）": 9, "運転練習の方法（当事者B）": 0, "field_69": null }, "geometry": { "type": "Point", "coordinates": [ 133.24056250000001, 34.55944361 ] } },
{ "type": "Feature", "properties": { "資料区分": 1, "都道府県コード": 73, "警察署等コード": 123, "本票番号": 4, "事故内容": 2, "死者数": 0, "負傷者数": 1, "路線コード": 1820, "地点コード": 0, "市区町村コード": 210, "発生日時　　年": 2024, "発生日時　　月": 2, "発生日時　　日": 27, "発生日時　　時": 6, "発生日時　　分": 15, "昼夜": 23, "日の出時刻　　時": 6, "日の出時刻　　分": 41, "日の入り時刻　　時": 18, "日の入り時刻　　分": 4, "天候": 1, "地形": 3, "路面状態": 1, "道路形状": 1, "信号機": 7, "一時停止規制　標識（当事者A）": 9, "一時停止規制　表示（当事者A）": 22, "一時停止規制　標識（当事者B）": 0, "一時停止規制　表示（当事者B）": 0, "車道幅員": 15, "道路線形": 9, "衝突地点": 30, "ゾーン規制": 70, "中央分離帯施設等": 4, "歩車道区分": 2, "事故類型": 1, "年齢（当事者A）": 35, "年齢（当事者B）": 75, "当事者種別（当事者A）": 4, "当事者種別（当事者B）": 61, "用途別（当事者A）": 31, "用途別（当事者B）": 0, "車両形状等（当事者A）": 1, "車両形状等（当事者B）": 0, "オートマチック車（当事者A）": 1, "オートマチック車（当事者B）": 0, "サポカー（当事者A）": 11, "サポカー（当事者B）": 0, "速度規制（指定のみ）（当事者A）": 4, "速度規制（指定のみ）（当事者B）": 0, "車両の衝突部位（当事者A）": 10, "車両の衝突部位（当事者B）": 0, "車両の損壊程度（当事者A）": 3, "車両の損壊程度（当事者B）": 0, "エアバッグの装備（当事者A）": 1, "エアバッグの装備（当事者B）": 0, "サイドエアバッグの装備（当事者A）": 1, "サイドエアバッグの装備（当事者B）": 0, "人身損傷程度（当事者A）": 4, "人身損傷程度（当事者B）": 2, "地点　緯度（北緯）": 34.89687, "地点　経度（東経）": 133.27762, "曜日(発生年月日)": 3, "祝日(発生年月日)": 3, "認知機能検査経過日数（当事者A）": 9999, "認知機能検査経過日数（当事者B）": 0, "運転練習の方法（当事者A）": 2, "運転練習の方法（当事者B）": 0, "field_69": null }, "geometry": { "type": "Point", "coordinates": [ 133.27762, 34.89687 ] } },
{ "type": "Feature", "properties": { "資料区分": 1, "都道府県コード": 73, "警察署等コード": 123, "本票番号": 5, "事故内容": 2, "死者数": 0, "負傷者数": 1, "路線コード": 1830, "地点コード": 0, "市区町村コード": 210, "発生日時　　年": 2024, "発生日時　　月": 2, "発生日時　　日": 2, "発生日時　　時": 20, "発生日時　　分": 5, "昼夜": 22, "日の出時刻　　時": 7, "日の出時刻　　分": 7, "日の入り時刻　　時": 17, "日の入り時刻　　分": 40, "天候": 1, "地形": 3, "路面状態": 1, "道路形状": 14, "信号機": 7, "一時停止規制　標識（当事者A）": 0, "一時停止規制　表示（当事者A）": 0, "一時停止規制　標識（当事者B）": 0, "一時停止規制　表示（当事者B）": 0, "車道幅員": 3, "道路線形": 7, "衝突地点": 1, "ゾーン規制": 70, "中央分離帯施設等": 4, "歩車道区分": 2, "事故類型": 1, "年齢（当事者A）": 45, "年齢（当事者B）": 65, "当事者種別（当事者A）": 4, "当事者種別（当事者B）": 61, "用途別（当事者A）": 31, "用途別（当事者B）": 0, "車両形状等（当事者A）": 1, "車両形状等（当事者B）": 0, "オートマチック車（当事者A）": 1, "オートマチック車（当事者B）": 0, "サポカー（当事者A）": 11, "サポカー（当事者B）": 0, "速度規制（指定のみ）（当事者A）": 4, "速度規制（指定のみ）（当事者B）": 0, "車両の衝突部位（当事者A）": 10, "車両の衝突部位（当事者B）": 0, "車両の損壊程度（当事者A）": 3, "車両の損壊程度（当事者B）": 0, "エアバッグの装備（当事者A）": 2, "エアバッグの装備（当事者B）": 0, "サイドエアバッグの装備（当事者A）": 2, "サイドエアバッグの装備（当事者B）": 0, "人身損傷程度（当事者A）": 4, "人身損傷程度（当事者B）": 2, "地点　緯度（北緯）": 34.85223972, "地点　経度（東経）": 132.9981231, "曜日(発生年月日)": 6, "祝日(発生年月日)": 3, "認知機能検査経過日数（当事者A）": 9999, "認知機能検査経過日数（当事者B）": 0, "運転練習の方法（当事者A）": 1, "運転練習の方法（当事者B）": 0, "field_69": null }, "geometry": { "type": "Point", "coordinates": [ 132.998123099999987, 34.85223972 ] } },
{ "type": "Feature", "properties": { "資料区分": 1, "都道府県コード": 73, "警察署等コード": 124, "本票番号": 9, "事故内容": 2, "死者数": 0, "負傷者数": 1, "路線コード": 37240, "地点コード": 0, "市区町村コード": 209, "発生日時　　年": 2024, "発生日時　　月": 1, "発生日時　　日": 30, "発生日時　　時": 16, "発生日時　　分": 21, "昼夜": 12, "日の出時刻　　時": 7, "日の出時刻　　分": 9, "日の入り時刻　　時": 17, "日の入り時刻　　分": 37, "天候": 1, "地形": 3, "路面状態": 1, "道路形状": 14, "信号機": 7, "一時停止規制　標識（当事者A）": 0, "一時停止規制　表示（当事者A）": 0, "一時停止規制　標識（当事者B）": 0, "一時停止規制　表示（当事者B）": 0, "車道幅員": 3, "道路線形": 9, "衝突地点": 1, "ゾーン規制": 70, "中央分離帯施設等": 5, "歩車道区分": 3, "事故類型": 1, "年齢（当事者A）": 75, "年齢（当事者B）": 25, "当事者種別（当事者A）": 4, "当事者種別（当事者B）": 61, "用途別（当事者A）": 31, "用途別（当事者B）": 0, "車両形状等（当事者A）": 1, "車両形状等（当事者B）": 0, "オートマチック車（当事者A）": 1, "オートマチック車（当事者B）": 0, "サポカー（当事者A）": 11, "サポカー（当事者B）": 0, "速度規制（指定のみ）（当事者A）": 2, "速度規制（指定のみ）（当事者B）": 0, "車両の衝突部位（当事者A）": 40, "車両の衝突部位（当事者B）": 0, "車両の損壊程度（当事者A）": 4, "車両の損壊程度（当事者B）": 0, "エアバッグの装備（当事者A）": 2, "エアバッグの装備（当事者B）": 0, "サイドエアバッグの装備（当事者A）": 2, "サイドエアバッグの装備（当事者B）": 0, "人身損傷程度（当事者A）": 4, "人身損傷程度（当事者B）": 2, "地点　緯度（北緯）": 34.80613583, "地点　経度（東経）": 132.8629758, "曜日(発生年月日)": 3, "祝日(発生年月日)": 3, "認知機能検査経過日数（当事者A）": 586, "認知機能検査経過日数（当事者B）": 0, "運転練習の方法（当事者A）": 9, "運転練習の方法（当事者B）": 0, "field_69": null }, "geometry": { "type": "Point", "coordinates": [ 132.862975799999987, 34.80613583 ] } },
{ "type": "Feature", "properties": { "資料区分": 1, "都道府県コード": 73, "警察署等コード": 126, "本票番号": 67, "事故内容": 2, "死者数": 0, "負傷者数": 1, "路線コード": 14380, "地点コード": 0, "市区町村コード": 105, "発生日時　　年": 2024, "発生日時　　月": 1, "発生日時　　日": 31, "発生日時　　時": 19, "発生日時　　分": 40, "昼夜": 22, "日の出時刻　　時": 7, "日の出時刻　　分": 8, "日の入り時刻　　時": 17, "日の入り時刻　　分": 38, "天候": 3, "地形": 1, "路面状態": 2, "道路形状": 1, "信号機": 1, "一時停止規制　標識（当事者A）": 9, "一時停止規制　表示（当事者A）": 22, "一時停止規制　標識（当事者B）": 0, "一時停止規制　表示（当事者B）": 0, "車道幅員": 15, "道路線形": 9, "衝突地点": 30, "ゾーン規制": 70, "中央分離帯施設等": 5, "歩車道区分": 2, "事故類型": 1, "年齢（当事者A）": 35, "年齢（当事者B）": 25, "当事者種別（当事者A）": 3, "当事者種別（当事者B）": 61, "用途別（当事者A）": 31, "用途別（当事者B）": 0, "車両形状等（当事者A）": 1, "車両形状等（当事者B）": 0, "オートマチック車（当事者A）": 1, "オートマチック車（当事者B）": 0, "サポカー（当事者A）": 11, "サポカー（当事者B）": 0, "速度規制（指定のみ）（当事者A）": 4, "速度規制（指定のみ）（当事者B）": 0, "車両の衝突部位（当事者A）": 10, "車両の衝突部位（当事者B）": 0, "車両の損壊程度（当事者A）": 3, "車両の損壊程度（当事者B）": 0, "エアバッグの装備（当事者A）": 2, "エアバッグの装備（当事者B）": 0, "サイドエアバッグの装備（当事者A）": 2, "サイドエアバッグの装備（当事者B）": 0, "人身損傷程度（当事者A）": 4, "人身損傷程度（当事者B）": 2, "地点　緯度（北緯）": 34.4750675, "地点　経度（東経）": 132.4375344, "曜日(発生年月日)": 4, "祝日(発生年月日)": 3, "認知機能検査経過日数（当事者A）": 9999, "認知機能検査経過日数（当事者B）": 0, "運転練習の方法（当事者A）": 1, "運転練習の方法（当事者B）": 0, "field_69": null }, "geometry": { "type": "Point", "coordinates": [ 132.4375344, 34.4750675 ] } },
{ "type": "Feature", "properties": { "資料区分": 1, "都道府県コード": 73, "警察署等コード": 126, "本票番号": 69, "事故内容": 2, "死者数": 0, "負傷者数": 1, "路線コード": 37260, "地点コード": 0, "市区町村コード": 105, "発生日時　　年": 2024, "発生日時　　月": 1, "発生日時　　日": 21, "発生日時　　時": 4, "発生日時　　分": 0, "昼夜": 22, "日の出時刻　　時": 7, "日の出時刻　　分": 14, "日の入り時刻　　時": 17, "日の入り時刻　　分": 28, "天候": 1, "地形": 1, "路面状態": 1, "道路形状": 14, "信号機": 7, "一時停止規制　標識（当事者A）": 0, "一時停止規制　表示（当事者A）": 0, "一時停止規制　標識（当事者B）": 0, "一時停止規制　表示（当事者B）": 0, "車道幅員": 4, "道路線形": 9, "衝突地点": 1, "ゾーン規制": 70, "中央分離帯施設等": 5, "歩車道区分": 2, "事故類型": 1, "年齢（当事者A）": 45, "年齢（当事者B）": 0, "当事者種別（当事者A）": 61, "当事者種別（当事者B）": 0, "用途別（当事者A）": 0, "用途別（当事者B）": 0, "車両形状等（当事者A）": 0, "車両形状等（当事者B）": 0, "オートマチック車（当事者A）": 0, "オートマチック車（当事者B）": 0, "サポカー（当事者A）": 0, "サポカー（当事者B）": 0, "速度規制（指定のみ）（当事者A）": 0, "速度規制（指定のみ）（当事者B）": 0, "車両の衝突部位（当事者A）": 0, "車両の衝突部位（当事者B）": 0, "車両の損壊程度（当事者A）": 0, "車両の損壊程度（当事者B）": 0, "エアバッグの装備（当事者A）": 0, "エアバッグの装備（当事者B）": 0, "サイドエアバッグの装備（当事者A）": 0, "サイドエアバッグの装備（当事者B）": 0, "人身損傷程度（当事者A）": 2, "人身損傷程度（当事者B）": 0, "地点　緯度（北緯）": 34.45148972, "地点　経度（東経）": 132.47669, "曜日(発生年月日)": 1, "祝日(発生年月日)": 3, "認知機能検査経過日数（当事者A）": 0, "認知機能検査経過日数（当事者B）": 0, "運転練習の方法（当事者A）": 0, "運転練習の方法（当事者B）": 0, "field_69": null }, "geometry": { "type": "Point", "coordinates": [ 132.47669, 34.45148972 ] } },
{ "type": "Feature", "properties": { "資料区分": 1, "都道府県コード": 73, "警察署等コード": 126, "本票番号": 73, "事故内容": 2, "死者数": 0, "負傷者数": 1, "路線コード": 37260, "地点コード": 0, "市区町村コード": 105, "発生日時　　年": 2024, "発生日時　　月": 2, "発生日時　　日": 6, "発生日時　　時": 13, "発生日時　　分": 58, "昼夜": 12, "日の出時刻　　時": 7, "日の出時刻　　分": 3, "日の入り時刻　　時": 17, "日の入り時刻　　分": 44, "天候": 2, "地形": 2, "路面状態": 1, "道路形状": 14, "信号機": 7, "一時停止規制　標識（当事者A）": 0, "一時停止規制　表示（当事者A）": 0, "一時停止規制　標識（当事者B）": 0, "一時停止規制　表示（当事者B）": 0, "車道幅員": 1, "道路線形": 9, "衝突地点": 1, "ゾーン規制": 70, "中央分離帯施設等": 5, "歩車道区分": 4, "事故類型": 1, "年齢（当事者A）": 75, "年齢（当事者B）": 35, "当事者種別（当事者A）": 3, "当事者種別（当事者B）": 61, "用途別（当事者A）": 31, "用途別（当事者B）": 0, "車両形状等（当事者A）": 1, "車両形状等（当事者B）": 0, "オートマチック車（当事者A）": 1, "オートマチック車（当事者B）": 0, "サポカー（当事者A）": 11, "サポカー（当事者B）": 0, "速度規制（指定のみ）（当事者A）": 10, "速度規制（指定のみ）（当事者B）": 0, "車両の衝突部位（当事者A）": 40, "車両の衝突部位（当事者B）": 0, "車両の損壊程度（当事者A）": 3, "車両の損壊程度（当事者B）": 0, "エアバッグの装備（当事者A）": 2, "エアバッグの装備（当事者B）": 0, "サイドエアバッグの装備（当事者A）": 2, "サイドエアバッグの装備（当事者B）": 0, "人身損傷程度（当事者A）": 4, "人身損傷程度（当事者B）": 2, "地点　緯度（北緯）": 34.44038056, "地点　経度（東経）": 132.4611728, "曜日(発生年月日)": 3, "祝日(発生年月日)": 3, "認知機能検査経過日数（当事者A）": 1082, "認知機能検査経過日数（当事者B）": 0, "運転練習の方法（当事者A）": 9, "運転練習の方法（当事者B）": 0, "field_69": null }, "geometry": { "type": "Point", "coordinates": [ 132.461172800000014, 34.44038056 ] } },
{ "type": "Feature", "properties": { "資料区分": 1, "都道府県コード": 73, "警察署等コード": 126, "本票番号": 88, "事故内容": 2, "死者数": 0, "負傷者数": 1, "路線コード": 22770, "地点コード": 0, "市区町村コード": 105, "発生日時　　年": 2024, "発生日時　　月": 3, "発生日時　　日": 21, "発生日時　　時": 11, "発生日時　　分": 33, "昼夜": 12, "日の出時刻　　時": 6, "日の出時刻　　分": 12, "日の入り時刻　　時": 18, "日の入り時刻　　分": 22, "天候": 2, "地形": 1, "路面状態": 1, "道路形状": 14, "信号機": 7, "一時停止規制　標識（当事者A）": 0, "一時停止規制　表示（当事者A）": 0, "一時停止規制　標識（当事者B）": 0, "一時停止規制　表示（当事者B）": 0, "車道幅員": 2, "道路線形": 9, "衝突地点": 1, "ゾーン規制": 70, "中央分離帯施設等": 5, "歩車道区分": 3, "事故類型": 1, "年齢（当事者A）": 65, "年齢（当事者B）": 25, "当事者種別（当事者A）": 3, "当事者種別（当事者B）": 61, "用途別（当事者A）": 31, "用途別（当事者B）": 0, "車両形状等（当事者A）": 1, "車両形状等（当事者B）": 0, "オートマチック車（当事者A）": 1, "オートマチック車（当事者B）": 0, "サポカー（当事者A）": 11, "サポカー（当事者B）": 0, "速度規制（指定のみ）（当事者A）": 2, "速度規制（指定のみ）（当事者B）": 0, "車両の衝突部位（当事者A）": 40, "車両の衝突部位（当事者B）": 0, "車両の損壊程度（当事者A）": 4, "車両の損壊程度（当事者B）": 0, "エアバッグの装備（当事者A）": 2, "エアバッグの装備（当事者B）": 0, "サイドエアバッグの装備（当事者A）": 2, "サイドエアバッグの装備（当事者B）": 0, "人身損傷程度（当事者A）": 4, "人身損傷程度（当事者B）": 2, "地点　緯度（北緯）": 34.43141639, "地点　経度（東経）": 132.4592925, "曜日(発生年月日)": 5, "祝日(発生年月日)": 3, "認知機能検査経過日数（当事者A）": 9999, "認知機能検査経過日数（当事者B）": 0, "運転練習の方法（当事者A）": 9, "運転練習の方法（当事者B）": 0, "field_69": null }, "geometry": { "type": "Point", "coordinates": [ 132.4592925, 34.43141639 ] } },
{ "type": "Feature", "properties": { "資料区分": 1, "都道府県コード": 73, "警察署等コード": 126, "本票番号": 91, "事故内容": 2, "死者数": 0, "負傷者数": 1, "路線コード": 540, "地点コード": 73, "市区町村コード": 105, "発生日時　　年": 2023, "発生日時　　月": 11, "発生日時　　日": 12, "発生日時　　時": 16, "発生日時　　分": 29, "昼夜": 13, "日の出時刻　　時": 6, "日の出時刻　　分": 40, "日の入り時刻　　時": 17, "日の入り時刻　　分": 8, "天候": 1, "地形": 1, "路面状態": 1, "道路形状": 14, "信号機": 7, "一時停止規制　標識（当事者A）": 0, "一時停止規制　表示（当事者A）": 0, "一時停止規制　標識（当事者B）": 0, "一時停止規制　表示（当事者B）": 0, "車道幅員": 4, "道路線形": 8, "衝突地点": 1, "ゾーン規制": 70, "中央分離帯施設等": 1, "歩車道区分": 2, "事故類型": 1, "年齢（当事者A）": 1, "年齢（当事者B）": 1, "当事者種別（当事者A）": 52, "当事者種別（当事者B）": 61, "用途別（当事者A）": 41, "用途別（当事者B）": 0, "車両形状等（当事者A）": 0, "車両形状等（当事者B）": 0, "オートマチック車（当事者A）": 0, "オートマチック車（当事者B）": 0, "サポカー（当事者A）": 0, "サポカー（当事者B）": 0, "速度規制（指定のみ）（当事者A）": 0, "速度規制（指定のみ）（当事者B）": 0, "車両の衝突部位（当事者A）": 10, "車両の衝突部位（当事者B）": 0, "車両の損壊程度（当事者A）": 3, "車両の損壊程度（当事者B）": 0, "エアバッグの装備（当事者A）": 0, "エアバッグの装備（当事者B）": 0, "サイドエアバッグの装備（当事者A）": 0, "サイドエアバッグの装備（当事者B）": 0, "人身損傷程度（当事者A）": 4, "人身損傷程度（当事者B）": 2, "地点　緯度（北緯）": 34.44769611, "地点　経度（東経）": 132.4760972, "曜日(発生年月日)": 1, "祝日(発生年月日)": 3, "認知機能検査経過日数（当事者A）": 0, "認知機能検査経過日数（当事者B）": 0, "運転練習の方法（当事者A）": 0, "運転練習の方法（当事者B）": 0, "field_69": null }, "geometry": { "type": "Point", "coordinates": [ 132.4760972, 34.44769611 ] } },
{ "type": "Feature", "properties": { "資料区分": 1, "都道府県コード": 73, "警察署等コード": 127, "本票番号": 54, "事故内容": 2, "死者数": 0, "負傷者数": 1, "路線コード": 22650, "地点コード": 0, "市区町村コード": 104, "発生日時　　年": 2024, "発生日時　　月": 1, "発生日時　　日": 17, "発生日時　　時": 8, "発生日時　　分": 24, "昼夜": 12, "日の出時刻　　時": 7, "日の出時刻　　分": 15, "日の入り時刻　　時": 17, "日の入り時刻　　分": 24, "天候": 1, "地形": 1, "路面状態": 1, "道路形状": 14, "信号機": 7, "一時停止規制　標識（当事者A）": 0, "一時停止規制　表示（当事者A）": 0, "一時停止規制　標識（当事者B）": 0, "一時停止規制　表示（当事者B）": 0, "車道幅員": 3, "道路線形": 8, "衝突地点": 1, "ゾーン規制": 70, "中央分離帯施設等": 4, "歩車道区分": 3, "事故類型": 1, "年齢（当事者A）": 55, "年齢（当事者B）": 35, "当事者種別（当事者A）": 4, "当事者種別（当事者B）": 61, "用途別（当事者A）": 31, "用途別（当事者B）": 0, "車両形状等（当事者A）": 1, "車両形状等（当事者B）": 0, "オートマチック車（当事者A）": 1, "オートマチック車（当事者B）": 0, "サポカー（当事者A）": 11, "サポカー（当事者B）": 0, "速度規制（指定のみ）（当事者A）": 2, "速度規制（指定のみ）（当事者B）": 0, "車両の衝突部位（当事者A）": 80, "車両の衝突部位（当事者B）": 0, "車両の損壊程度（当事者A）": 3, "車両の損壊程度（当事者B）": 0, "エアバッグの装備（当事者A）": 2, "エアバッグの装備（当事者B）": 0, "サイドエアバッグの装備（当事者A）": 2, "サイドエアバッグの装備（当事者B）": 0, "人身損傷程度（当事者A）": 4, "人身損傷程度（当事者B）": 2, "地点　緯度（北緯）": 34.41235361, "地点　経度（東経）": 132.4173364, "曜日(発生年月日)": 4, "祝日(発生年月日)": 3, "認知機能検査経過日数（当事者A）": 9999, "認知機能検査経過日数（当事者B）": 0, "運転練習の方法（当事者A）": 9, "運転練習の方法（当事者B）": 0, "field_69": null }, "geometry": { "type": "Point", "coordinates": [ 132.417336400000011, 34.41235361 ] } },
{ "type": "Feature", "properties": { "資料区分": 1, "都道府県コード": 73, "警察署等コード": 127, "本票番号": 58, "事故内容": 2, "死者数": 0, "負傷者数": 1, "路線コード": 20, "地点コード": 3464, "市区町村コード": 104, "発生日時　　年": 2024, "発生日時　　月": 3, "発生日時　　日": 11, "発生日時　　時": 21, "発生日時　　分": 35, "昼夜": 22, "日の出時刻　　時": 6, "日の出時刻　　分": 26, "日の入り時刻　　時": 18, "日の入り時刻　　分": 14, "天候": 3, "地形": 1, "路面状態": 2, "道路形状": 1, "信号機": 1, "一時停止規制　標識（当事者A）": 9, "一時停止規制　表示（当事者A）": 22, "一時停止規制　標識（当事者B）": 0, "一時停止規制　表示（当事者B）": 0, "車道幅員": 15, "道路線形": 9, "衝突地点": 30, "ゾーン規制": 70, "中央分離帯施設等": 5, "歩車道区分": 2, "事故類型": 1, "年齢（当事者A）": 55, "年齢（当事者B）": 45, "当事者種別（当事者A）": 3, "当事者種別（当事者B）": 61, "用途別（当事者A）": 31, "用途別（当事者B）": 0, "車両形状等（当事者A）": 1, "車両形状等（当事者B）": 0, "オートマチック車（当事者A）": 1, "オートマチック車（当事者B）": 0, "サポカー（当事者A）": 11, "サポカー（当事者B）": 0, "速度規制（指定のみ）（当事者A）": 4, "速度規制（指定のみ）（当事者B）": 0, "車両の衝突部位（当事者A）": 50, "車両の衝突部位（当事者B）": 0, "車両の損壊程度（当事者A）": 3, "車両の損壊程度（当事者B）": 0, "エアバッグの装備（当事者A）": 2, "エアバッグの装備（当事者B）": 0, "サイドエアバッグの装備（当事者A）": 2, "サイドエアバッグの装備（当事者B）": 0, "人身損傷程度（当事者A）": 4, "人身損傷程度（当事者B）": 2, "地点　緯度（北緯）": 34.36787389, "地点　経度（東経）": 132.3745153, "曜日(発生年月日)": 2, "祝日(発生年月日)": 3, "認知機能検査経過日数（当事者A）": 9999, "認知機能検査経過日数（当事者B）": 0, "運転練習の方法（当事者A）": 9, "運転練習の方法（当事者B）": 0, "field_69": null }, "geometry": { "type": "Point", "coordinates": [ 132.374515300000013, 34.36787389 ] } },
{ "type": "Feature", "properties": { "資料区分": 1, "都道府県コード": 73, "警察署等コード": 128, "本票番号": 42, "事故内容": 2, "死者数": 0, "負傷者数": 1, "路線コード": 4860, "地点コード": 0, "市区町村コード": 207, "発生日時　　年": 2024, "発生日時　　月": 2, "発生日時　　日": 21, "発生日時　　時": 19, "発生日時　　分": 47, "昼夜": 22, "日の出時刻　　時": 6, "日の出時刻　　分": 48, "日の入り時刻　　時": 17, "日の入り時刻　　分": 58, "天候": 3, "地形": 1, "路面状態": 2, "道路形状": 1, "信号機": 1, "一時停止規制　標識（当事者A）": 9, "一時停止規制　表示（当事者A）": 22, "一時停止規制　標識（当事者B）": 0, "一時停止規制　表示（当事者B）": 0, "車道幅員": 18, "道路線形": 9, "衝突地点": 30, "ゾーン規制": 70, "中央分離帯施設等": 5, "歩車道区分": 2, "事故類型": 1, "年齢（当事者A）": 1, "年齢（当事者B）": 25, "当事者種別（当事者A）": 4, "当事者種別（当事者B）": 61, "用途別（当事者A）": 31, "用途別（当事者B）": 0, "車両形状等（当事者A）": 1, "車両形状等（当事者B）": 0, "オートマチック車（当事者A）": 1, "オートマチック車（当事者B）": 0, "サポカー（当事者A）": 11, "サポカー（当事者B）": 0, "速度規制（指定のみ）（当事者A）": 4, "速度規制（指定のみ）（当事者B）": 0, "車両の衝突部位（当事者A）": 10, "車両の衝突部位（当事者B）": 0, "車両の損壊程度（当事者A）": 3, "車両の損壊程度（当事者B）": 0, "エアバッグの装備（当事者A）": 2, "エアバッグの装備（当事者B）": 0, "サイドエアバッグの装備（当事者A）": 2, "サイドエアバッグの装備（当事者B）": 0, "人身損傷程度（当事者A）": 4, "人身損傷程度（当事者B）": 2, "地点　緯度（北緯）": 34.54671389, "地点　経度（東経）": 133.3582306, "曜日(発生年月日)": 4, "祝日(発生年月日)": 3, "認知機能検査経過日数（当事者A）": 9999, "認知機能検査経過日数（当事者B）": 0, "運転練習の方法（当事者A）": 1, "運転練習の方法（当事者B）": 0, "field_69": null }, "geometry": { "type": "Point", "coordinates": [ 133.358230600000013, 34.54671389 ] } },
{ "type": "Feature", "properties": { "資料区分": 1, "都道府県コード": 73, "警察署等コード": 129, "本票番号": 32, "事故内容": 2, "死者数": 0, "負傷者数": 1, "路線コード": 99000, "地点コード": 0, "市区町村コード": 108, "発生日時　　年": 2024, "発生日時　　月": 2, "発生日時　　日": 9, "発生日時　　時": 18, "発生日時　　分": 27, "昼夜": 21, "日の出時刻　　時": 7, "日の出時刻　　分": 1, "日の入り時刻　　時": 17, "日の入り時刻　　分": 47, "天候": 1, "地形": 3, "路面状態": 1, "道路形状": 0, "信号機": 7, "一時停止規制　標識（当事者A）": 0, "一時停止規制　表示（当事者A）": 0, "一時停止規制　標識（当事者B）": 0, "一時停止規制　表示（当事者B）": 0, "車道幅員": 0, "道路線形": 0, "衝突地点": 20, "ゾーン規制": 70, "中央分離帯施設等": 0, "歩車道区分": 4, "事故類型": 1, "年齢（当事者A）": 25, "年齢（当事者B）": 65, "当事者種別（当事者A）": 3, "当事者種別（当事者B）": 61, "用途別（当事者A）": 31, "用途別（当事者B）": 0, "車両形状等（当事者A）": 1, "車両形状等（当事者B）": 0, "オートマチック車（当事者A）": 1, "オートマチック車（当事者B）": 0, "サポカー（当事者A）": 11, "サポカー（当事者B）": 0, "速度規制（指定のみ）（当事者A）": 10, "速度規制（指定のみ）（当事者B）": 0, "車両の衝突部位（当事者A）": 30, "車両の衝突部位（当事者B）": 0, "車両の損壊程度（当事者A）": 3, "車両の損壊程度（当事者B）": 0, "エアバッグの装備（当事者A）": 2, "エアバッグの装備（当事者B）": 0, "サイドエアバッグの装備（当事者A）": 2, "サイドエアバッグの装備（当事者B）": 0, "人身損傷程度（当事者A）": 4, "人身損傷程度（当事者B）": 2, "地点　緯度（北緯）": 34.44304389, "地点　経度（東経）": 132.3822047, "曜日(発生年月日)": 6, "祝日(発生年月日)": 3, "認知機能検査経過日数（当事者A）": 9999, "認知機能検査経過日数（当事者B）": 0, "運転練習の方法（当事者A）": 1, "運転練習の方法（当事者B）": 0, "field_69": null }, "geometry": { "type": "Point", "coordinates": [ 132.382204699999988, 34.44304389 ] } },
{ "type": "Feature", "properties": { "資料区分": 1, "都道府県コード": 73, "警察署等コード": 129, "本票番号": 33, "事故内容": 2, "死者数": 0, "負傷者数": 1, "路線コード": 37290, "地点コード": 0, "市区町村コード": 108, "発生日時　　年": 2024, "発生日時　　月": 2, "発生日時　　日": 27, "発生日時　　時": 16, "発生日時　　分": 5, "昼夜": 12, "日の出時刻　　時": 6, "日の出時刻　　分": 41, "日の入り時刻　　時": 18, "日の入り時刻　　分": 4, "天候": 1, "地形": 1, "路面状態": 1, "道路形状": 14, "信号機": 7, "一時停止規制　標識（当事者A）": 0, "一時停止規制　表示（当事者A）": 0, "一時停止規制　標識（当事者B）": 0, "一時停止規制　表示（当事者B）": 0, "車道幅員": 2, "道路線形": 9, "衝突地点": 1, "ゾーン規制": 70, "中央分離帯施設等": 5, "歩車道区分": 4, "事故類型": 1, "年齢（当事者A）": 45, "年齢（当事者B）": 1, "当事者種別（当事者A）": 14, "当事者種別（当事者B）": 61, "用途別（当事者A）": 31, "用途別（当事者B）": 0, "車両形状等（当事者A）": 11, "車両形状等（当事者B）": 0, "オートマチック車（当事者A）": 2, "オートマチック車（当事者B）": 0, "サポカー（当事者A）": 11, "サポカー（当事者B）": 0, "速度規制（指定のみ）（当事者A）": 2, "速度規制（指定のみ）（当事者B）": 0, "車両の衝突部位（当事者A）": 80, "車両の衝突部位（当事者B）": 0, "車両の損壊程度（当事者A）": 3, "車両の損壊程度（当事者B）": 0, "エアバッグの装備（当事者A）": 2, "エアバッグの装備（当事者B）": 0, "サイドエアバッグの装備（当事者A）": 2, "サイドエアバッグの装備（当事者B）": 0, "人身損傷程度（当事者A）": 4, "人身損傷程度（当事者B）": 2, "地点　緯度（北緯）": 34.364425, "地点　経度（東経）": 132.3693289, "曜日(発生年月日)": 3, "祝日(発生年月日)": 3, "認知機能検査経過日数（当事者A）": 9999, "認知機能検査経過日数（当事者B）": 0, "運転練習の方法（当事者A）": 1, "運転練習の方法（当事者B）": 0, "field_69": null }, "geometry": { "type": "Point", "coordinates": [ 132.3693289, 34.364425 ] } },
{ "type": "Feature", "properties": { "資料区分": 1, "都道府県コード": 73, "警察署等コード": 129, "本票番号": 35, "事故内容": 2, "死者数": 0, "負傷者数": 1, "路線コード": 37290, "地点コード": 0, "市区町村コード": 108, "発生日時　　年": 2024, "発生日時　　月": 2, "発生日時　　日": 23, "発生日時　　時": 12, "発生日時　　分": 50, "昼夜": 12, "日の出時刻　　時": 6, "日の出時刻　　分": 46, "日の入り時刻　　時": 18, "日の入り時刻　　分": 0, "天候": 1, "地形": 1, "路面状態": 1, "道路形状": 13, "信号機": 7, "一時停止規制　標識（当事者A）": 0, "一時停止規制　表示（当事者A）": 0, "一時停止規制　標識（当事者B）": 0, "一時停止規制　表示（当事者B）": 0, "車道幅員": 2, "道路線形": 6, "衝突地点": 1, "ゾーン規制": 70, "中央分離帯施設等": 5, "歩車道区分": 4, "事故類型": 1, "年齢（当事者A）": 45, "年齢（当事者B）": 55, "当事者種別（当事者A）": 3, "当事者種別（当事者B）": 61, "用途別（当事者A）": 31, "用途別（当事者B）": 0, "車両形状等（当事者A）": 1, "車両形状等（当事者B）": 0, "オートマチック車（当事者A）": 1, "オートマチック車（当事者B）": 0, "サポカー（当事者A）": 11, "サポカー（当事者B）": 0, "速度規制（指定のみ）（当事者A）": 2, "速度規制（指定のみ）（当事者B）": 0, "車両の衝突部位（当事者A）": 40, "車両の衝突部位（当事者B）": 0, "車両の損壊程度（当事者A）": 3, "車両の損壊程度（当事者B）": 0, "エアバッグの装備（当事者A）": 2, "エアバッグの装備（当事者B）": 0, "サイドエアバッグの装備（当事者A）": 2, "サイドエアバッグの装備（当事者B）": 0, "人身損傷程度（当事者A）": 4, "人身損傷程度（当事者B）": 2, "地点　緯度（北緯）": 34.36647944, "地点　経度（東経）": 132.3648672, "曜日(発生年月日)": 6, "祝日(発生年月日)": 1, "認知機能検査経過日数（当事者A）": 9999, "認知機能検査経過日数（当事者B）": 0, "運転練習の方法（当事者A）": 1, "運転練習の方法（当事者B）": 0, "field_69": null }, "geometry": { "type": "Point", "coordinates": [ 132.3648672, 34.36647944 ] } },
{ "type": "Feature", "properties": { "資料区分": 1, "都道府県コード": 73, "警察署等コード": 129, "本票番号": 40, "事故内容": 2, "死者数": 0, "負傷者数": 1, "路線コード": 14410, "地点コード": 0, "市区町村コード": 108, "発生日時　　年": 2024, "発生日時　　月": 2, "発生日時　　日": 10, "発生日時　　時": 11, "発生日時　　分": 0, "昼夜": 12, "日の出時刻　　時": 7, "日の出時刻　　分": 0, "日の入り時刻　　時": 17, "日の入り時刻　　分": 48, "天候": 1, "地形": 1, "路面状態": 1, "道路形状": 14, "信号機": 7, "一時停止規制　標識（当事者A）": 0, "一時停止規制　表示（当事者A）": 0, "一時停止規制　標識（当事者B）": 0, "一時停止規制　表示（当事者B）": 0, "車道幅員": 3, "道路線形": 9, "衝突地点": 1, "ゾーン規制": 70, "中央分離帯施設等": 4, "歩車道区分": 2, "事故類型": 1, "年齢（当事者A）": 55, "年齢（当事者B）": 75, "当事者種別（当事者A）": 3, "当事者種別（当事者B）": 61, "用途別（当事者A）": 31, "用途別（当事者B）": 0, "車両形状等（当事者A）": 1, "車両形状等（当事者B）": 0, "オートマチック車（当事者A）": 1, "オートマチック車（当事者B）": 0, "サポカー（当事者A）": 11, "サポカー（当事者B）": 0, "速度規制（指定のみ）（当事者A）": 10, "速度規制（指定のみ）（当事者B）": 0, "車両の衝突部位（当事者A）": 30, "車両の衝突部位（当事者B）": 0, "車両の損壊程度（当事者A）": 4, "車両の損壊程度（当事者B）": 0, "エアバッグの装備（当事者A）": 2, "エアバッグの装備（当事者B）": 0, "サイドエアバッグの装備（当事者A）": 2, "サイドエアバッグの装備（当事者B）": 0, "人身損傷程度（当事者A）": 4, "人身損傷程度（当事者B）": 2, "地点　緯度（北緯）": 34.39032444, "地点　経度（東経）": 132.3558442, "曜日(発生年月日)": 7, "祝日(発生年月日)": 2, "認知機能検査経過日数（当事者A）": 9999, "認知機能検査経過日数（当事者B）": 0, "運転練習の方法（当事者A）": 9, "運転練習の方法（当事者B）": 0, "field_69": null }, "geometry": { "type": "Point", "coordinates": [ 132.3558442, 34.39032444 ] } },
{ "type": "Feature", "properties": { "資料区分": 1, "都道府県コード": 73, "警察署等コード": 129, "本票番号": 41, "事故内容": 2, "死者数": 0, "負傷者数": 1, "路線コード": 37290, "地点コード": 0, "市区町村コード": 108, "発生日時　　年": 2024, "発生日時　　月": 2, "発生日時　　日": 21, "発生日時　　時": 7, "発生日時　　分": 33, "昼夜": 11, "日の出時刻　　時": 6, "日の出時刻　　分": 48, "日の入り時刻　　時": 17, "日の入り時刻　　分": 58, "天候": 3, "地形": 3, "路面状態": 2, "道路形状": 1, "信号機": 7, "一時停止規制　標識（当事者A）": 9, "一時停止規制　表示（当事者A）": 22, "一時停止規制　標識（当事者B）": 0, "一時停止規制　表示（当事者B）": 0, "車道幅員": 15, "道路線形": 8, "衝突地点": 30, "ゾーン規制": 70, "中央分離帯施設等": 4, "歩車道区分": 2, "事故類型": 1, "年齢（当事者A）": 65, "年齢（当事者B）": 65, "当事者種別（当事者A）": 4, "当事者種別（当事者B）": 61, "用途別（当事者A）": 31, "用途別（当事者B）": 0, "車両形状等（当事者A）": 1, "車両形状等（当事者B）": 0, "オートマチック車（当事者A）": 1, "オートマチック車（当事者B）": 0, "サポカー（当事者A）": 11, "サポカー（当事者B）": 0, "速度規制（指定のみ）（当事者A）": 2, "速度規制（指定のみ）（当事者B）": 0, "車両の衝突部位（当事者A）": 50, "車両の衝突部位（当事者B）": 0, "車両の損壊程度（当事者A）": 3, "車両の損壊程度（当事者B）": 0, "エアバッグの装備（当事者A）": 2, "エアバッグの装備（当事者B）": 0, "サイドエアバッグの装備（当事者A）": 2, "サイドエアバッグの装備（当事者B）": 0, "人身損傷程度（当事者A）": 4, "人身損傷程度（当事者B）": 2, "地点　緯度（北緯）": 34.43051028, "地点　経度（東経）": 132.2965561, "曜日(発生年月日)": 4, "祝日(発生年月日)": 3, "認知機能検査経過日数（当事者A）": 9999, "認知機能検査経過日数（当事者B）": 0, "運転練習の方法（当事者A）": 9, "運転練習の方法（当事者B）": 0, "field_69": null }, "geometry": { "type": "Point", "coordinates": [ 132.2965561, 34.43051028 ] } },
{ "type": "Feature", "properties": { "資料区分": 1, "都道府県コード": 73, "警察署等コード": 129, "本票番号": 50, "事故内容": 2, "死者数": 0, "負傷者数": 1, "路線コード": 22900, "地点コード": 0, "市区町村コード": 108, "発生日時　　年": 2024, "発生日時　　月": 3, "発生日時　　日": 28, "発生日時　　時": 18, "発生日時　　分": 54, "昼夜": 21, "日の出時刻　　時": 6, "日の出時刻　　分": 2, "日の入り時刻　　時": 18, "日の入り時刻　　分": 27, "天候": 3, "地形": 3, "路面状態": 2, "道路形状": 1, "信号機": 1, "一時停止規制　標識（当事者A）": 9, "一時停止規制　表示（当事者A）": 22, "一時停止規制　標識（当事者B）": 0, "一時停止規制　表示（当事者B）": 0, "車道幅員": 15, "道路線形": 9, "衝突地点": 30, "ゾーン規制": 70, "中央分離帯施設等": 5, "歩車道区分": 2, "事故類型": 1, "年齢（当事者A）": 45, "年齢（当事者B）": 35, "当事者種別（当事者A）": 3, "当事者種別（当事者B）": 61, "用途別（当事者A）": 31, "用途別（当事者B）": 0, "車両形状等（当事者A）": 1, "車両形状等（当事者B）": 0, "オートマチック車（当事者A）": 1, "オートマチック車（当事者B）": 0, "サポカー（当事者A）": 11, "サポカー（当事者B）": 0, "速度規制（指定のみ）（当事者A）": 3, "速度規制（指定のみ）（当事者B）": 0, "車両の衝突部位（当事者A）": 60, "車両の衝突部位（当事者B）": 0, "車両の損壊程度（当事者A）": 4, "車両の損壊程度（当事者B）": 0, "エアバッグの装備（当事者A）": 2, "エアバッグの装備（当事者B）": 0, "サイドエアバッグの装備（当事者A）": 2, "サイドエアバッグの装備（当事者B）": 0, "人身損傷程度（当事者A）": 4, "人身損傷程度（当事者B）": 2, "地点　緯度（北緯）": 34.38437, "地点　経度（東経）": 132.3583786, "曜日(発生年月日)": 5, "祝日(発生年月日)": 3, "認知機能検査経過日数（当事者A）": 9999, "認知機能検査経過日数（当事者B）": 0, "運転練習の方法（当事者A）": 1, "運転練習の方法（当事者B）": 0, "field_69": null }, "geometry": { "type": "Point", "coordinates": [ 132.3583786, 34.38437 ] } },
{ "type": "Feature", "properties": { "資料区分": 1, "都道府県コード": 73, "警察署等コード": 101, "本票番号": 68, "事故内容": 2, "死者数": 0, "負傷者数": 1, "路線コード": 37010, "地点コード": 0, "市区町村コード": 102, "発生日時　　年": 2024, "発生日時　　月": 2, "発生日時　　日": 26, "発生日時　　時": 14, "発生日時　　分": 48, "昼夜": 12, "日の出時刻　　時": 6, "日の出時刻　　分": 42, "日の入り時刻　　時": 18, "日の入り時刻　　分": 3, "天候": 1, "地形": 1, "路面状態": 1, "道路形状": 1, "信号機": 7, "一時停止規制　標識（当事者A）": 9, "一時停止規制　表示（当事者A）": 22, "一時停止規制　標識（当事者B）": 0, "一時停止規制　表示（当事者B）": 0, "車道幅員": 15, "道路線形": 9, "衝突地点": 30, "ゾーン規制": 70, "中央分離帯施設等": 5, "歩車道区分": 4, "事故類型": 1, "年齢（当事者A）": 55, "年齢（当事者B）": 1, "当事者種別（当事者A）": 3, "当事者種別（当事者B）": 61, "用途別（当事者A）": 31, "用途別（当事者B）": 0, "車両形状等（当事者A）": 1, "車両形状等（当事者B）": 0, "オートマチック車（当事者A）": 1, "オートマチック車（当事者B）": 0, "サポカー（当事者A）": 11, "サポカー（当事者B）": 0, "速度規制（指定のみ）（当事者A）": 2, "速度規制（指定のみ）（当事者B）": 0, "車両の衝突部位（当事者A）": 50, "車両の衝突部位（当事者B）": 0, "車両の損壊程度（当事者A）": 3, "車両の損壊程度（当事者B）": 0, "エアバッグの装備（当事者A）": 2, "エアバッグの装備（当事者B）": 0, "サイドエアバッグの装備（当事者A）": 2, "サイドエアバッグの装備（当事者B）": 0, "人身損傷程度（当事者A）": 4, "人身損傷程度（当事者B）": 2, "地点　緯度（北緯）": 34.39790444, "地点　経度（東経）": 132.4874072, "曜日(発生年月日)": 2, "祝日(発生年月日)": 3, "認知機能検査経過日数（当事者A）": 9999, "認知機能検査経過日数（当事者B）": 0, "運転練習の方法（当事者A）": 9, "運転練習の方法（当事者B）": 0, "field_69": null }, "geometry": { "type": "Point", "coordinates": [ 132.4874072, 34.39790444 ] } },
{ "type": "Feature", "properties": { "資料区分": 1, "都道府県コード": 73, "警察署等コード": 101, "本票番号": 74, "事故内容": 2, "死者数": 0, "負傷者数": 1, "路線コード": 37010, "地点コード": 0, "市区町村コード": 302, "発生日時　　年": 2024, "発生日時　　月": 3, "発生日時　　日": 23, "発生日時　　時": 9, "発生日時　　分": 5, "昼夜": 12, "日の出時刻　　時": 6, "日の出時刻　　分": 9, "日の入り時刻　　時": 18, "日の入り時刻　　分": 23, "天候": 3, "地形": 1, "路面状態": 1, "道路形状": 1, "信号機": 7, "一時停止規制　標識（当事者A）": 9, "一時停止規制　表示（当事者A）": 22, "一時停止規制　標識（当事者B）": 0, "一時停止規制　表示（当事者B）": 0, "車道幅員": 15, "道路線形": 1, "衝突地点": 30, "ゾーン規制": 70, "中央分離帯施設等": 5, "歩車道区分": 4, "事故類型": 1, "年齢（当事者A）": 55, "年齢（当事者B）": 45, "当事者種別（当事者A）": 3, "当事者種別（当事者B）": 61, "用途別（当事者A）": 31, "用途別（当事者B）": 0, "車両形状等（当事者A）": 1, "車両形状等（当事者B）": 0, "オートマチック車（当事者A）": 1, "オートマチック車（当事者B）": 0, "サポカー（当事者A）": 11, "サポカー（当事者B）": 0, "速度規制（指定のみ）（当事者A）": 10, "速度規制（指定のみ）（当事者B）": 0, "車両の衝突部位（当事者A）": 10, "車両の衝突部位（当事者B）": 0, "車両の損壊程度（当事者A）": 3, "車両の損壊程度（当事者B）": 0, "エアバッグの装備（当事者A）": 2, "エアバッグの装備（当事者B）": 0, "サイドエアバッグの装備（当事者A）": 2, "サイドエアバッグの装備（当事者B）": 0, "人身損傷程度（当事者A）": 4, "人身損傷程度（当事者B）": 2, "地点　緯度（北緯）": 34.38360806, "地点　経度（東経）": 132.505385, "曜日(発生年月日)": 7, "祝日(発生年月日)": 3, "認知機能検査経過日数（当事者A）": 9999, "認知機能検査経過日数（当事者B）": 0, "運転練習の方法（当事者A）": 9, "運転練習の方法（当事者B）": 0, "field_69": null }, "geometry": { "type": "Point", "coordinates": [ 132.505385, 34.38360806 ] } },
{ "type": "Feature", "properties": { "資料区分": 1, "都道府県コード": 73, "警察署等コード": 101, "本票番号": 83, "事故内容": 1, "死者数": 1, "負傷者数": 0, "路線コード": 14370, "地点コード": 0, "市区町村コード": 102, "発生日時　　年": 2024, "発生日時　　月": 4, "発生日時　　日": 26, "発生日時　　時": 5, "発生日時　　分": 48, "昼夜": 11, "日の出時刻　　時": 5, "日の出時刻　　分": 26, "日の入り時刻　　時": 18, "日の入り時刻　　分": 51, "天候": 1, "地形": 1, "路面状態": 1, "道路形状": 1, "信号機": 1, "一時停止規制　標識（当事者A）": 9, "一時停止規制　表示（当事者A）": 22, "一時停止規制　標識（当事者B）": 0, "一時停止規制　表示（当事者B）": 0, "車道幅員": 19, "道路線形": 9, "衝突地点": 30, "ゾーン規制": 70, "中央分離帯施設等": 5, "歩車道区分": 1, "事故類型": 1, "年齢（当事者A）": 45, "年齢（当事者B）": 75, "当事者種別（当事者A）": 3, "当事者種別（当事者B）": 61, "用途別（当事者A）": 31, "用途別（当事者B）": 0, "車両形状等（当事者A）": 1, "車両形状等（当事者B）": 0, "オートマチック車（当事者A）": 1, "オートマチック車（当事者B）": 0, "サポカー（当事者A）": 11, "サポカー（当事者B）": 0, "速度規制（指定のみ）（当事者A）": 4, "速度規制（指定のみ）（当事者B）": 0, "車両の衝突部位（当事者A）": 10, "車両の衝突部位（当事者B）": 0, "車両の損壊程度（当事者A）": 2, "車両の損壊程度（当事者B）": 0, "エアバッグの装備（当事者A）": 2, "エアバッグの装備（当事者B）": 0, "サイドエアバッグの装備（当事者A）": 2, "サイドエアバッグの装備（当事者B）": 0, "人身損傷程度（当事者A）": 4, "人身損傷程度（当事者B）": 1, "地点　緯度（北緯）": 34.43867639, "地点　経度（東経）": 132.4838239, "曜日(発生年月日)": 6, "祝日(発生年月日)": 3, "認知機能検査経過日数（当事者A）": 9999, "認知機能検査経過日数（当事者B）": 0, "運転練習の方法（当事者A）": 5, "運転練習の方法（当事者B）": 0, "field_69": null }, "geometry": { "type": "Point", "coordinates": [ 132.4838239, 34.43867639 ] } },
{ "type": "Feature", "properties": { "資料区分": 1, "都道府県コード": 73, "警察署等コード": 102, "本票番号": 127, "事故内容": 2, "死者数": 0, "負傷者数": 1, "路線コード": 37020, "地点コード": 0, "市区町村コード": 101, "発生日時　　年": 2024, "発生日時　　月": 3, "発生日時　　日": 17, "発生日時　　時": 19, "発生日時　　分": 5, "昼夜": 21, "日の出時刻　　時": 6, "日の出時刻　　分": 18, "日の入り時刻　　時": 18, "日の入り時刻　　分": 19, "天候": 2, "地形": 1, "路面状態": 1, "道路形状": 1, "信号機": 7, "一時停止規制　標識（当事者A）": 9, "一時停止規制　表示（当事者A）": 22, "一時停止規制　標識（当事者B）": 0, "一時停止規制　表示（当事者B）": 0, "車道幅員": 15, "道路線形": 9, "衝突地点": 30, "ゾーン規制": 70, "中央分離帯施設等": 4, "歩車道区分": 2, "事故類型": 1, "年齢（当事者A）": 65, "年齢（当事者B）": 35, "当事者種別（当事者A）": 3, "当事者種別（当事者B）": 61, "用途別（当事者A）": 1, "用途別（当事者B）": 0, "車両形状等（当事者A）": 1, "車両形状等（当事者B）": 0, "オートマチック車（当事者A）": 1, "オートマチック車（当事者B）": 0, "サポカー（当事者A）": 11, "サポカー（当事者B）": 0, "速度規制（指定のみ）（当事者A）": 2, "速度規制（指定のみ）（当事者B）": 0, "車両の衝突部位（当事者A）": 80, "車両の衝突部位（当事者B）": 0, "車両の損壊程度（当事者A）": 3, "車両の損壊程度（当事者B）": 0, "エアバッグの装備（当事者A）": 2, "エアバッグの装備（当事者B）": 0, "サイドエアバッグの装備（当事者A）": 2, "サイドエアバッグの装備（当事者B）": 0, "人身損傷程度（当事者A）": 4, "人身損傷程度（当事者B）": 2, "地点　緯度（北緯）": 34.39183556, "地点　経度（東経）": 132.4614761, "曜日(発生年月日)": 1, "祝日(発生年月日)": 3, "認知機能検査経過日数（当事者A）": 9999, "認知機能検査経過日数（当事者B）": 0, "運転練習の方法（当事者A）": 9, "運転練習の方法（当事者B）": 0, "field_69": null }, "geometry": { "type": "Point", "coordinates": [ 132.4614761, 34.39183556 ] } },
{ "type": "Feature", "properties": { "資料区分": 1, "都道府県コード": 73, "警察署等コード": 102, "本票番号": 128, "事故内容": 2, "死者数": 0, "負傷者数": 1, "路線コード": 37020, "地点コード": 0, "市区町村コード": 101, "発生日時　　年": 2024, "発生日時　　月": 3, "発生日時　　日": 24, "発生日時　　時": 3, "発生日時　　分": 20, "昼夜": 22, "日の出時刻　　時": 6, "日の出時刻　　分": 8, "日の入り時刻　　時": 18, "日の入り時刻　　分": 24, "天候": 3, "地形": 1, "路面状態": 2, "道路形状": 7, "信号機": 7, "一時停止規制　標識（当事者A）": 0, "一時停止規制　表示（当事者A）": 0, "一時停止規制　標識（当事者B）": 0, "一時停止規制　表示（当事者B）": 0, "車道幅員": 3, "道路線形": 9, "衝突地点": 1, "ゾーン規制": 70, "中央分離帯施設等": 5, "歩車道区分": 4, "事故類型": 1, "年齢（当事者A）": 55, "年齢（当事者B）": 25, "当事者種別（当事者A）": 36, "当事者種別（当事者B）": 61, "用途別（当事者A）": 31, "用途別（当事者B）": 0, "車両形状等（当事者A）": 0, "車両形状等（当事者B）": 0, "オートマチック車（当事者A）": 0, "オートマチック車（当事者B）": 0, "サポカー（当事者A）": 11, "サポカー（当事者B）": 0, "速度規制（指定のみ）（当事者A）": 10, "速度規制（指定のみ）（当事者B）": 0, "車両の衝突部位（当事者A）": 10, "車両の衝突部位（当事者B）": 0, "車両の損壊程度（当事者A）": 3, "車両の損壊程度（当事者B）": 0, "エアバッグの装備（当事者A）": 0, "エアバッグの装備（当事者B）": 0, "サイドエアバッグの装備（当事者A）": 0, "サイドエアバッグの装備（当事者B）": 0, "人身損傷程度（当事者A）": 4, "人身損傷程度（当事者B）": 2, "地点　緯度（北緯）": 34.3727975, "地点　経度（東経）": 132.4458558, "曜日(発生年月日)": 1, "祝日(発生年月日)": 3, "認知機能検査経過日数（当事者A）": 9999, "認知機能検査経過日数（当事者B）": 0, "運転練習の方法（当事者A）": 9, "運転練習の方法（当事者B）": 0, "field_69": null }, "geometry": { "type": "Point", "coordinates": [ 132.4458558, 34.3727975 ] } },
{ "type": "Feature", "properties": { "資料区分": 1, "都道府県コード": 73, "警察署等コード": 102, "本票番号": 136, "事故内容": 2, "死者数": 0, "負傷者数": 1, "路線コード": 99000, "地点コード": 0, "市区町村コード": 101, "発生日時　　年": 2024, "発生日時　　月": 4, "発生日時　　日": 12, "発生日時　　時": 10, "発生日時　　分": 39, "昼夜": 12, "日の出時刻　　時": 5, "日の出時刻　　分": 43, "日の入り時刻　　時": 18, "日の入り時刻　　分": 40, "天候": 1, "地形": 1, "路面状態": 1, "道路形状": 0, "信号機": 7, "一時停止規制　標識（当事者A）": 0, "一時停止規制　表示（当事者A）": 0, "一時停止規制　標識（当事者B）": 0, "一時停止規制　表示（当事者B）": 0, "車道幅員": 0, "道路線形": 0, "衝突地点": 20, "ゾーン規制": 70, "中央分離帯施設等": 0, "歩車道区分": 4, "事故類型": 1, "年齢（当事者A）": 75, "年齢（当事者B）": 75, "当事者種別（当事者A）": 4, "当事者種別（当事者B）": 61, "用途別（当事者A）": 31, "用途別（当事者B）": 0, "車両形状等（当事者A）": 1, "車両形状等（当事者B）": 0, "オートマチック車（当事者A）": 1, "オートマチック車（当事者B）": 0, "サポカー（当事者A）": 11, "サポカー（当事者B）": 0, "速度規制（指定のみ）（当事者A）": 10, "速度規制（指定のみ）（当事者B）": 0, "車両の衝突部位（当事者A）": 20, "車両の衝突部位（当事者B）": 0, "車両の損壊程度（当事者A）": 4, "車両の損壊程度（当事者B）": 0, "エアバッグの装備（当事者A）": 2, "エアバッグの装備（当事者B）": 0, "サイドエアバッグの装備（当事者A）": 2, "サイドエアバッグの装備（当事者B）": 0, "人身損傷程度（当事者A）": 4, "人身損傷程度（当事者B）": 2, "地点　緯度（北緯）": 34.41039333, "地点　経度（東経）": 132.4620647, "曜日(発生年月日)": 6, "祝日(発生年月日)": 3, "認知機能検査経過日数（当事者A）": 592, "認知機能検査経過日数（当事者B）": 0, "運転練習の方法（当事者A）": 9, "運転練習の方法（当事者B）": 0, "field_69": null }, "geometry": { "type": "Point", "coordinates": [ 132.462064700000013, 34.41039333 ] } },
{ "type": "Feature", "properties": { "資料区分": 1, "都道府県コード": 73, "警察署等コード": 102, "本票番号": 145, "事故内容": 2, "死者数": 0, "負傷者数": 1, "路線コード": 540, "地点コード": 1, "市区町村コード": 101, "発生日時　　年": 2024, "発生日時　　月": 3, "発生日時　　日": 17, "発生日時　　時": 1, "発生日時　　分": 35, "昼夜": 22, "日の出時刻　　時": 6, "日の出時刻　　分": 18, "日の入り時刻　　時": 18, "日の入り時刻　　分": 19, "天候": 1, "地形": 1, "路面状態": 1, "道路形状": 14, "信号機": 1, "一時停止規制　標識（当事者A）": 0, "一時停止規制　表示（当事者A）": 0, "一時停止規制　標識（当事者B）": 0, "一時停止規制　表示（当事者B）": 0, "車道幅員": 6, "道路線形": 9, "衝突地点": 1, "ゾーン規制": 70, "中央分離帯施設等": 1, "歩車道区分": 2, "事故類型": 1, "年齢（当事者A）": 65, "年齢（当事者B）": 55, "当事者種別（当事者A）": 3, "当事者種別（当事者B）": 61, "用途別（当事者A）": 1, "用途別（当事者B）": 0, "車両形状等（当事者A）": 1, "車両形状等（当事者B）": 0, "オートマチック車（当事者A）": 1, "オートマチック車（当事者B）": 0, "サポカー（当事者A）": 11, "サポカー（当事者B）": 0, "速度規制（指定のみ）（当事者A）": 4, "速度規制（指定のみ）（当事者B）": 0, "車両の衝突部位（当事者A）": 10, "車両の衝突部位（当事者B）": 0, "車両の損壊程度（当事者A）": 3, "車両の損壊程度（当事者B）": 0, "エアバッグの装備（当事者A）": 2, "エアバッグの装備（当事者B）": 0, "サイドエアバッグの装備（当事者A）": 2, "サイドエアバッグの装備（当事者B）": 0, "人身損傷程度（当事者A）": 4, "人身損傷程度（当事者B）": 2, "地点　緯度（北緯）": 34.39684722, "地点　経度（東経）": 132.4580639, "曜日(発生年月日)": 1, "祝日(発生年月日)": 3, "認知機能検査経過日数（当事者A）": 9999, "認知機能検査経過日数（当事者B）": 0, "運転練習の方法（当事者A）": 9, "運転練習の方法（当事者B）": 0, "field_69": null }, "geometry": { "type": "Point", "coordinates": [ 132.458063900000013, 34.39684722 ] } },
{ "type": "Feature", "properties": { "資料区分": 1, "都道府県コード": 73, "警察署等コード": 102, "本票番号": 146, "事故内容": 2, "死者数": 0, "負傷者数": 1, "路線コード": 99000, "地点コード": 0, "市区町村コード": 101, "発生日時　　年": 2024, "発生日時　　月": 3, "発生日時　　日": 16, "発生日時　　時": 19, "発生日時　　分": 26, "昼夜": 22, "日の出時刻　　時": 6, "日の出時刻　　分": 19, "日の入り時刻　　時": 18, "日の入り時刻　　分": 18, "天候": 1, "地形": 1, "路面状態": 1, "道路形状": 0, "信号機": 7, "一時停止規制　標識（当事者A）": 0, "一時停止規制　表示（当事者A）": 0, "一時停止規制　標識（当事者B）": 0, "一時停止規制　表示（当事者B）": 0, "車道幅員": 0, "道路線形": 0, "衝突地点": 20, "ゾーン規制": 70, "中央分離帯施設等": 0, "歩車道区分": 2, "事故類型": 1, "年齢（当事者A）": 55, "年齢（当事者B）": 55, "当事者種別（当事者A）": 13, "当事者種別（当事者B）": 61, "用途別（当事者A）": 31, "用途別（当事者B）": 0, "車両形状等（当事者A）": 11, "車両形状等（当事者B）": 0, "オートマチック車（当事者A）": 1, "オートマチック車（当事者B）": 0, "サポカー（当事者A）": 11, "サポカー（当事者B）": 0, "速度規制（指定のみ）（当事者A）": 10, "速度規制（指定のみ）（当事者B）": 0, "車両の衝突部位（当事者A）": 20, "車両の衝突部位（当事者B）": 0, "車両の損壊程度（当事者A）": 3, "車両の損壊程度（当事者B）": 0, "エアバッグの装備（当事者A）": 2, "エアバッグの装備（当事者B）": 0, "サイドエアバッグの装備（当事者A）": 2, "サイドエアバッグの装備（当事者B）": 0, "人身損傷程度（当事者A）": 4, "人身損傷程度（当事者B）": 2, "地点　緯度（北緯）": 34.37594722, "地点　経度（東経）": 132.4373222, "曜日(発生年月日)": 7, "祝日(発生年月日)": 3, "認知機能検査経過日数（当事者A）": 9999, "認知機能検査経過日数（当事者B）": 0, "運転練習の方法（当事者A）": 9, "運転練習の方法（当事者B）": 0, "field_69": null }, "geometry": { "type": "Point", "coordinates": [ 132.437322200000011, 34.37594722 ] } },
{ "type": "Feature", "properties": { "資料区分": 1, "都道府県コード": 73, "警察署等コード": 103, "本票番号": 77, "事故内容": 2, "死者数": 0, "負傷者数": 1, "路線コード": 21640, "地点コード": 0, "市区町村コード": 103, "発生日時　　年": 2023, "発生日時　　月": 12, "発生日時　　日": 30, "発生日時　　時": 23, "発生日時　　分": 45, "昼夜": 22, "日の出時刻　　時": 7, "日の出時刻　　分": 16, "日の入り時刻　　時": 17, "日の入り時刻　　分": 10, "天候": 2, "地形": 2, "路面状態": 2, "道路形状": 14, "信号機": 7, "一時停止規制　標識（当事者A）": 0, "一時停止規制　表示（当事者A）": 0, "一時停止規制　標識（当事者B）": 0, "一時停止規制　表示（当事者B）": 0, "車道幅員": 4, "道路線形": 9, "衝突地点": 1, "ゾーン規制": 70, "中央分離帯施設等": 4, "歩車道区分": 2, "事故類型": 1, "年齢（当事者A）": 55, "年齢（当事者B）": 25, "当事者種別（当事者A）": 51, "当事者種別（当事者B）": 61, "用途別（当事者A）": 41, "用途別（当事者B）": 0, "車両形状等（当事者A）": 0, "車両形状等（当事者B）": 0, "オートマチック車（当事者A）": 0, "オートマチック車（当事者B）": 0, "サポカー（当事者A）": 0, "サポカー（当事者B）": 0, "速度規制（指定のみ）（当事者A）": 0, "速度規制（指定のみ）（当事者B）": 0, "車両の衝突部位（当事者A）": 10, "車両の衝突部位（当事者B）": 0, "車両の損壊程度（当事者A）": 4, "車両の損壊程度（当事者B）": 0, "エアバッグの装備（当事者A）": 0, "エアバッグの装備（当事者B）": 0, "サイドエアバッグの装備（当事者A）": 0, "サイドエアバッグの装備（当事者B）": 0, "人身損傷程度（当事者A）": 4, "人身損傷程度（当事者B）": 2, "地点　緯度（北緯）": 34.38784, "地点　経度（東経）": 132.4918333, "曜日(発生年月日)": 7, "祝日(発生年月日)": 3, "認知機能検査経過日数（当事者A）": 0, "認知機能検査経過日数（当事者B）": 0, "運転練習の方法（当事者A）": 0, "運転練習の方法（当事者B）": 0, "field_69": null }, "geometry": { "type": "Point", "coordinates": [ 132.4918333, 34.38784 ] } },
{ "type": "Feature", "properties": { "資料区分": 1, "都道府県コード": 73, "警察署等コード": 103, "本票番号": 80, "事故内容": 2, "死者数": 0, "負傷者数": 1, "路線コード": 99000, "地点コード": 0, "市区町村コード": 103, "発生日時　　年": 2024, "発生日時　　月": 4, "発生日時　　日": 3, "発生日時　　時": 11, "発生日時　　分": 0, "昼夜": 12, "日の出時刻　　時": 5, "日の出時刻　　分": 55, "日の入り時刻　　時": 18, "日の入り時刻　　分": 33, "天候": 3, "地形": 1, "路面状態": 2, "道路形状": 0, "信号機": 7, "一時停止規制　標識（当事者A）": 0, "一時停止規制　表示（当事者A）": 0, "一時停止規制　標識（当事者B）": 0, "一時停止規制　表示（当事者B）": 0, "車道幅員": 0, "道路線形": 0, "衝突地点": 20, "ゾーン規制": 70, "中央分離帯施設等": 0, "歩車道区分": 4, "事故類型": 1, "年齢（当事者A）": 75, "年齢（当事者B）": 45, "当事者種別（当事者A）": 3, "当事者種別（当事者B）": 61, "用途別（当事者A）": 31, "用途別（当事者B）": 0, "車両形状等（当事者A）": 1, "車両形状等（当事者B）": 0, "オートマチック車（当事者A）": 1, "オートマチック車（当事者B）": 0, "サポカー（当事者A）": 11, "サポカー（当事者B）": 0, "速度規制（指定のみ）（当事者A）": 10, "速度規制（指定のみ）（当事者B）": 0, "車両の衝突部位（当事者A）": 60, "車両の衝突部位（当事者B）": 0, "車両の損壊程度（当事者A）": 4, "車両の損壊程度（当事者B）": 0, "エアバッグの装備（当事者A）": 2, "エアバッグの装備（当事者B）": 0, "サイドエアバッグの装備（当事者A）": 2, "サイドエアバッグの装備（当事者B）": 0, "人身損傷程度（当事者A）": 4, "人身損傷程度（当事者B）": 2, "地点　緯度（北緯）": 34.36734889, "地点　経度（東経）": 132.4667692, "曜日(発生年月日)": 4, "祝日(発生年月日)": 3, "認知機能検査経過日数（当事者A）": 355, "認知機能検査経過日数（当事者B）": 0, "運転練習の方法（当事者A）": 9, "運転練習の方法（当事者B）": 0, "field_69": null }, "geometry": { "type": "Point", "coordinates": [ 132.466769199999987, 34.36734889 ] } },
{ "type": "Feature", "properties": { "資料区分": 1, "都道府県コード": 73, "警察署等コード": 103, "本票番号": 91, "事故内容": 2, "死者数": 0, "負傷者数": 1, "路線コード": 37030, "地点コード": 0, "市区町村コード": 103, "発生日時　　年": 2024, "発生日時　　月": 3, "発生日時　　日": 10, "発生日時　　時": 10, "発生日時　　分": 50, "昼夜": 12, "日の出時刻　　時": 6, "日の出時刻　　分": 27, "日の入り時刻　　時": 18, "日の入り時刻　　分": 13, "天候": 1, "地形": 1, "路面状態": 1, "道路形状": 1, "信号機": 1, "一時停止規制　標識（当事者A）": 9, "一時停止規制　表示（当事者A）": 22, "一時停止規制　標識（当事者B）": 0, "一時停止規制　表示（当事者B）": 0, "車道幅員": 15, "道路線形": 9, "衝突地点": 30, "ゾーン規制": 70, "中央分離帯施設等": 5, "歩車道区分": 4, "事故類型": 1, "年齢（当事者A）": 65, "年齢（当事者B）": 75, "当事者種別（当事者A）": 4, "当事者種別（当事者B）": 61, "用途別（当事者A）": 31, "用途別（当事者B）": 0, "車両形状等（当事者A）": 1, "車両形状等（当事者B）": 0, "オートマチック車（当事者A）": 1, "オートマチック車（当事者B）": 0, "サポカー（当事者A）": 11, "サポカー（当事者B）": 0, "速度規制（指定のみ）（当事者A）": 2, "速度規制（指定のみ）（当事者B）": 0, "車両の衝突部位（当事者A）": 50, "車両の衝突部位（当事者B）": 0, "車両の損壊程度（当事者A）": 3, "車両の損壊程度（当事者B）": 0, "エアバッグの装備（当事者A）": 2, "エアバッグの装備（当事者B）": 0, "サイドエアバッグの装備（当事者A）": 2, "サイドエアバッグの装備（当事者B）": 0, "人身損傷程度（当事者A）": 4, "人身損傷程度（当事者B）": 2, "地点　緯度（北緯）": 34.36719889, "地点　経度（東経）": 132.4613744, "曜日(発生年月日)": 1, "祝日(発生年月日)": 3, "認知機能検査経過日数（当事者A）": 9999, "認知機能検査経過日数（当事者B）": 0, "運転練習の方法（当事者A）": 9, "運転練習の方法（当事者B）": 0, "field_69": null }, "geometry": { "type": "Point", "coordinates": [ 132.461374400000011, 34.36719889 ] } },
{ "type": "Feature", "properties": { "資料区分": 1, "都道府県コード": 73, "警察署等コード": 104, "本票番号": 37, "事故内容": 2, "死者数": 0, "負傷者数": 1, "路線コード": 37040, "地点コード": 0, "市区町村コード": 202, "発生日時　　年": 2024, "発生日時　　月": 3, "発生日時　　日": 21, "発生日時　　時": 8, "発生日時　　分": 0, "昼夜": 12, "日の出時刻　　時": 6, "日の出時刻　　分": 12, "日の入り時刻　　時": 18, "日の入り時刻　　分": 22, "天候": 2, "地形": 3, "路面状態": 1, "道路形状": 7, "信号機": 7, "一時停止規制　標識（当事者A）": 0, "一時停止規制　表示（当事者A）": 0, "一時停止規制　標識（当事者B）": 0, "一時停止規制　表示（当事者B）": 0, "車道幅員": 2, "道路線形": 9, "衝突地点": 1, "ゾーン規制": 70, "中央分離帯施設等": 5, "歩車道区分": 4, "事故類型": 1, "年齢（当事者A）": 35, "年齢（当事者B）": 75, "当事者種別（当事者A）": 3, "当事者種別（当事者B）": 61, "用途別（当事者A）": 31, "用途別（当事者B）": 0, "車両形状等（当事者A）": 1, "車両形状等（当事者B）": 0, "オートマチック車（当事者A）": 1, "オートマチック車（当事者B）": 0, "サポカー（当事者A）": 11, "サポカー（当事者B）": 0, "速度規制（指定のみ）（当事者A）": 10, "速度規制（指定のみ）（当事者B）": 0, "車両の衝突部位（当事者A）": 30, "車両の衝突部位（当事者B）": 0, "車両の損壊程度（当事者A）": 3, "車両の損壊程度（当事者B）": 0, "エアバッグの装備（当事者A）": 2, "エアバッグの装備（当事者B）": 0, "サイドエアバッグの装備（当事者A）": 2, "サイドエアバッグの装備（当事者B）": 0, "人身損傷程度（当事者A）": 4, "人身損傷程度（当事者B）": 2, "地点　緯度（北緯）": 34.26056083, "地点　経度（東経）": 132.5278581, "曜日(発生年月日)": 5, "祝日(発生年月日)": 3, "認知機能検査経過日数（当事者A）": 9999, "認知機能検査経過日数（当事者B）": 0, "運転練習の方法（当事者A）": 1, "運転練習の方法（当事者B）": 0, "field_69": null }, "geometry": { "type": "Point", "coordinates": [ 132.5278581, 34.26056083 ] } },
{ "type": "Feature", "properties": { "資料区分": 1, "都道府県コード": 73, "警察署等コード": 104, "本票番号": 42, "事故内容": 2, "死者数": 0, "負傷者数": 1, "路線コード": 37040, "地点コード": 0, "市区町村コード": 202, "発生日時　　年": 2024, "発生日時　　月": 2, "発生日時　　日": 6, "発生日時　　時": 19, "発生日時　　分": 37, "昼夜": 22, "日の出時刻　　時": 7, "日の出時刻　　分": 3, "日の入り時刻　　時": 17, "日の入り時刻　　分": 44, "天候": 1, "地形": 1, "路面状態": 1, "道路形状": 7, "信号機": 1, "一時停止規制　標識（当事者A）": 0, "一時停止規制　表示（当事者A）": 0, "一時停止規制　標識（当事者B）": 0, "一時停止規制　表示（当事者B）": 0, "車道幅員": 6, "道路線形": 8, "衝突地点": 1, "ゾーン規制": 70, "中央分離帯施設等": 1, "歩車道区分": 2, "事故類型": 1, "年齢（当事者A）": 35, "年齢（当事者B）": 35, "当事者種別（当事者A）": 3, "当事者種別（当事者B）": 61, "用途別（当事者A）": 31, "用途別（当事者B）": 0, "車両形状等（当事者A）": 1, "車両形状等（当事者B）": 0, "オートマチック車（当事者A）": 1, "オートマチック車（当事者B）": 0, "サポカー（当事者A）": 11, "サポカー（当事者B）": 0, "速度規制（指定のみ）（当事者A）": 4, "速度規制（指定のみ）（当事者B）": 0, "車両の衝突部位（当事者A）": 80, "車両の衝突部位（当事者B）": 0, "車両の損壊程度（当事者A）": 3, "車両の損壊程度（当事者B）": 0, "エアバッグの装備（当事者A）": 2, "エアバッグの装備（当事者B）": 0, "サイドエアバッグの装備（当事者A）": 2, "サイドエアバッグの装備（当事者B）": 0, "人身損傷程度（当事者A）": 4, "人身損傷程度（当事者B）": 2, "地点　緯度（北緯）": 34.24853972, "地点　経度（東経）": 132.5687156, "曜日(発生年月日)": 3, "祝日(発生年月日)": 3, "認知機能検査経過日数（当事者A）": 9999, "認知機能検査経過日数（当事者B）": 0, "運転練習の方法（当事者A）": 1, "運転練習の方法（当事者B）": 0, "field_69": null }, "geometry": { "type": "Point", "coordinates": [ 132.5687156, 34.24853972 ] } },
{ "type": "Feature", "properties": { "資料区分": 1, "都道府県コード": 73, "警察署等コード": 104, "本票番号": 45, "事故内容": 2, "死者数": 0, "負傷者数": 1, "路線コード": 21740, "地点コード": 0, "市区町村コード": 202, "発生日時　　年": 2024, "発生日時　　月": 4, "発生日時　　日": 16, "発生日時　　時": 8, "発生日時　　分": 40, "昼夜": 12, "日の出時刻　　時": 5, "日の出時刻　　分": 38, "日の入り時刻　　時": 18, "日の入り時刻　　分": 43, "天候": 1, "地形": 3, "路面状態": 1, "道路形状": 14, "信号機": 7, "一時停止規制　標識（当事者A）": 0, "一時停止規制　表示（当事者A）": 0, "一時停止規制　標識（当事者B）": 0, "一時停止規制　表示（当事者B）": 0, "車道幅員": 3, "道路線形": 9, "衝突地点": 1, "ゾーン規制": 70, "中央分離帯施設等": 4, "歩車道区分": 2, "事故類型": 1, "年齢（当事者A）": 75, "年齢（当事者B）": 25, "当事者種別（当事者A）": 4, "当事者種別（当事者B）": 61, "用途別（当事者A）": 31, "用途別（当事者B）": 0, "車両形状等（当事者A）": 1, "車両形状等（当事者B）": 0, "オートマチック車（当事者A）": 1, "オートマチック車（当事者B）": 0, "サポカー（当事者A）": 11, "サポカー（当事者B）": 0, "速度規制（指定のみ）（当事者A）": 3, "速度規制（指定のみ）（当事者B）": 0, "車両の衝突部位（当事者A）": 80, "車両の衝突部位（当事者B）": 0, "車両の損壊程度（当事者A）": 3, "車両の損壊程度（当事者B）": 0, "エアバッグの装備（当事者A）": 2, "エアバッグの装備（当事者B）": 0, "サイドエアバッグの装備（当事者A）": 2, "サイドエアバッグの装備（当事者B）": 0, "人身損傷程度（当事者A）": 4, "人身損傷程度（当事者B）": 2, "地点　緯度（北緯）": 34.29718417, "地点　経度（東経）": 132.5842925, "曜日(発生年月日)": 3, "祝日(発生年月日)": 3, "認知機能検査経過日数（当事者A）": 673, "認知機能検査経過日数（当事者B）": 0, "運転練習の方法（当事者A）": 9, "運転練習の方法（当事者B）": 0, "field_69": null }, "geometry": { "type": "Point", "coordinates": [ 132.5842925, 34.29718417 ] } },
{ "type": "Feature", "properties": { "資料区分": 1, "都道府県コード": 73, "警察署等コード": 107, "本票番号": 49, "事故内容": 2, "死者数": 0, "負傷者数": 1, "路線コード": 14340, "地点コード": 0, "市区町村コード": 107, "発生日時　　年": 2024, "発生日時　　月": 3, "発生日時　　日": 26, "発生日時　　時": 14, "発生日時　　分": 45, "昼夜": 12, "日の出時刻　　時": 6, "日の出時刻　　分": 5, "日の入り時刻　　時": 18, "日の入り時刻　　分": 26, "天候": 1, "地形": 2, "路面状態": 1, "道路形状": 1, "信号機": 1, "一時停止規制　標識（当事者A）": 9, "一時停止規制　表示（当事者A）": 22, "一時停止規制　標識（当事者B）": 0, "一時停止規制　表示（当事者B）": 0, "車道幅員": 15, "道路線形": 9, "衝突地点": 30, "ゾーン規制": 70, "中央分離帯施設等": 5, "歩車道区分": 2, "事故類型": 1, "年齢（当事者A）": 75, "年齢（当事者B）": 75, "当事者種別（当事者A）": 3, "当事者種別（当事者B）": 61, "用途別（当事者A）": 31, "用途別（当事者B）": 0, "車両形状等（当事者A）": 1, "車両形状等（当事者B）": 0, "オートマチック車（当事者A）": 1, "オートマチック車（当事者B）": 0, "サポカー（当事者A）": 11, "サポカー（当事者B）": 0, "速度規制（指定のみ）（当事者A）": 3, "速度規制（指定のみ）（当事者B）": 0, "車両の衝突部位（当事者A）": 50, "車両の衝突部位（当事者B）": 0, "車両の損壊程度（当事者A）": 3, "車両の損壊程度（当事者B）": 0, "エアバッグの装備（当事者A）": 2, "エアバッグの装備（当事者B）": 0, "サイドエアバッグの装備（当事者A）": 2, "サイドエアバッグの装備（当事者B）": 0, "人身損傷程度（当事者A）": 4, "人身損傷程度（当事者B）": 2, "地点　緯度（北緯）": 34.33894278, "地点　経度（東経）": 132.5403603, "曜日(発生年月日)": 3, "祝日(発生年月日)": 3, "認知機能検査経過日数（当事者A）": 467, "認知機能検査経過日数（当事者B）": 0, "運転練習の方法（当事者A）": 9, "運転練習の方法（当事者B）": 0, "field_69": null }, "geometry": { "type": "Point", "coordinates": [ 132.5403603, 34.33894278 ] } },
{ "type": "Feature", "properties": { "資料区分": 1, "都道府県コード": 73, "警察署等コード": 108, "本票番号": 43, "事故内容": 2, "死者数": 0, "負傷者数": 1, "路線コード": 37080, "地点コード": 0, "市区町村コード": 213, "発生日時　　年": 2024, "発生日時　　月": 4, "発生日時　　日": 15, "発生日時　　時": 7, "発生日時　　分": 52, "昼夜": 12, "日の出時刻　　時": 5, "日の出時刻　　分": 39, "日の入り時刻　　時": 18, "日の入り時刻　　分": 42, "天候": 2, "地形": 1, "路面状態": 1, "道路形状": 14, "信号機": 7, "一時停止規制　標識（当事者A）": 0, "一時停止規制　表示（当事者A）": 0, "一時停止規制　標識（当事者B）": 0, "一時停止規制　表示（当事者B）": 0, "車道幅員": 3, "道路線形": 9, "衝突地点": 1, "ゾーン規制": 70, "中央分離帯施設等": 5, "歩車道区分": 3, "事故類型": 1, "年齢（当事者A）": 45, "年齢（当事者B）": 1, "当事者種別（当事者A）": 4, "当事者種別（当事者B）": 61, "用途別（当事者A）": 31, "用途別（当事者B）": 0, "車両形状等（当事者A）": 1, "車両形状等（当事者B）": 0, "オートマチック車（当事者A）": 1, "オートマチック車（当事者B）": 0, "サポカー（当事者A）": 11, "サポカー（当事者B）": 0, "速度規制（指定のみ）（当事者A）": 2, "速度規制（指定のみ）（当事者B）": 0, "車両の衝突部位（当事者A）": 40, "車両の衝突部位（当事者B）": 0, "車両の損壊程度（当事者A）": 3, "車両の損壊程度（当事者B）": 0, "エアバッグの装備（当事者A）": 2, "エアバッグの装備（当事者B）": 0, "サイドエアバッグの装備（当事者A）": 2, "サイドエアバッグの装備（当事者B）": 0, "人身損傷程度（当事者A）": 4, "人身損傷程度（当事者B）": 2, "地点　緯度（北緯）": 34.28607028, "地点　経度（東経）": 132.2661325, "曜日(発生年月日)": 2, "祝日(発生年月日)": 3, "認知機能検査経過日数（当事者A）": 9999, "認知機能検査経過日数（当事者B）": 0, "運転練習の方法（当事者A）": 5, "運転練習の方法（当事者B）": 0, "field_69": null }, "geometry": { "type": "Point", "coordinates": [ 132.2661325, 34.28607028 ] } },
{ "type": "Feature", "properties": { "資料区分": 1, "都道府県コード": 73, "警察署等コード": 110, "本票番号": 8, "事故内容": 2, "死者数": 0, "負傷者数": 1, "路線コード": 1850, "地点コード": 469, "市区町村コード": 203, "発生日時　　年": 2024, "発生日時　　月": 2, "発生日時　　日": 8, "発生日時　　時": 5, "発生日時　　分": 57, "昼夜": 22, "日の出時刻　　時": 7, "日の出時刻　　分": 2, "日の入り時刻　　時": 17, "日の入り時刻　　分": 46, "天候": 1, "地形": 3, "路面状態": 1, "道路形状": 14, "信号機": 7, "一時停止規制　標識（当事者A）": 0, "一時停止規制　表示（当事者A）": 0, "一時停止規制　標識（当事者B）": 0, "一時停止規制　表示（当事者B）": 0, "車道幅員": 3, "道路線形": 8, "衝突地点": 1, "ゾーン規制": 70, "中央分離帯施設等": 4, "歩車道区分": 2, "事故類型": 1, "年齢（当事者A）": 45, "年齢（当事者B）": 75, "当事者種別（当事者A）": 4, "当事者種別（当事者B）": 61, "用途別（当事者A）": 31, "用途別（当事者B）": 0, "車両形状等（当事者A）": 1, "車両形状等（当事者B）": 0, "オートマチック車（当事者A）": 1, "オートマチック車（当事者B）": 0, "サポカー（当事者A）": 11, "サポカー（当事者B）": 0, "速度規制（指定のみ）（当事者A）": 4, "速度規制（指定のみ）（当事者B）": 0, "車両の衝突部位（当事者A）": 10, "車両の衝突部位（当事者B）": 0, "車両の損壊程度（当事者A）": 3, "車両の損壊程度（当事者B）": 0, "エアバッグの装備（当事者A）": 2, "エアバッグの装備（当事者B）": 0, "サイドエアバッグの装備（当事者A）": 2, "サイドエアバッグの装備（当事者B）": 0, "人身損傷程度（当事者A）": 4, "人身損傷程度（当事者B）": 2, "地点　緯度（北緯）": 34.32745472, "地点　経度（東経）": 132.9221453, "曜日(発生年月日)": 5, "祝日(発生年月日)": 3, "認知機能検査経過日数（当事者A）": 9999, "認知機能検査経過日数（当事者B）": 0, "運転練習の方法（当事者A）": 1, "運転練習の方法（当事者B）": 0, "field_69": null }, "geometry": { "type": "Point", "coordinates": [ 132.922145300000011, 34.32745472 ] } },
{ "type": "Feature", "properties": { "資料区分": 1, "都道府県コード": 73, "警察署等コード": 111, "本票番号": 51, "事故内容": 2, "死者数": 0, "負傷者数": 1, "路線コード": 1850, "地点コード": 167, "市区町村コード": 202, "発生日時　　年": 2024, "発生日時　　月": 4, "発生日時　　日": 3, "発生日時　　時": 21, "発生日時　　分": 35, "昼夜": 22, "日の出時刻　　時": 5, "日の出時刻　　分": 55, "日の入り時刻　　時": 18, "日の入り時刻　　分": 33, "天候": 3, "地形": 2, "路面状態": 2, "道路形状": 1, "信号機": 1, "一時停止規制　標識（当事者A）": 9, "一時停止規制　表示（当事者A）": 22, "一時停止規制　標識（当事者B）": 0, "一時停止規制　表示（当事者B）": 0, "車道幅員": 15, "道路線形": 9, "衝突地点": 30, "ゾーン規制": 70, "中央分離帯施設等": 5, "歩車道区分": 2, "事故類型": 1, "年齢（当事者A）": 75, "年齢（当事者B）": 1, "当事者種別（当事者A）": 4, "当事者種別（当事者B）": 61, "用途別（当事者A）": 31, "用途別（当事者B）": 0, "車両形状等（当事者A）": 1, "車両形状等（当事者B）": 0, "オートマチック車（当事者A）": 1, "オートマチック車（当事者B）": 0, "サポカー（当事者A）": 11, "サポカー（当事者B）": 0, "速度規制（指定のみ）（当事者A）": 3, "速度規制（指定のみ）（当事者B）": 0, "車両の衝突部位（当事者A）": 10, "車両の衝突部位（当事者B）": 0, "車両の損壊程度（当事者A）": 3, "車両の損壊程度（当事者B）": 0, "エアバッグの装備（当事者A）": 2, "エアバッグの装備（当事者B）": 0, "サイドエアバッグの装備（当事者A）": 2, "サイドエアバッグの装備（当事者B）": 0, "人身損傷程度（当事者A）": 4, "人身損傷程度（当事者B）": 2, "地点　緯度（北緯）": 34.23794972, "地点　経度（東経）": 132.7008939, "曜日(発生年月日)": 4, "祝日(発生年月日)": 3, "認知機能検査経過日数（当事者A）": 950, "認知機能検査経過日数（当事者B）": 0, "運転練習の方法（当事者A）": 9, "運転練習の方法（当事者B）": 0, "field_69": null }, "geometry": { "type": "Point", "coordinates": [ 132.700893900000011, 34.23794972 ] } },
{ "type": "Feature", "properties": { "資料区分": 1, "都道府県コード": 73, "警察署等コード": 112, "本票番号": 51, "事故内容": 2, "死者数": 0, "負傷者数": 2, "路線コード": 37120, "地点コード": 0, "市区町村コード": 212, "発生日時　　年": 2023, "発生日時　　月": 10, "発生日時　　日": 13, "発生日時　　時": 19, "発生日時　　分": 13, "昼夜": 22, "日の出時刻　　時": 6, "日の出時刻　　分": 14, "日の入り時刻　　時": 17, "日の入り時刻　　分": 39, "天候": 1, "地形": 3, "路面状態": 1, "道路形状": 7, "信号機": 7, "一時停止規制　標識（当事者A）": 0, "一時停止規制　表示（当事者A）": 0, "一時停止規制　標識（当事者B）": 0, "一時停止規制　表示（当事者B）": 0, "車道幅員": 2, "道路線形": 9, "衝突地点": 1, "ゾーン規制": 70, "中央分離帯施設等": 5, "歩車道区分": 4, "事故類型": 1, "年齢（当事者A）": 55, "年齢（当事者B）": 75, "当事者種別（当事者A）": 36, "当事者種別（当事者B）": 61, "用途別（当事者A）": 31, "用途別（当事者B）": 0, "車両形状等（当事者A）": 0, "車両形状等（当事者B）": 0, "オートマチック車（当事者A）": 0, "オートマチック車（当事者B）": 0, "サポカー（当事者A）": 11, "サポカー（当事者B）": 0, "速度規制（指定のみ）（当事者A）": 10, "速度規制（指定のみ）（当事者B）": 0, "車両の衝突部位（当事者A）": 10, "車両の衝突部位（当事者B）": 0, "車両の損壊程度（当事者A）": 3, "車両の損壊程度（当事者B）": 0, "エアバッグの装備（当事者A）": 0, "エアバッグの装備（当事者B）": 0, "サイドエアバッグの装備（当事者A）": 0, "サイドエアバッグの装備（当事者B）": 0, "人身損傷程度（当事者A）": 2, "人身損傷程度（当事者B）": 2, "地点　緯度（北緯）": 34.32371361, "地点　経度（東経）": 132.663535, "曜日(発生年月日)": 6, "祝日(発生年月日)": 3, "認知機能検査経過日数（当事者A）": 9999, "認知機能検査経過日数（当事者B）": 0, "運転練習の方法（当事者A）": 9, "運転練習の方法（当事者B）": 0, "field_69": null }, "geometry": { "type": "Point", "coordinates": [ 132.663535, 34.32371361 ] } },
{ "type": "Feature", "properties": { "資料区分": 1, "都道府県コード": 73, "警察署等コード": 112, "本票番号": 91, "事故内容": 2, "死者数": 0, "負傷者数": 1, "路線コード": 3750, "地点コード": 0, "市区町村コード": 212, "発生日時　　年": 2024, "発生日時　　月": 1, "発生日時　　日": 17, "発生日時　　時": 10, "発生日時　　分": 9, "昼夜": 12, "日の出時刻　　時": 7, "日の出時刻　　分": 15, "日の入り時刻　　時": 17, "日の入り時刻　　分": 24, "天候": 1, "地形": 1, "路面状態": 1, "道路形状": 1, "信号機": 1, "一時停止規制　標識（当事者A）": 9, "一時停止規制　表示（当事者A）": 22, "一時停止規制　標識（当事者B）": 0, "一時停止規制　表示（当事者B）": 0, "車道幅員": 15, "道路線形": 9, "衝突地点": 30, "ゾーン規制": 70, "中央分離帯施設等": 5, "歩車道区分": 2, "事故類型": 1, "年齢（当事者A）": 75, "年齢（当事者B）": 65, "当事者種別（当事者A）": 4, "当事者種別（当事者B）": 61, "用途別（当事者A）": 31, "用途別（当事者B）": 0, "車両形状等（当事者A）": 1, "車両形状等（当事者B）": 0, "オートマチック車（当事者A）": 1, "オートマチック車（当事者B）": 0, "サポカー（当事者A）": 11, "サポカー（当事者B）": 0, "速度規制（指定のみ）（当事者A）": 4, "速度規制（指定のみ）（当事者B）": 0, "車両の衝突部位（当事者A）": 50, "車両の衝突部位（当事者B）": 0, "車両の損壊程度（当事者A）": 2, "車両の損壊程度（当事者B）": 0, "エアバッグの装備（当事者A）": 2, "エアバッグの装備（当事者B）": 0, "サイドエアバッグの装備（当事者A）": 2, "サイドエアバッグの装備（当事者B）": 0, "人身損傷程度（当事者A）": 4, "人身損傷程度（当事者B）": 2, "地点　緯度（北緯）": 34.40013972, "地点　経度（東経）": 132.7413964, "曜日(発生年月日)": 4, "祝日(発生年月日)": 3, "認知機能検査経過日数（当事者A）": 33, "認知機能検査経過日数（当事者B）": 0, "運転練習の方法（当事者A）": 9, "運転練習の方法（当事者B）": 0, "field_69": null }, "geometry": { "type": "Point", "coordinates": [ 132.741396400000014, 34.40013972 ] } },
{ "type": "Feature", "properties": { "資料区分": 1, "都道府県コード": 73, "警察署等コード": 112, "本票番号": 96, "事故内容": 2, "死者数": 0, "負傷者数": 1, "路線コード": 14670, "地点コード": 0, "市区町村コード": 212, "発生日時　　年": 2023, "発生日時　　月": 12, "発生日時　　日": 27, "発生日時　　時": 3, "発生日時　　分": 15, "昼夜": 22, "日の出時刻　　時": 7, "日の出時刻　　分": 15, "日の入り時刻　　時": 17, "日の入り時刻　　分": 8, "天候": 1, "地形": 3, "路面状態": 1, "道路形状": 14, "信号機": 7, "一時停止規制　標識（当事者A）": 0, "一時停止規制　表示（当事者A）": 0, "一時停止規制　標識（当事者B）": 0, "一時停止規制　表示（当事者B）": 0, "車道幅員": 3, "道路線形": 7, "衝突地点": 1, "ゾーン規制": 70, "中央分離帯施設等": 4, "歩車道区分": 3, "事故類型": 1, "年齢（当事者A）": 55, "年齢（当事者B）": 1, "当事者種別（当事者A）": 17, "当事者種別（当事者B）": 61, "用途別（当事者A）": 1, "用途別（当事者B）": 0, "車両形状等（当事者A）": 11, "車両形状等（当事者B）": 0, "オートマチック車（当事者A）": 1, "オートマチック車（当事者B）": 0, "サポカー（当事者A）": 11, "サポカー（当事者B）": 0, "速度規制（指定のみ）（当事者A）": 4, "速度規制（指定のみ）（当事者B）": 0, "車両の衝突部位（当事者A）": 10, "車両の衝突部位（当事者B）": 0, "車両の損壊程度（当事者A）": 3, "車両の損壊程度（当事者B）": 0, "エアバッグの装備（当事者A）": 2, "エアバッグの装備（当事者B）": 0, "サイドエアバッグの装備（当事者A）": 2, "サイドエアバッグの装備（当事者B）": 0, "人身損傷程度（当事者A）": 4, "人身損傷程度（当事者B）": 2, "地点　緯度（北緯）": 34.39729306, "地点　経度（東経）": 132.7096889, "曜日(発生年月日)": 4, "祝日(発生年月日)": 3, "認知機能検査経過日数（当事者A）": 9999, "認知機能検査経過日数（当事者B）": 0, "運転練習の方法（当事者A）": 9, "運転練習の方法（当事者B）": 0, "field_69": null }, "geometry": { "type": "Point", "coordinates": [ 132.7096889, 34.39729306 ] } },
{ "type": "Feature", "properties": { "資料区分": 1, "都道府県コード": 73, "警察署等コード": 112, "本票番号": 97, "事故内容": 2, "死者数": 0, "負傷者数": 1, "路線コード": 4860, "地点コード": 0, "市区町村コード": 212, "発生日時　　年": 2024, "発生日時　　月": 2, "発生日時　　日": 20, "発生日時　　時": 17, "発生日時　　分": 16, "昼夜": 13, "日の出時刻　　時": 6, "日の出時刻　　分": 49, "日の入り時刻　　時": 17, "日の入り時刻　　分": 57, "天候": 2, "地形": 1, "路面状態": 1, "道路形状": 1, "信号機": 7, "一時停止規制　標識（当事者A）": 9, "一時停止規制　表示（当事者A）": 22, "一時停止規制　標識（当事者B）": 0, "一時停止規制　表示（当事者B）": 0, "車道幅員": 14, "道路線形": 9, "衝突地点": 30, "ゾーン規制": 70, "中央分離帯施設等": 4, "歩車道区分": 2, "事故類型": 1, "年齢（当事者A）": 1, "年齢（当事者B）": 35, "当事者種別（当事者A）": 51, "当事者種別（当事者B）": 61, "用途別（当事者A）": 41, "用途別（当事者B）": 0, "車両形状等（当事者A）": 0, "車両形状等（当事者B）": 0, "オートマチック車（当事者A）": 0, "オートマチック車（当事者B）": 0, "サポカー（当事者A）": 0, "サポカー（当事者B）": 0, "速度規制（指定のみ）（当事者A）": 0, "速度規制（指定のみ）（当事者B）": 0, "車両の衝突部位（当事者A）": 10, "車両の衝突部位（当事者B）": 0, "車両の損壊程度（当事者A）": 3, "車両の損壊程度（当事者B）": 0, "エアバッグの装備（当事者A）": 0, "エアバッグの装備（当事者B）": 0, "サイドエアバッグの装備（当事者A）": 0, "サイドエアバッグの装備（当事者B）": 0, "人身損傷程度（当事者A）": 4, "人身損傷程度（当事者B）": 2, "地点　緯度（北緯）": 34.42553639, "地点　経度（東経）": 132.7402756, "曜日(発生年月日)": 3, "祝日(発生年月日)": 3, "認知機能検査経過日数（当事者A）": 0, "認知機能検査経過日数（当事者B）": 0, "運転練習の方法（当事者A）": 0, "運転練習の方法（当事者B）": 0, "field_69": null }, "geometry": { "type": "Point", "coordinates": [ 132.7402756, 34.42553639 ] } },
{ "type": "Feature", "properties": { "資料区分": 1, "都道府県コード": 73, "警察署等コード": 116, "本票番号": 4, "事故内容": 1, "死者数": 1, "負傷者数": 0, "路線コード": 14690, "地点コード": 0, "市区町村コード": 369, "発生日時　　年": 2024, "発生日時　　月": 4, "発生日時　　日": 4, "発生日時　　時": 7, "発生日時　　分": 35, "昼夜": 12, "日の出時刻　　時": 5, "日の出時刻　　分": 53, "日の入り時刻　　時": 18, "日の入り時刻　　分": 33, "天候": 2, "地形": 3, "路面状態": 1, "道路形状": 14, "信号機": 7, "一時停止規制　標識（当事者A）": 0, "一時停止規制　表示（当事者A）": 0, "一時停止規制　標識（当事者B）": 0, "一時停止規制　表示（当事者B）": 0, "車道幅員": 3, "道路線形": 9, "衝突地点": 1, "ゾーン規制": 70, "中央分離帯施設等": 4, "歩車道区分": 2, "事故類型": 1, "年齢（当事者A）": 25, "年齢（当事者B）": 75, "当事者種別（当事者A）": 4, "当事者種別（当事者B）": 61, "用途別（当事者A）": 31, "用途別（当事者B）": 0, "車両形状等（当事者A）": 1, "車両形状等（当事者B）": 0, "オートマチック車（当事者A）": 1, "オートマチック車（当事者B）": 0, "サポカー（当事者A）": 11, "サポカー（当事者B）": 0, "速度規制（指定のみ）（当事者A）": 3, "速度規制（指定のみ）（当事者B）": 0, "車両の衝突部位（当事者A）": 80, "車両の衝突部位（当事者B）": 0, "車両の損壊程度（当事者A）": 3, "車両の損壊程度（当事者B）": 0, "エアバッグの装備（当事者A）": 2, "エアバッグの装備（当事者B）": 0, "サイドエアバッグの装備（当事者A）": 2, "サイドエアバッグの装備（当事者B）": 0, "人身損傷程度（当事者A）": 4, "人身損傷程度（当事者B）": 1, "地点　緯度（北緯）": 34.66292972, "地点　経度（東経）": 132.5458231, "曜日(発生年月日)": 5, "祝日(発生年月日)": 3, "認知機能検査経過日数（当事者A）": 9999, "認知機能検査経過日数（当事者B）": 0, "運転練習の方法（当事者A）": 1, "運転練習の方法（当事者B）": 0, "field_69": null }, "geometry": { "type": "Point", "coordinates": [ 132.5458231, 34.66292972 ] } },
{ "type": "Feature", "properties": { "資料区分": 1, "都道府県コード": 73, "警察署等コード": 116, "本票番号": 6, "事故内容": 1, "死者数": 1, "負傷者数": 0, "路線コード": 2610, "地点コード": 0, "市区町村コード": 369, "発生日時　　年": 2024, "発生日時　　月": 4, "発生日時　　日": 9, "発生日時　　時": 19, "発生日時　　分": 46, "昼夜": 22, "日の出時刻　　時": 5, "日の出時刻　　分": 47, "日の入り時刻　　時": 18, "日の入り時刻　　分": 37, "天候": 1, "地形": 3, "路面状態": 1, "道路形状": 14, "信号機": 7, "一時停止規制　標識（当事者A）": 0, "一時停止規制　表示（当事者A）": 0, "一時停止規制　標識（当事者B）": 0, "一時停止規制　表示（当事者B）": 0, "車道幅員": 3, "道路線形": 9, "衝突地点": 1, "ゾーン規制": 70, "中央分離帯施設等": 4, "歩車道区分": 2, "事故類型": 1, "年齢（当事者A）": 25, "年齢（当事者B）": 65, "当事者種別（当事者A）": 4, "当事者種別（当事者B）": 61, "用途別（当事者A）": 31, "用途別（当事者B）": 0, "車両形状等（当事者A）": 1, "車両形状等（当事者B）": 0, "オートマチック車（当事者A）": 1, "オートマチック車（当事者B）": 0, "サポカー（当事者A）": 11, "サポカー（当事者B）": 0, "速度規制（指定のみ）（当事者A）": 4, "速度規制（指定のみ）（当事者B）": 0, "車両の衝突部位（当事者A）": 80, "車両の衝突部位（当事者B）": 0, "車両の損壊程度（当事者A）": 3, "車両の損壊程度（当事者B）": 0, "エアバッグの装備（当事者A）": 2, "エアバッグの装備（当事者B）": 0, "サイドエアバッグの装備（当事者A）": 2, "サイドエアバッグの装備（当事者B）": 0, "人身損傷程度（当事者A）": 4, "人身損傷程度（当事者B）": 1, "地点　緯度（北緯）": 34.67324778, "地点　経度（東経）": 132.5352719, "曜日(発生年月日)": 3, "祝日(発生年月日)": 3, "認知機能検査経過日数（当事者A）": 9999, "認知機能検査経過日数（当事者B）": 0, "運転練習の方法（当事者A）": 1, "運転練習の方法（当事者B）": 0, "field_69": null }, "geometry": { "type": "Point", "coordinates": [ 132.5352719, 34.67324778 ] } },
{ "type": "Feature", "properties": { "資料区分": 1, "都道府県コード": 73, "警察署等コード": 117, "本票番号": 45, "事故内容": 2, "死者数": 0, "負傷者数": 1, "路線コード": 20, "地点コード": 2449, "市区町村コード": 205, "発生日時　　年": 2024, "発生日時　　月": 3, "発生日時　　日": 26, "発生日時　　時": 9, "発生日時　　分": 52, "昼夜": 12, "日の出時刻　　時": 6, "日の出時刻　　分": 5, "日の入り時刻　　時": 18, "日の入り時刻　　分": 26, "天候": 3, "地形": 1, "路面状態": 2, "道路形状": 1, "信号機": 1, "一時停止規制　標識（当事者A）": 9, "一時停止規制　表示（当事者A）": 22, "一時停止規制　標識（当事者B）": 0, "一時停止規制　表示（当事者B）": 0, "車道幅員": 14, "道路線形": 9, "衝突地点": 30, "ゾーン規制": 70, "中央分離帯施設等": 4, "歩車道区分": 2, "事故類型": 1, "年齢（当事者A）": 65, "年齢（当事者B）": 45, "当事者種別（当事者A）": 3, "当事者種別（当事者B）": 61, "用途別（当事者A）": 31, "用途別（当事者B）": 0, "車両形状等（当事者A）": 1, "車両形状等（当事者B）": 0, "オートマチック車（当事者A）": 1, "オートマチック車（当事者B）": 0, "サポカー（当事者A）": 11, "サポカー（当事者B）": 0, "速度規制（指定のみ）（当事者A）": 10, "速度規制（指定のみ）（当事者B）": 0, "車両の衝突部位（当事者A）": 10, "車両の衝突部位（当事者B）": 0, "車両の損壊程度（当事者A）": 3, "車両の損壊程度（当事者B）": 0, "エアバッグの装備（当事者A）": 2, "エアバッグの装備（当事者B）": 0, "サイドエアバッグの装備（当事者A）": 2, "サイドエアバッグの装備（当事者B）": 0, "人身損傷程度（当事者A）": 4, "人身損傷程度（当事者B）": 2, "地点　緯度（北緯）": 34.42665028, "地点　経度（東経）": 133.2278328, "曜日(発生年月日)": 3, "祝日(発生年月日)": 3, "認知機能検査経過日数（当事者A）": 9999, "認知機能検査経過日数（当事者B）": 0, "運転練習の方法（当事者A）": 9, "運転練習の方法（当事者B）": 0, "field_69": null }, "geometry": { "type": "Point", "coordinates": [ 133.227832799999987, 34.42665028 ] } },
{ "type": "Feature", "properties": { "資料区分": 1, "都道府県コード": 73, "警察署等コード": 117, "本票番号": 51, "事故内容": 2, "死者数": 0, "負傷者数": 2, "路線コード": 14540, "地点コード": 0, "市区町村コード": 205, "発生日時　　年": 2024, "発生日時　　月": 3, "発生日時　　日": 19, "発生日時　　時": 18, "発生日時　　分": 45, "昼夜": 21, "日の出時刻　　時": 6, "日の出時刻　　分": 15, "日の入り時刻　　時": 18, "日の入り時刻　　分": 20, "天候": 1, "地形": 3, "路面状態": 1, "道路形状": 14, "信号機": 7, "一時停止規制　標識（当事者A）": 0, "一時停止規制　表示（当事者A）": 0, "一時停止規制　標識（当事者B）": 0, "一時停止規制　表示（当事者B）": 0, "車道幅員": 3, "道路線形": 9, "衝突地点": 1, "ゾーン規制": 70, "中央分離帯施設等": 4, "歩車道区分": 2, "事故類型": 1, "年齢（当事者A）": 45, "年齢（当事者B）": 55, "当事者種別（当事者A）": 51, "当事者種別（当事者B）": 61, "用途別（当事者A）": 41, "用途別（当事者B）": 0, "車両形状等（当事者A）": 0, "車両形状等（当事者B）": 0, "オートマチック車（当事者A）": 0, "オートマチック車（当事者B）": 0, "サポカー（当事者A）": 0, "サポカー（当事者B）": 0, "速度規制（指定のみ）（当事者A）": 0, "速度規制（指定のみ）（当事者B）": 0, "車両の衝突部位（当事者A）": 10, "車両の衝突部位（当事者B）": 0, "車両の損壊程度（当事者A）": 3, "車両の損壊程度（当事者B）": 0, "エアバッグの装備（当事者A）": 0, "エアバッグの装備（当事者B）": 0, "サイドエアバッグの装備（当事者A）": 0, "サイドエアバッグの装備（当事者B）": 0, "人身損傷程度（当事者A）": 2, "人身損傷程度（当事者B）": 2, "地点　緯度（北緯）": 34.45348611, "地点　経度（東経）": 133.2213053, "曜日(発生年月日)": 3, "祝日(発生年月日)": 2, "認知機能検査経過日数（当事者A）": 0, "認知機能検査経過日数（当事者B）": 0, "運転練習の方法（当事者A）": 0, "運転練習の方法（当事者B）": 0, "field_69": null }, "geometry": { "type": "Point", "coordinates": [ 133.221305300000012, 34.45348611 ] } },
{ "type": "Feature", "properties": { "資料区分": 1, "都道府県コード": 73, "警察署等コード": 117, "本票番号": 52, "事故内容": 2, "死者数": 0, "負傷者数": 1, "路線コード": 37170, "地点コード": 0, "市区町村コード": 205, "発生日時　　年": 2024, "発生日時　　月": 4, "発生日時　　日": 14, "発生日時　　時": 1, "発生日時　　分": 0, "昼夜": 22, "日の出時刻　　時": 5, "日の出時刻　　分": 40, "日の入り時刻　　時": 18, "日の入り時刻　　分": 41, "天候": 1, "地形": 1, "路面状態": 1, "道路形状": 1, "信号機": 7, "一時停止規制　標識（当事者A）": 9, "一時停止規制　表示（当事者A）": 22, "一時停止規制　標識（当事者B）": 0, "一時停止規制　表示（当事者B）": 0, "車道幅員": 11, "道路線形": 9, "衝突地点": 30, "ゾーン規制": 70, "中央分離帯施設等": 5, "歩車道区分": 4, "事故類型": 1, "年齢（当事者A）": 65, "年齢（当事者B）": 25, "当事者種別（当事者A）": 3, "当事者種別（当事者B）": 61, "用途別（当事者A）": 1, "用途別（当事者B）": 0, "車両形状等（当事者A）": 1, "車両形状等（当事者B）": 0, "オートマチック車（当事者A）": 1, "オートマチック車（当事者B）": 0, "サポカー（当事者A）": 11, "サポカー（当事者B）": 0, "速度規制（指定のみ）（当事者A）": 10, "速度規制（指定のみ）（当事者B）": 0, "車両の衝突部位（当事者A）": 80, "車両の衝突部位（当事者B）": 0, "車両の損壊程度（当事者A）": 3, "車両の損壊程度（当事者B）": 0, "エアバッグの装備（当事者A）": 2, "エアバッグの装備（当事者B）": 0, "サイドエアバッグの装備（当事者A）": 2, "サイドエアバッグの装備（当事者B）": 0, "人身損傷程度（当事者A）": 4, "人身損傷程度（当事者B）": 2, "地点　緯度（北緯）": 34.41031861, "地点　経度（東経）": 133.2054989, "曜日(発生年月日)": 1, "祝日(発生年月日)": 3, "認知機能検査経過日数（当事者A）": 9999, "認知機能検査経過日数（当事者B）": 0, "運転練習の方法（当事者A）": 9, "運転練習の方法（当事者B）": 0, "field_69": null }, "geometry": { "type": "Point", "coordinates": [ 133.2054989, 34.41031861 ] } },
{ "type": "Feature", "properties": { "資料区分": 1, "都道府県コード": 73, "警察署等コード": 119, "本票番号": 29, "事故内容": 2, "死者数": 0, "負傷者数": 1, "路線コード": 14550, "地点コード": 0, "市区町村コード": 204, "発生日時　　年": 2024, "発生日時　　月": 4, "発生日時　　日": 6, "発生日時　　時": 8, "発生日時　　分": 50, "昼夜": 12, "日の出時刻　　時": 5, "日の出時刻　　分": 51, "日の入り時刻　　時": 18, "日の入り時刻　　分": 35, "天候": 1, "地形": 3, "路面状態": 1, "道路形状": 1, "信号機": 1, "一時停止規制　標識（当事者A）": 9, "一時停止規制　表示（当事者A）": 22, "一時停止規制　標識（当事者B）": 0, "一時停止規制　表示（当事者B）": 0, "車道幅員": 19, "道路線形": 9, "衝突地点": 30, "ゾーン規制": 70, "中央分離帯施設等": 5, "歩車道区分": 2, "事故類型": 1, "年齢（当事者A）": 75, "年齢（当事者B）": 35, "当事者種別（当事者A）": 3, "当事者種別（当事者B）": 61, "用途別（当事者A）": 31, "用途別（当事者B）": 0, "車両形状等（当事者A）": 1, "車両形状等（当事者B）": 0, "オートマチック車（当事者A）": 1, "オートマチック車（当事者B）": 0, "サポカー（当事者A）": 11, "サポカー（当事者B）": 0, "速度規制（指定のみ）（当事者A）": 3, "速度規制（指定のみ）（当事者B）": 0, "車両の衝突部位（当事者A）": 50, "車両の衝突部位（当事者B）": 0, "車両の損壊程度（当事者A）": 3, "車両の損壊程度（当事者B）": 0, "エアバッグの装備（当事者A）": 2, "エアバッグの装備（当事者B）": 0, "サイドエアバッグの装備（当事者A）": 2, "サイドエアバッグの装備（当事者B）": 0, "人身損傷程度（当事者A）": 4, "人身損傷程度（当事者B）": 2, "地点　緯度（北緯）": 34.40556333, "地点　経度（東経）": 133.0883014, "曜日(発生年月日)": 7, "祝日(発生年月日)": 3, "認知機能検査経過日数（当事者A）": 116, "認知機能検査経過日数（当事者B）": 0, "運転練習の方法（当事者A）": 9, "運転練習の方法（当事者B）": 0, "field_69": null }, "geometry": { "type": "Point", "coordinates": [ 133.0883014, 34.40556333 ] } },
{ "type": "Feature", "properties": { "資料区分": 1, "都道府県コード": 73, "警察署等コード": 120, "本票番号": 46, "事故内容": 2, "死者数": 0, "負傷者数": 1, "路線コード": 14220, "地点コード": 0, "市区町村コード": 207, "発生日時　　年": 2024, "発生日時　　月": 3, "発生日時　　日": 16, "発生日時　　時": 7, "発生日時　　分": 20, "昼夜": 12, "日の出時刻　　時": 6, "日の出時刻　　分": 19, "日の入り時刻　　時": 18, "日の入り時刻　　分": 18, "天候": 1, "地形": 2, "路面状態": 1, "道路形状": 1, "信号機": 1, "一時停止規制　標識（当事者A）": 9, "一時停止規制　表示（当事者A）": 22, "一時停止規制　標識（当事者B）": 0, "一時停止規制　表示（当事者B）": 0, "車道幅員": 15, "道路線形": 9, "衝突地点": 30, "ゾーン規制": 70, "中央分離帯施設等": 4, "歩車道区分": 2, "事故類型": 1, "年齢（当事者A）": 35, "年齢（当事者B）": 55, "当事者種別（当事者A）": 4, "当事者種別（当事者B）": 61, "用途別（当事者A）": 31, "用途別（当事者B）": 0, "車両形状等（当事者A）": 1, "車両形状等（当事者B）": 0, "オートマチック車（当事者A）": 1, "オートマチック車（当事者B）": 0, "サポカー（当事者A）": 11, "サポカー（当事者B）": 0, "速度規制（指定のみ）（当事者A）": 4, "速度規制（指定のみ）（当事者B）": 0, "車両の衝突部位（当事者A）": 80, "車両の衝突部位（当事者B）": 0, "車両の損壊程度（当事者A）": 3, "車両の損壊程度（当事者B）": 0, "エアバッグの装備（当事者A）": 2, "エアバッグの装備（当事者B）": 0, "サイドエアバッグの装備（当事者A）": 2, "サイドエアバッグの装備（当事者B）": 0, "人身損傷程度（当事者A）": 4, "人身損傷程度（当事者B）": 2, "地点　緯度（北緯）": 34.46305194, "地点　経度（東経）": 133.3635711, "曜日(発生年月日)": 7, "祝日(発生年月日)": 3, "認知機能検査経過日数（当事者A）": 9999, "認知機能検査経過日数（当事者B）": 0, "運転練習の方法（当事者A）": 1, "運転練習の方法（当事者B）": 0, "field_69": null }, "geometry": { "type": "Point", "coordinates": [ 133.3635711, 34.46305194 ] } },
{ "type": "Feature", "properties": { "資料区分": 1, "都道府県コード": 73, "警察署等コード": 120, "本票番号": 50, "事故内容": 2, "死者数": 0, "負傷者数": 1, "路線コード": 37200, "地点コード": 0, "市区町村コード": 207, "発生日時　　年": 2024, "発生日時　　月": 2, "発生日時　　日": 28, "発生日時　　時": 21, "発生日時　　分": 5, "昼夜": 22, "日の出時刻　　時": 6, "日の出時刻　　分": 40, "日の入り時刻　　時": 18, "日の入り時刻　　分": 4, "天候": 1, "地形": 1, "路面状態": 1, "道路形状": 7, "信号機": 7, "一時停止規制　標識（当事者A）": 0, "一時停止規制　表示（当事者A）": 0, "一時停止規制　標識（当事者B）": 0, "一時停止規制　表示（当事者B）": 0, "車道幅員": 2, "道路線形": 9, "衝突地点": 1, "ゾーン規制": 70, "中央分離帯施設等": 5, "歩車道区分": 4, "事故類型": 1, "年齢（当事者A）": 35, "年齢（当事者B）": 45, "当事者種別（当事者A）": 4, "当事者種別（当事者B）": 61, "用途別（当事者A）": 31, "用途別（当事者B）": 0, "車両形状等（当事者A）": 1, "車両形状等（当事者B）": 0, "オートマチック車（当事者A）": 1, "オートマチック車（当事者B）": 0, "サポカー（当事者A）": 11, "サポカー（当事者B）": 0, "速度規制（指定のみ）（当事者A）": 10, "速度規制（指定のみ）（当事者B）": 0, "車両の衝突部位（当事者A）": 40, "車両の衝突部位（当事者B）": 0, "車両の損壊程度（当事者A）": 3, "車両の損壊程度（当事者B）": 0, "エアバッグの装備（当事者A）": 2, "エアバッグの装備（当事者B）": 0, "サイドエアバッグの装備（当事者A）": 2, "サイドエアバッグの装備（当事者B）": 0, "人身損傷程度（当事者A）": 4, "人身損傷程度（当事者B）": 2, "地点　緯度（北緯）": 34.44772278, "地点　経度（東経）": 133.2506931, "曜日(発生年月日)": 4, "祝日(発生年月日)": 3, "認知機能検査経過日数（当事者A）": 9999, "認知機能検査経過日数（当事者B）": 0, "運転練習の方法（当事者A）": 5, "運転練習の方法（当事者B）": 0, "field_69": null }, "geometry": { "type": "Point", "coordinates": [ 133.2506931, 34.44772278 ] } },
{ "type": "Feature", "properties": { "資料区分": 1, "都道府県コード": 73, "警察署等コード": 120, "本票番号": 54, "事故内容": 2, "死者数": 0, "負傷者数": 1, "路線コード": 14530, "地点コード": 0, "市区町村コード": 207, "発生日時　　年": 2024, "発生日時　　月": 3, "発生日時　　日": 31, "発生日時　　時": 17, "発生日時　　分": 36, "昼夜": 13, "日の出時刻　　時": 5, "日の出時刻　　分": 58, "日の入り時刻　　時": 18, "日の入り時刻　　分": 29, "天候": 1, "地形": 2, "路面状態": 1, "道路形状": 1, "信号機": 7, "一時停止規制　標識（当事者A）": 9, "一時停止規制　表示（当事者A）": 22, "一時停止規制　標識（当事者B）": 0, "一時停止規制　表示（当事者B）": 0, "車道幅員": 15, "道路線形": 9, "衝突地点": 30, "ゾーン規制": 70, "中央分離帯施設等": 4, "歩車道区分": 2, "事故類型": 1, "年齢（当事者A）": 45, "年齢（当事者B）": 1, "当事者種別（当事者A）": 4, "当事者種別（当事者B）": 61, "用途別（当事者A）": 31, "用途別（当事者B）": 0, "車両形状等（当事者A）": 1, "車両形状等（当事者B）": 0, "オートマチック車（当事者A）": 1, "オートマチック車（当事者B）": 0, "サポカー（当事者A）": 11, "サポカー（当事者B）": 0, "速度規制（指定のみ）（当事者A）": 3, "速度規制（指定のみ）（当事者B）": 0, "車両の衝突部位（当事者A）": 10, "車両の衝突部位（当事者B）": 0, "車両の損壊程度（当事者A）": 3, "車両の損壊程度（当事者B）": 0, "エアバッグの装備（当事者A）": 2, "エアバッグの装備（当事者B）": 0, "サイドエアバッグの装備（当事者A）": 2, "サイドエアバッグの装備（当事者B）": 0, "人身損傷程度（当事者A）": 4, "人身損傷程度（当事者B）": 2, "地点　緯度（北緯）": 34.38708167, "地点　経度（東経）": 133.3232006, "曜日(発生年月日)": 1, "祝日(発生年月日)": 3, "認知機能検査経過日数（当事者A）": 9999, "認知機能検査経過日数（当事者B）": 0, "運転練習の方法（当事者A）": 9, "運転練習の方法（当事者B）": 0, "field_69": null }, "geometry": { "type": "Point", "coordinates": [ 133.3232006, 34.38708167 ] } },
{ "type": "Feature", "properties": { "資料区分": 1, "都道府県コード": 73, "警察署等コード": 121, "本票番号": 152, "事故内容": 2, "死者数": 0, "負傷者数": 1, "路線コード": 20, "地点コード": 2300, "市区町村コード": 207, "発生日時　　年": 2024, "発生日時　　月": 4, "発生日時　　日": 8, "発生日時　　時": 9, "発生日時　　分": 36, "昼夜": 12, "日の出時刻　　時": 5, "日の出時刻　　分": 48, "日の入り時刻　　時": 18, "日の入り時刻　　分": 37, "天候": 2, "地形": 1, "路面状態": 1, "道路形状": 1, "信号機": 7, "一時停止規制　標識（当事者A）": 9, "一時停止規制　表示（当事者A）": 22, "一時停止規制　標識（当事者B）": 0, "一時停止規制　表示（当事者B）": 0, "車道幅員": 18, "道路線形": 9, "衝突地点": 30, "ゾーン規制": 70, "中央分離帯施設等": 1, "歩車道区分": 2, "事故類型": 1, "年齢（当事者A）": 45, "年齢（当事者B）": 55, "当事者種別（当事者A）": 4, "当事者種別（当事者B）": 61, "用途別（当事者A）": 31, "用途別（当事者B）": 0, "車両形状等（当事者A）": 1, "車両形状等（当事者B）": 0, "オートマチック車（当事者A）": 1, "オートマチック車（当事者B）": 0, "サポカー（当事者A）": 11, "サポカー（当事者B）": 0, "速度規制（指定のみ）（当事者A）": 10, "速度規制（指定のみ）（当事者B）": 0, "車両の衝突部位（当事者A）": 10, "車両の衝突部位（当事者B）": 0, "車両の損壊程度（当事者A）": 3, "車両の損壊程度（当事者B）": 0, "エアバッグの装備（当事者A）": 2, "エアバッグの装備（当事者B）": 0, "サイドエアバッグの装備（当事者A）": 2, "サイドエアバッグの装備（当事者B）": 0, "人身損傷程度（当事者A）": 4, "人身損傷程度（当事者B）": 2, "地点　緯度（北緯）": 34.48680778, "地点　経度（東経）": 133.3700719, "曜日(発生年月日)": 2, "祝日(発生年月日)": 3, "認知機能検査経過日数（当事者A）": 9999, "認知機能検査経過日数（当事者B）": 0, "運転練習の方法（当事者A）": 5, "運転練習の方法（当事者B）": 0, "field_69": null }, "geometry": { "type": "Point", "coordinates": [ 133.3700719, 34.48680778 ] } },
{ "type": "Feature", "properties": { "資料区分": 1, "都道府県コード": 73, "警察署等コード": 121, "本票番号": 155, "事故内容": 2, "死者数": 0, "負傷者数": 1, "路線コード": 37210, "地点コード": 0, "市区町村コード": 207, "発生日時　　年": 2024, "発生日時　　月": 4, "発生日時　　日": 4, "発生日時　　時": 11, "発生日時　　分": 53, "昼夜": 12, "日の出時刻　　時": 5, "日の出時刻　　分": 53, "日の入り時刻　　時": 18, "日の入り時刻　　分": 33, "天候": 2, "地形": 1, "路面状態": 1, "道路形状": 7, "信号機": 7, "一時停止規制　標識（当事者A）": 0, "一時停止規制　表示（当事者A）": 0, "一時停止規制　標識（当事者B）": 0, "一時停止規制　表示（当事者B）": 0, "車道幅員": 3, "道路線形": 9, "衝突地点": 1, "ゾーン規制": 70, "中央分離帯施設等": 5, "歩車道区分": 4, "事故類型": 1, "年齢（当事者A）": 65, "年齢（当事者B）": 1, "当事者種別（当事者A）": 4, "当事者種別（当事者B）": 61, "用途別（当事者A）": 31, "用途別（当事者B）": 0, "車両形状等（当事者A）": 1, "車両形状等（当事者B）": 0, "オートマチック車（当事者A）": 1, "オートマチック車（当事者B）": 0, "サポカー（当事者A）": 11, "サポカー（当事者B）": 0, "速度規制（指定のみ）（当事者A）": 10, "速度規制（指定のみ）（当事者B）": 0, "車両の衝突部位（当事者A）": 80, "車両の衝突部位（当事者B）": 0, "車両の損壊程度（当事者A）": 3, "車両の損壊程度（当事者B）": 0, "エアバッグの装備（当事者A）": 2, "エアバッグの装備（当事者B）": 0, "サイドエアバッグの装備（当事者A）": 2, "サイドエアバッグの装備（当事者B）": 0, "人身損傷程度（当事者A）": 4, "人身損傷程度（当事者B）": 2, "地点　緯度（北緯）": 34.48633333, "地点　経度（東経）": 133.4035342, "曜日(発生年月日)": 5, "祝日(発生年月日)": 3, "認知機能検査経過日数（当事者A）": 9999, "認知機能検査経過日数（当事者B）": 0, "運転練習の方法（当事者A）": 9, "運転練習の方法（当事者B）": 0, "field_69": null }, "geometry": { "type": "Point", "coordinates": [ 133.4035342, 34.48633333 ] } },
{ "type": "Feature", "properties": { "資料区分": 1, "都道府県コード": 73, "警察署等コード": 122, "本票番号": 16, "事故内容": 2, "死者数": 0, "負傷者数": 1, "路線コード": 23990, "地点コード": 0, "市区町村コード": 208, "発生日時　　年": 2024, "発生日時　　月": 3, "発生日時　　日": 20, "発生日時　　時": 5, "発生日時　　分": 19, "昼夜": 23, "日の出時刻　　時": 6, "日の出時刻　　分": 14, "日の入り時刻　　時": 18, "日の入り時刻　　分": 21, "天候": 2, "地形": 1, "路面状態": 2, "道路形状": 1, "信号機": 3, "一時停止規制　標識（当事者A）": 9, "一時停止規制　表示（当事者A）": 22, "一時停止規制　標識（当事者B）": 0, "一時停止規制　表示（当事者B）": 0, "車道幅員": 15, "道路線形": 9, "衝突地点": 30, "ゾーン規制": 70, "中央分離帯施設等": 5, "歩車道区分": 2, "事故類型": 1, "年齢（当事者A）": 55, "年齢（当事者B）": 75, "当事者種別（当事者A）": 4, "当事者種別（当事者B）": 61, "用途別（当事者A）": 31, "用途別（当事者B）": 0, "車両形状等（当事者A）": 1, "車両形状等（当事者B）": 0, "オートマチック車（当事者A）": 1, "オートマチック車（当事者B）": 0, "サポカー（当事者A）": 11, "サポカー（当事者B）": 0, "速度規制（指定のみ）（当事者A）": 3, "速度規制（指定のみ）（当事者B）": 0, "車両の衝突部位（当事者A）": 10, "車両の衝突部位（当事者B）": 0, "車両の損壊程度（当事者A）": 3, "車両の損壊程度（当事者B）": 0, "エアバッグの装備（当事者A）": 2, "エアバッグの装備（当事者B）": 0, "サイドエアバッグの装備（当事者A）": 2, "サイドエアバッグの装備（当事者B）": 0, "人身損傷程度（当事者A）": 4, "人身損傷程度（当事者B）": 2, "地点　緯度（北緯）": 34.57684444, "地点　経度（東経）": 133.234675, "曜日(発生年月日)": 4, "祝日(発生年月日)": 1, "認知機能検査経過日数（当事者A）": 9999, "認知機能検査経過日数（当事者B）": 0, "運転練習の方法（当事者A）": 1, "運転練習の方法（当事者B）": 0, "field_69": null }, "geometry": { "type": "Point", "coordinates": [ 133.234675, 34.57684444 ] } },
{ "type": "Feature", "properties": { "資料区分": 1, "都道府県コード": 73, "警察署等コード": 124, "本票番号": 12, "事故内容": 2, "死者数": 0, "負傷者数": 1, "路線コード": 37240, "地点コード": 0, "市区町村コード": 209, "発生日時　　年": 2024, "発生日時　　月": 3, "発生日時　　日": 7, "発生日時　　時": 13, "発生日時　　分": 40, "昼夜": 12, "日の出時刻　　時": 6, "日の出時刻　　分": 31, "日の入り時刻　　時": 18, "日の入り時刻　　分": 10, "天候": 1, "地形": 3, "路面状態": 1, "道路形状": 14, "信号機": 7, "一時停止規制　標識（当事者A）": 0, "一時停止規制　表示（当事者A）": 0, "一時停止規制　標識（当事者B）": 0, "一時停止規制　表示（当事者B）": 0, "車道幅員": 2, "道路線形": 9, "衝突地点": 1, "ゾーン規制": 70, "中央分離帯施設等": 5, "歩車道区分": 4, "事故類型": 1, "年齢（当事者A）": 65, "年齢（当事者B）": 1, "当事者種別（当事者A）": 3, "当事者種別（当事者B）": 61, "用途別（当事者A）": 31, "用途別（当事者B）": 0, "車両形状等（当事者A）": 1, "車両形状等（当事者B）": 0, "オートマチック車（当事者A）": 1, "オートマチック車（当事者B）": 0, "サポカー（当事者A）": 11, "サポカー（当事者B）": 0, "速度規制（指定のみ）（当事者A）": 10, "速度規制（指定のみ）（当事者B）": 0, "車両の衝突部位（当事者A）": 80, "車両の衝突部位（当事者B）": 0, "車両の損壊程度（当事者A）": 3, "車両の損壊程度（当事者B）": 0, "エアバッグの装備（当事者A）": 2, "エアバッグの装備（当事者B）": 0, "サイドエアバッグの装備（当事者A）": 2, "サイドエアバッグの装備（当事者B）": 0, "人身損傷程度（当事者A）": 4, "人身損傷程度（当事者B）": 2, "地点　緯度（北緯）": 34.80967667, "地点　経度（東経）": 132.8680592, "曜日(発生年月日)": 5, "祝日(発生年月日)": 3, "認知機能検査経過日数（当事者A）": 9999, "認知機能検査経過日数（当事者B）": 0, "運転練習の方法（当事者A）": 9, "運転練習の方法（当事者B）": 0, "field_69": null }, "geometry": { "type": "Point", "coordinates": [ 132.8680592, 34.80967667 ] } },
{ "type": "Feature", "properties": { "資料区分": 1, "都道府県コード": 73, "警察署等コード": 126, "本票番号": 106, "事故内容": 2, "死者数": 0, "負傷者数": 1, "路線コード": 37260, "地点コード": 0, "市区町村コード": 105, "発生日時　　年": 2024, "発生日時　　月": 4, "発生日時　　日": 3, "発生日時　　時": 19, "発生日時　　分": 35, "昼夜": 22, "日の出時刻　　時": 5, "日の出時刻　　分": 55, "日の入り時刻　　時": 18, "日の入り時刻　　分": 33, "天候": 3, "地形": 1, "路面状態": 2, "道路形状": 1, "信号機": 7, "一時停止規制　標識（当事者A）": 9, "一時停止規制　表示（当事者A）": 22, "一時停止規制　標識（当事者B）": 0, "一時停止規制　表示（当事者B）": 0, "車道幅員": 15, "道路線形": 9, "衝突地点": 30, "ゾーン規制": 70, "中央分離帯施設等": 5, "歩車道区分": 2, "事故類型": 1, "年齢（当事者A）": 25, "年齢（当事者B）": 35, "当事者種別（当事者A）": 3, "当事者種別（当事者B）": 61, "用途別（当事者A）": 31, "用途別（当事者B）": 0, "車両形状等（当事者A）": 1, "車両形状等（当事者B）": 0, "オートマチック車（当事者A）": 1, "オートマチック車（当事者B）": 0, "サポカー（当事者A）": 11, "サポカー（当事者B）": 0, "速度規制（指定のみ）（当事者A）": 10, "速度規制（指定のみ）（当事者B）": 0, "車両の衝突部位（当事者A）": 50, "車両の衝突部位（当事者B）": 0, "車両の損壊程度（当事者A）": 4, "車両の損壊程度（当事者B）": 0, "エアバッグの装備（当事者A）": 2, "エアバッグの装備（当事者B）": 0, "サイドエアバッグの装備（当事者A）": 2, "サイドエアバッグの装備（当事者B）": 0, "人身損傷程度（当事者A）": 4, "人身損傷程度（当事者B）": 2, "地点　緯度（北緯）": 34.4448175, "地点　経度（東経）": 132.4816997, "曜日(発生年月日)": 4, "祝日(発生年月日)": 3, "認知機能検査経過日数（当事者A）": 9999, "認知機能検査経過日数（当事者B）": 0, "運転練習の方法（当事者A）": 5, "運転練習の方法（当事者B）": 0, "field_69": null }, "geometry": { "type": "Point", "coordinates": [ 132.4816997, 34.4448175 ] } },
{ "type": "Feature", "properties": { "資料区分": 1, "都道府県コード": 73, "警察署等コード": 126, "本票番号": 110, "事故内容": 2, "死者数": 0, "負傷者数": 1, "路線コード": 37260, "地点コード": 0, "市区町村コード": 105, "発生日時　　年": 2023, "発生日時　　月": 12, "発生日時　　日": 10, "発生日時　　時": 10, "発生日時　　分": 45, "昼夜": 12, "日の出時刻　　時": 7, "日の出時刻　　分": 5, "日の入り時刻　　時": 17, "日の入り時刻　　分": 0, "天候": 1, "地形": 1, "路面状態": 1, "道路形状": 1, "信号機": 7, "一時停止規制　標識（当事者A）": 9, "一時停止規制　表示（当事者A）": 22, "一時停止規制　標識（当事者B）": 0, "一時停止規制　表示（当事者B）": 0, "車道幅員": 15, "道路線形": 9, "衝突地点": 30, "ゾーン規制": 70, "中央分離帯施設等": 4, "歩車道区分": 2, "事故類型": 1, "年齢（当事者A）": 65, "年齢（当事者B）": 65, "当事者種別（当事者A）": 4, "当事者種別（当事者B）": 61, "用途別（当事者A）": 31, "用途別（当事者B）": 0, "車両形状等（当事者A）": 1, "車両形状等（当事者B）": 0, "オートマチック車（当事者A）": 1, "オートマチック車（当事者B）": 0, "サポカー（当事者A）": 11, "サポカー（当事者B）": 0, "速度規制（指定のみ）（当事者A）": 3, "速度規制（指定のみ）（当事者B）": 0, "車両の衝突部位（当事者A）": 50, "車両の衝突部位（当事者B）": 0, "車両の損壊程度（当事者A）": 3, "車両の損壊程度（当事者B）": 0, "エアバッグの装備（当事者A）": 2, "エアバッグの装備（当事者B）": 0, "サイドエアバッグの装備（当事者A）": 2, "サイドエアバッグの装備（当事者B）": 0, "人身損傷程度（当事者A）": 4, "人身損傷程度（当事者B）": 2, "地点　緯度（北緯）": 34.46917139, "地点　経度（東経）": 132.4835828, "曜日(発生年月日)": 1, "祝日(発生年月日)": 3, "認知機能検査経過日数（当事者A）": 9999, "認知機能検査経過日数（当事者B）": 0, "運転練習の方法（当事者A）": 9, "運転練習の方法（当事者B）": 0, "field_69": null }, "geometry": { "type": "Point", "coordinates": [ 132.4835828, 34.46917139 ] } },
{ "type": "Feature", "properties": { "資料区分": 1, "都道府県コード": 73, "警察署等コード": 126, "本票番号": 111, "事故内容": 2, "死者数": 0, "負傷者数": 1, "路線コード": 99000, "地点コード": 0, "市区町村コード": 105, "発生日時　　年": 2024, "発生日時　　月": 3, "発生日時　　日": 9, "発生日時　　時": 16, "発生日時　　分": 55, "昼夜": 12, "日の出時刻　　時": 6, "日の出時刻　　分": 28, "日の入り時刻　　時": 18, "日の入り時刻　　分": 12, "天候": 2, "地形": 2, "路面状態": 1, "道路形状": 0, "信号機": 7, "一時停止規制　標識（当事者A）": 0, "一時停止規制　表示（当事者A）": 0, "一時停止規制　標識（当事者B）": 0, "一時停止規制　表示（当事者B）": 0, "車道幅員": 0, "道路線形": 0, "衝突地点": 20, "ゾーン規制": 1, "中央分離帯施設等": 0, "歩車道区分": 2, "事故類型": 1, "年齢（当事者A）": 75, "年齢（当事者B）": 45, "当事者種別（当事者A）": 3, "当事者種別（当事者B）": 61, "用途別（当事者A）": 31, "用途別（当事者B）": 0, "車両形状等（当事者A）": 1, "車両形状等（当事者B）": 0, "オートマチック車（当事者A）": 1, "オートマチック車（当事者B）": 0, "サポカー（当事者A）": 11, "サポカー（当事者B）": 0, "速度規制（指定のみ）（当事者A）": 10, "速度規制（指定のみ）（当事者B）": 0, "車両の衝突部位（当事者A）": 10, "車両の衝突部位（当事者B）": 0, "車両の損壊程度（当事者A）": 4, "車両の損壊程度（当事者B）": 0, "エアバッグの装備（当事者A）": 2, "エアバッグの装備（当事者B）": 0, "サイドエアバッグの装備（当事者A）": 2, "サイドエアバッグの装備（当事者B）": 0, "人身損傷程度（当事者A）": 4, "人身損傷程度（当事者B）": 2, "地点　緯度（北緯）": 34.46373278, "地点　経度（東経）": 132.4120042, "曜日(発生年月日)": 7, "祝日(発生年月日)": 3, "認知機能検査経過日数（当事者A）": 520, "認知機能検査経過日数（当事者B）": 0, "運転練習の方法（当事者A）": 9, "運転練習の方法（当事者B）": 0, "field_69": null }, "geometry": { "type": "Point", "coordinates": [ 132.412004200000013, 34.46373278 ] } },
{ "type": "Feature", "properties": { "資料区分": 1, "都道府県コード": 73, "警察署等コード": 126, "本票番号": 114, "事故内容": 2, "死者数": 0, "負傷者数": 1, "路線コード": 1830, "地点コード": 0, "市区町村コード": 105, "発生日時　　年": 2024, "発生日時　　月": 4, "発生日時　　日": 17, "発生日時　　時": 20, "発生日時　　分": 11, "昼夜": 22, "日の出時刻　　時": 5, "日の出時刻　　分": 37, "日の入り時刻　　時": 18, "日の入り時刻　　分": 44, "天候": 1, "地形": 1, "路面状態": 1, "道路形状": 1, "信号機": 7, "一時停止規制　標識（当事者A）": 9, "一時停止規制　表示（当事者A）": 22, "一時停止規制　標識（当事者B）": 0, "一時停止規制　表示（当事者B）": 0, "車道幅員": 17, "道路線形": 9, "衝突地点": 30, "ゾーン規制": 70, "中央分離帯施設等": 4, "歩車道区分": 2, "事故類型": 1, "年齢（当事者A）": 25, "年齢（当事者B）": 35, "当事者種別（当事者A）": 3, "当事者種別（当事者B）": 61, "用途別（当事者A）": 31, "用途別（当事者B）": 0, "車両形状等（当事者A）": 1, "車両形状等（当事者B）": 0, "オートマチック車（当事者A）": 1, "オートマチック車（当事者B）": 0, "サポカー（当事者A）": 11, "サポカー（当事者B）": 0, "速度規制（指定のみ）（当事者A）": 10, "速度規制（指定のみ）（当事者B）": 0, "車両の衝突部位（当事者A）": 50, "車両の衝突部位（当事者B）": 0, "車両の損壊程度（当事者A）": 4, "車両の損壊程度（当事者B）": 0, "エアバッグの装備（当事者A）": 2, "エアバッグの装備（当事者B）": 0, "サイドエアバッグの装備（当事者A）": 2, "サイドエアバッグの装備（当事者B）": 0, "人身損傷程度（当事者A）": 4, "人身損傷程度（当事者B）": 2, "地点　緯度（北緯）": 34.43676056, "地点　経度（東経）": 132.4663758, "曜日(発生年月日)": 4, "祝日(発生年月日)": 3, "認知機能検査経過日数（当事者A）": 9999, "認知機能検査経過日数（当事者B）": 0, "運転練習の方法（当事者A）": 1, "運転練習の方法（当事者B）": 0, "field_69": null }, "geometry": { "type": "Point", "coordinates": [ 132.4663758, 34.43676056 ] } },
{ "type": "Feature", "properties": { "資料区分": 1, "都道府県コード": 73, "警察署等コード": 126, "本票番号": 117, "事故内容": 2, "死者数": 0, "負傷者数": 1, "路線コード": 37260, "地点コード": 0, "市区町村コード": 105, "発生日時　　年": 2024, "発生日時　　月": 4, "発生日時　　日": 23, "発生日時　　時": 18, "発生日時　　分": 42, "昼夜": 13, "日の出時刻　　時": 5, "日の出時刻　　分": 29, "日の入り時刻　　時": 18, "日の入り時刻　　分": 48, "天候": 3, "地形": 1, "路面状態": 2, "道路形状": 1, "信号機": 7, "一時停止規制　標識（当事者A）": 9, "一時停止規制　表示（当事者A）": 22, "一時停止規制　標識（当事者B）": 0, "一時停止規制　表示（当事者B）": 0, "車道幅員": 15, "道路線形": 9, "衝突地点": 30, "ゾーン規制": 70, "中央分離帯施設等": 4, "歩車道区分": 2, "事故類型": 1, "年齢（当事者A）": 65, "年齢（当事者B）": 55, "当事者種別（当事者A）": 3, "当事者種別（当事者B）": 61, "用途別（当事者A）": 31, "用途別（当事者B）": 0, "車両形状等（当事者A）": 1, "車両形状等（当事者B）": 0, "オートマチック車（当事者A）": 1, "オートマチック車（当事者B）": 0, "サポカー（当事者A）": 11, "サポカー（当事者B）": 0, "速度規制（指定のみ）（当事者A）": 2, "速度規制（指定のみ）（当事者B）": 0, "車両の衝突部位（当事者A）": 50, "車両の衝突部位（当事者B）": 0, "車両の損壊程度（当事者A）": 3, "車両の損壊程度（当事者B）": 0, "エアバッグの装備（当事者A）": 2, "エアバッグの装備（当事者B）": 0, "サイドエアバッグの装備（当事者A）": 2, "サイドエアバッグの装備（当事者B）": 0, "人身損傷程度（当事者A）": 4, "人身損傷程度（当事者B）": 2, "地点　緯度（北緯）": 34.4547525, "地点　経度（東経）": 132.4634589, "曜日(発生年月日)": 3, "祝日(発生年月日)": 3, "認知機能検査経過日数（当事者A）": 9999, "認知機能検査経過日数（当事者B）": 0, "運転練習の方法（当事者A）": 9, "運転練習の方法（当事者B）": 0, "field_69": null }, "geometry": { "type": "Point", "coordinates": [ 132.4634589, 34.4547525 ] } },
{ "type": "Feature", "properties": { "資料区分": 1, "都道府県コード": 73, "警察署等コード": 126, "本票番号": 119, "事故内容": 2, "死者数": 0, "負傷者数": 1, "路線コード": 540, "地点コード": 119, "市区町村コード": 105, "発生日時　　年": 2024, "発生日時　　月": 2, "発生日時　　日": 15, "発生日時　　時": 19, "発生日時　　分": 30, "昼夜": 22, "日の出時刻　　時": 6, "日の出時刻　　分": 55, "日の入り時刻　　時": 17, "日の入り時刻　　分": 53, "天候": 3, "地形": 1, "路面状態": 1, "道路形状": 14, "信号機": 7, "一時停止規制　標識（当事者A）": 0, "一時停止規制　表示（当事者A）": 0, "一時停止規制　標識（当事者B）": 0, "一時停止規制　表示（当事者B）": 0, "車道幅員": 3, "道路線形": 9, "衝突地点": 1, "ゾーン規制": 70, "中央分離帯施設等": 1, "歩車道区分": 2, "事故類型": 1, "年齢（当事者A）": 45, "年齢（当事者B）": 1, "当事者種別（当事者A）": 3, "当事者種別（当事者B）": 61, "用途別（当事者A）": 31, "用途別（当事者B）": 0, "車両形状等（当事者A）": 1, "車両形状等（当事者B）": 0, "オートマチック車（当事者A）": 1, "オートマチック車（当事者B）": 0, "サポカー（当事者A）": 11, "サポカー（当事者B）": 0, "速度規制（指定のみ）（当事者A）": 4, "速度規制（指定のみ）（当事者B）": 0, "車両の衝突部位（当事者A）": 50, "車両の衝突部位（当事者B）": 0, "車両の損壊程度（当事者A）": 4, "車両の損壊程度（当事者B）": 0, "エアバッグの装備（当事者A）": 2, "エアバッグの装備（当事者B）": 0, "サイドエアバッグの装備（当事者A）": 2, "サイドエアバッグの装備（当事者B）": 0, "人身損傷程度（当事者A）": 4, "人身損傷程度（当事者B）": 2, "地点　緯度（北緯）": 34.48125583, "地点　経度（東経）": 132.4963967, "曜日(発生年月日)": 5, "祝日(発生年月日)": 3, "認知機能検査経過日数（当事者A）": 9999, "認知機能検査経過日数（当事者B）": 0, "運転練習の方法（当事者A）": 9, "運転練習の方法（当事者B）": 0, "field_69": null }, "geometry": { "type": "Point", "coordinates": [ 132.4963967, 34.48125583 ] } },
{ "type": "Feature", "properties": { "資料区分": 1, "都道府県コード": 73, "警察署等コード": 127, "本票番号": 79, "事故内容": 2, "死者数": 0, "負傷者数": 1, "路線コード": 37270, "地点コード": 0, "市区町村コード": 104, "発生日時　　年": 2024, "発生日時　　月": 3, "発生日時　　日": 14, "発生日時　　時": 14, "発生日時　　分": 23, "昼夜": 12, "日の出時刻　　時": 6, "日の出時刻　　分": 22, "日の入り時刻　　時": 18, "日の入り時刻　　分": 16, "天候": 1, "地形": 2, "路面状態": 1, "道路形状": 14, "信号機": 7, "一時停止規制　標識（当事者A）": 0, "一時停止規制　表示（当事者A）": 0, "一時停止規制　標識（当事者B）": 0, "一時停止規制　表示（当事者B）": 0, "車道幅員": 3, "道路線形": 9, "衝突地点": 1, "ゾーン規制": 70, "中央分離帯施設等": 5, "歩車道区分": 4, "事故類型": 1, "年齢（当事者A）": 75, "年齢（当事者B）": 1, "当事者種別（当事者A）": 3, "当事者種別（当事者B）": 61, "用途別（当事者A）": 31, "用途別（当事者B）": 0, "車両形状等（当事者A）": 1, "車両形状等（当事者B）": 0, "オートマチック車（当事者A）": 1, "オートマチック車（当事者B）": 0, "サポカー（当事者A）": 11, "サポカー（当事者B）": 0, "速度規制（指定のみ）（当事者A）": 10, "速度規制（指定のみ）（当事者B）": 0, "車両の衝突部位（当事者A）": 10, "車両の衝突部位（当事者B）": 0, "車両の損壊程度（当事者A）": 3, "車両の損壊程度（当事者B）": 0, "エアバッグの装備（当事者A）": 2, "エアバッグの装備（当事者B）": 0, "サイドエアバッグの装備（当事者A）": 2, "サイドエアバッグの装備（当事者B）": 0, "人身損傷程度（当事者A）": 4, "人身損傷程度（当事者B）": 2, "地点　緯度（北緯）": 34.37797389, "地点　経度（東経）": 132.4000472, "曜日(発生年月日)": 5, "祝日(発生年月日)": 3, "認知機能検査経過日数（当事者A）": 107, "認知機能検査経過日数（当事者B）": 0, "運転練習の方法（当事者A）": 9, "運転練習の方法（当事者B）": 0, "field_69": null }, "geometry": { "type": "Point", "coordinates": [ 132.400047199999989, 34.37797389 ] } },
{ "type": "Feature", "properties": { "資料区分": 1, "都道府県コード": 73, "警察署等コード": 127, "本票番号": 85, "事故内容": 2, "死者数": 0, "負傷者数": 1, "路線コード": 37270, "地点コード": 0, "市区町村コード": 104, "発生日時　　年": 2024, "発生日時　　月": 4, "発生日時　　日": 15, "発生日時　　時": 8, "発生日時　　分": 50, "昼夜": 12, "日の出時刻　　時": 5, "日の出時刻　　分": 39, "日の入り時刻　　時": 18, "日の入り時刻　　分": 42, "天候": 2, "地形": 1, "路面状態": 1, "道路形状": 1, "信号機": 7, "一時停止規制　標識（当事者A）": 9, "一時停止規制　表示（当事者A）": 22, "一時停止規制　標識（当事者B）": 0, "一時停止規制　表示（当事者B）": 0, "車道幅員": 15, "道路線形": 9, "衝突地点": 30, "ゾーン規制": 1, "中央分離帯施設等": 5, "歩車道区分": 3, "事故類型": 1, "年齢（当事者A）": 1, "年齢（当事者B）": 25, "当事者種別（当事者A）": 3, "当事者種別（当事者B）": 61, "用途別（当事者A）": 31, "用途別（当事者B）": 0, "車両形状等（当事者A）": 1, "車両形状等（当事者B）": 0, "オートマチック車（当事者A）": 1, "オートマチック車（当事者B）": 0, "サポカー（当事者A）": 11, "サポカー（当事者B）": 0, "速度規制（指定のみ）（当事者A）": 2, "速度規制（指定のみ）（当事者B）": 0, "車両の衝突部位（当事者A）": 10, "車両の衝突部位（当事者B）": 0, "車両の損壊程度（当事者A）": 3, "車両の損壊程度（当事者B）": 0, "エアバッグの装備（当事者A）": 2, "エアバッグの装備（当事者B）": 0, "サイドエアバッグの装備（当事者A）": 2, "サイドエアバッグの装備（当事者B）": 0, "人身損傷程度（当事者A）": 4, "人身損傷程度（当事者B）": 2, "地点　緯度（北緯）": 34.41168694, "地点　経度（東経）": 132.4477078, "曜日(発生年月日)": 2, "祝日(発生年月日)": 3, "認知機能検査経過日数（当事者A）": 9999, "認知機能検査経過日数（当事者B）": 0, "運転練習の方法（当事者A）": 1, "運転練習の方法（当事者B）": 0, "field_69": null }, "geometry": { "type": "Point", "coordinates": [ 132.447707799999989, 34.41168694 ] } },
{ "type": "Feature", "properties": { "資料区分": 1, "都道府県コード": 73, "警察署等コード": 129, "本票番号": 53, "事故内容": 2, "死者数": 0, "負傷者数": 1, "路線コード": 14410, "地点コード": 0, "市区町村コード": 108, "発生日時　　年": 2024, "発生日時　　月": 3, "発生日時　　日": 30, "発生日時　　時": 12, "発生日時　　分": 55, "昼夜": 12, "日の出時刻　　時": 6, "日の出時刻　　分": 0, "日の入り時刻　　時": 18, "日の入り時刻　　分": 29, "天候": 1, "地形": 1, "路面状態": 1, "道路形状": 1, "信号機": 1, "一時停止規制　標識（当事者A）": 9, "一時停止規制　表示（当事者A）": 22, "一時停止規制　標識（当事者B）": 0, "一時停止規制　表示（当事者B）": 0, "車道幅員": 15, "道路線形": 9, "衝突地点": 30, "ゾーン規制": 70, "中央分離帯施設等": 4, "歩車道区分": 2, "事故類型": 1, "年齢（当事者A）": 55, "年齢（当事者B）": 45, "当事者種別（当事者A）": 3, "当事者種別（当事者B）": 61, "用途別（当事者A）": 31, "用途別（当事者B）": 0, "車両形状等（当事者A）": 1, "車両形状等（当事者B）": 0, "オートマチック車（当事者A）": 1, "オートマチック車（当事者B）": 0, "サポカー（当事者A）": 11, "サポカー（当事者B）": 0, "速度規制（指定のみ）（当事者A）": 3, "速度規制（指定のみ）（当事者B）": 0, "車両の衝突部位（当事者A）": 80, "車両の衝突部位（当事者B）": 0, "車両の損壊程度（当事者A）": 3, "車両の損壊程度（当事者B）": 0, "エアバッグの装備（当事者A）": 2, "エアバッグの装備（当事者B）": 0, "サイドエアバッグの装備（当事者A）": 2, "サイドエアバッグの装備（当事者B）": 0, "人身損傷程度（当事者A）": 4, "人身損傷程度（当事者B）": 2, "地点　緯度（北緯）": 34.37196222, "地点　経度（東経）": 132.3511972, "曜日(発生年月日)": 7, "祝日(発生年月日)": 3, "認知機能検査経過日数（当事者A）": 9999, "認知機能検査経過日数（当事者B）": 0, "運転練習の方法（当事者A）": 5, "運転練習の方法（当事者B）": 0, "field_69": null }, "geometry": { "type": "Point", "coordinates": [ 132.3511972, 34.37196222 ] } },
{ "type": "Feature", "properties": { "資料区分": 1, "都道府県コード": 73, "警察署等コード": 101, "本票番号": 90, "事故内容": 2, "死者数": 0, "負傷者数": 1, "路線コード": 37010, "地点コード": 0, "市区町村コード": 302, "発生日時　　年": 2024, "発生日時　　月": 4, "発生日時　　日": 25, "発生日時　　時": 10, "発生日時　　分": 7, "昼夜": 12, "日の出時刻　　時": 5, "日の出時刻　　分": 27, "日の入り時刻　　時": 18, "日の入り時刻　　分": 50, "天候": 2, "地形": 1, "路面状態": 1, "道路形状": 7, "信号機": 7, "一時停止規制　標識（当事者A）": 0, "一時停止規制　表示（当事者A）": 0, "一時停止規制　標識（当事者B）": 0, "一時停止規制　表示（当事者B）": 0, "車道幅員": 2, "道路線形": 9, "衝突地点": 1, "ゾーン規制": 70, "中央分離帯施設等": 5, "歩車道区分": 3, "事故類型": 1, "年齢（当事者A）": 75, "年齢（当事者B）": 45, "当事者種別（当事者A）": 3, "当事者種別（当事者B）": 61, "用途別（当事者A）": 31, "用途別（当事者B）": 0, "車両形状等（当事者A）": 1, "車両形状等（当事者B）": 0, "オートマチック車（当事者A）": 1, "オートマチック車（当事者B）": 0, "サポカー（当事者A）": 11, "サポカー（当事者B）": 0, "速度規制（指定のみ）（当事者A）": 2, "速度規制（指定のみ）（当事者B）": 0, "車両の衝突部位（当事者A）": 40, "車両の衝突部位（当事者B）": 0, "車両の損壊程度（当事者A）": 4, "車両の損壊程度（当事者B）": 0, "エアバッグの装備（当事者A）": 2, "エアバッグの装備（当事者B）": 0, "サイドエアバッグの装備（当事者A）": 2, "サイドエアバッグの装備（当事者B）": 0, "人身損傷程度（当事者A）": 4, "人身損傷程度（当事者B）": 2, "地点　緯度（北緯）": 34.38892278, "地点　経度（東経）": 132.5022889, "曜日(発生年月日)": 5, "祝日(発生年月日)": 3, "認知機能検査経過日数（当事者A）": 9999, "認知機能検査経過日数（当事者B）": 0, "運転練習の方法（当事者A）": 9, "運転練習の方法（当事者B）": 0, "field_69": null }, "geometry": { "type": "Point", "coordinates": [ 132.5022889, 34.38892278 ] } },
{ "type": "Feature", "properties": { "資料区分": 1, "都道府県コード": 73, "警察署等コード": 102, "本票番号": 152, "事故内容": 2, "死者数": 0, "負傷者数": 1, "路線コード": 37020, "地点コード": 0, "市区町村コード": 101, "発生日時　　年": 2024, "発生日時　　月": 4, "発生日時　　日": 18, "発生日時　　時": 20, "発生日時　　分": 25, "昼夜": 22, "日の出時刻　　時": 5, "日の出時刻　　分": 35, "日の入り時刻　　時": 18, "日の入り時刻　　分": 44, "天候": 1, "地形": 1, "路面状態": 1, "道路形状": 14, "信号機": 7, "一時停止規制　標識（当事者A）": 0, "一時停止規制　表示（当事者A）": 0, "一時停止規制　標識（当事者B）": 0, "一時停止規制　表示（当事者B）": 0, "車道幅員": 2, "道路線形": 9, "衝突地点": 1, "ゾーン規制": 70, "中央分離帯施設等": 5, "歩車道区分": 3, "事故類型": 1, "年齢（当事者A）": 1, "年齢（当事者B）": 55, "当事者種別（当事者A）": 4, "当事者種別（当事者B）": 61, "用途別（当事者A）": 31, "用途別（当事者B）": 0, "車両形状等（当事者A）": 1, "車両形状等（当事者B）": 0, "オートマチック車（当事者A）": 1, "オートマチック車（当事者B）": 0, "サポカー（当事者A）": 11, "サポカー（当事者B）": 0, "速度規制（指定のみ）（当事者A）": 10, "速度規制（指定のみ）（当事者B）": 0, "車両の衝突部位（当事者A）": 80, "車両の衝突部位（当事者B）": 0, "車両の損壊程度（当事者A）": 3, "車両の損壊程度（当事者B）": 0, "エアバッグの装備（当事者A）": 2, "エアバッグの装備（当事者B）": 0, "サイドエアバッグの装備（当事者A）": 2, "サイドエアバッグの装備（当事者B）": 0, "人身損傷程度（当事者A）": 4, "人身損傷程度（当事者B）": 2, "地点　緯度（北緯）": 34.40646667, "地点　経度（東経）": 132.4605961, "曜日(発生年月日)": 5, "祝日(発生年月日)": 3, "認知機能検査経過日数（当事者A）": 9999, "認知機能検査経過日数（当事者B）": 0, "運転練習の方法（当事者A）": 1, "運転練習の方法（当事者B）": 0, "field_69": null }, "geometry": { "type": "Point", "coordinates": [ 132.4605961, 34.40646667 ] } },
{ "type": "Feature", "properties": { "資料区分": 1, "都道府県コード": 73, "警察署等コード": 102, "本票番号": 159, "事故内容": 2, "死者数": 0, "負傷者数": 1, "路線コード": 38040, "地点コード": 0, "市区町村コード": 101, "発生日時　　年": 2024, "発生日時　　月": 3, "発生日時　　日": 7, "発生日時　　時": 13, "発生日時　　分": 56, "昼夜": 12, "日の出時刻　　時": 6, "日の出時刻　　分": 31, "日の入り時刻　　時": 18, "日の入り時刻　　分": 10, "天候": 1, "地形": 1, "路面状態": 1, "道路形状": 1, "信号機": 1, "一時停止規制　標識（当事者A）": 9, "一時停止規制　表示（当事者A）": 22, "一時停止規制　標識（当事者B）": 0, "一時停止規制　表示（当事者B）": 0, "車道幅員": 15, "道路線形": 9, "衝突地点": 30, "ゾーン規制": 70, "中央分離帯施設等": 5, "歩車道区分": 2, "事故類型": 1, "年齢（当事者A）": 55, "年齢（当事者B）": 75, "当事者種別（当事者A）": 11, "当事者種別（当事者B）": 61, "用途別（当事者A）": 1, "用途別（当事者B）": 0, "車両形状等（当事者A）": 11, "車両形状等（当事者B）": 0, "オートマチック車（当事者A）": 1, "オートマチック車（当事者B）": 0, "サポカー（当事者A）": 11, "サポカー（当事者B）": 0, "速度規制（指定のみ）（当事者A）": 3, "速度規制（指定のみ）（当事者B）": 0, "車両の衝突部位（当事者A）": 50, "車両の衝突部位（当事者B）": 0, "車両の損壊程度（当事者A）": 3, "車両の損壊程度（当事者B）": 0, "エアバッグの装備（当事者A）": 2, "エアバッグの装備（当事者B）": 0, "サイドエアバッグの装備（当事者A）": 2, "サイドエアバッグの装備（当事者B）": 0, "人身損傷程度（当事者A）": 4, "人身損傷程度（当事者B）": 2, "地点　緯度（北緯）": 34.36151972, "地点　経度（東経）": 132.4435036, "曜日(発生年月日)": 5, "祝日(発生年月日)": 3, "認知機能検査経過日数（当事者A）": 9999, "認知機能検査経過日数（当事者B）": 0, "運転練習の方法（当事者A）": 9, "運転練習の方法（当事者B）": 0, "field_69": null }, "geometry": { "type": "Point", "coordinates": [ 132.443503600000014, 34.36151972 ] } },
{ "type": "Feature", "properties": { "資料区分": 1, "都道府県コード": 73, "警察署等コード": 102, "本票番号": 163, "事故内容": 2, "死者数": 0, "負傷者数": 1, "路線コード": 37020, "地点コード": 0, "市区町村コード": 101, "発生日時　　年": 2024, "発生日時　　月": 5, "発生日時　　日": 5, "発生日時　　時": 14, "発生日時　　分": 30, "昼夜": 12, "日の出時刻　　時": 5, "日の出時刻　　分": 17, "日の入り時刻　　時": 18, "日の入り時刻　　分": 58, "天候": 2, "地形": 1, "路面状態": 1, "道路形状": 14, "信号機": 7, "一時停止規制　標識（当事者A）": 0, "一時停止規制　表示（当事者A）": 0, "一時停止規制　標識（当事者B）": 0, "一時停止規制　表示（当事者B）": 0, "車道幅員": 3, "道路線形": 9, "衝突地点": 1, "ゾーン規制": 70, "中央分離帯施設等": 5, "歩車道区分": 4, "事故類型": 1, "年齢（当事者A）": 55, "年齢（当事者B）": 1, "当事者種別（当事者A）": 3, "当事者種別（当事者B）": 61, "用途別（当事者A）": 31, "用途別（当事者B）": 0, "車両形状等（当事者A）": 1, "車両形状等（当事者B）": 0, "オートマチック車（当事者A）": 1, "オートマチック車（当事者B）": 0, "サポカー（当事者A）": 11, "サポカー（当事者B）": 0, "速度規制（指定のみ）（当事者A）": 10, "速度規制（指定のみ）（当事者B）": 0, "車両の衝突部位（当事者A）": 80, "車両の衝突部位（当事者B）": 0, "車両の損壊程度（当事者A）": 3, "車両の損壊程度（当事者B）": 0, "エアバッグの装備（当事者A）": 2, "エアバッグの装備（当事者B）": 0, "サイドエアバッグの装備（当事者A）": 2, "サイドエアバッグの装備（当事者B）": 0, "人身損傷程度（当事者A）": 4, "人身損傷程度（当事者B）": 2, "地点　緯度（北緯）": 34.39336667, "地点　経度（東経）": 132.4609111, "曜日(発生年月日)": 1, "祝日(発生年月日)": 1, "認知機能検査経過日数（当事者A）": 9999, "認知機能検査経過日数（当事者B）": 0, "運転練習の方法（当事者A）": 9, "運転練習の方法（当事者B）": 0, "field_69": null }, "geometry": { "type": "Point", "coordinates": [ 132.4609111, 34.39336667 ] } },
{ "type": "Feature", "properties": { "資料区分": 1, "都道府県コード": 73, "警察署等コード": 102, "本票番号": 179, "事故内容": 2, "死者数": 0, "負傷者数": 1, "路線コード": 37020, "地点コード": 0, "市区町村コード": 101, "発生日時　　年": 2024, "発生日時　　月": 4, "発生日時　　日": 3, "発生日時　　時": 11, "発生日時　　分": 30, "昼夜": 12, "日の出時刻　　時": 5, "日の出時刻　　分": 55, "日の入り時刻　　時": 18, "日の入り時刻　　分": 33, "天候": 3, "地形": 1, "路面状態": 2, "道路形状": 1, "信号機": 7, "一時停止規制　標識（当事者A）": 0, "一時停止規制　表示（当事者A）": 0, "一時停止規制　標識（当事者B）": 0, "一時停止規制　表示（当事者B）": 0, "車道幅員": 18, "道路線形": 9, "衝突地点": 30, "ゾーン規制": 70, "中央分離帯施設等": 5, "歩車道区分": 2, "事故類型": 1, "年齢（当事者A）": 55, "年齢（当事者B）": 0, "当事者種別（当事者A）": 61, "当事者種別（当事者B）": 0, "用途別（当事者A）": 0, "用途別（当事者B）": 0, "車両形状等（当事者A）": 0, "車両形状等（当事者B）": 0, "オートマチック車（当事者A）": 0, "オートマチック車（当事者B）": 0, "サポカー（当事者A）": 0, "サポカー（当事者B）": 0, "速度規制（指定のみ）（当事者A）": 0, "速度規制（指定のみ）（当事者B）": 0, "車両の衝突部位（当事者A）": 0, "車両の衝突部位（当事者B）": 0, "車両の損壊程度（当事者A）": 0, "車両の損壊程度（当事者B）": 0, "エアバッグの装備（当事者A）": 0, "エアバッグの装備（当事者B）": 0, "サイドエアバッグの装備（当事者A）": 0, "サイドエアバッグの装備（当事者B）": 0, "人身損傷程度（当事者A）": 2, "人身損傷程度（当事者B）": 0, "地点　緯度（北緯）": 34.38296694, "地点　経度（東経）": 132.45497, "曜日(発生年月日)": 4, "祝日(発生年月日)": 3, "認知機能検査経過日数（当事者A）": 0, "認知機能検査経過日数（当事者B）": 0, "運転練習の方法（当事者A）": 0, "運転練習の方法（当事者B）": 0, "field_69": null }, "geometry": { "type": "Point", "coordinates": [ 132.45497, 34.38296694 ] } },
{ "type": "Feature", "properties": { "資料区分": 1, "都道府県コード": 73, "警察署等コード": 103, "本票番号": 88, "事故内容": 2, "死者数": 0, "負傷者数": 1, "路線コード": 37030, "地点コード": 0, "市区町村コード": 103, "発生日時　　年": 2024, "発生日時　　月": 4, "発生日時　　日": 5, "発生日時　　時": 20, "発生日時　　分": 45, "昼夜": 22, "日の出時刻　　時": 5, "日の出時刻　　分": 52, "日の入り時刻　　時": 18, "日の入り時刻　　分": 34, "天候": 1, "地形": 1, "路面状態": 1, "道路形状": 14, "信号機": 7, "一時停止規制　標識（当事者A）": 0, "一時停止規制　表示（当事者A）": 0, "一時停止規制　標識（当事者B）": 0, "一時停止規制　表示（当事者B）": 0, "車道幅員": 5, "道路線形": 9, "衝突地点": 1, "ゾーン規制": 70, "中央分離帯施設等": 5, "歩車道区分": 2, "事故類型": 1, "年齢（当事者A）": 35, "年齢（当事者B）": 75, "当事者種別（当事者A）": 51, "当事者種別（当事者B）": 61, "用途別（当事者A）": 41, "用途別（当事者B）": 0, "車両形状等（当事者A）": 0, "車両形状等（当事者B）": 0, "オートマチック車（当事者A）": 0, "オートマチック車（当事者B）": 0, "サポカー（当事者A）": 0, "サポカー（当事者B）": 0, "速度規制（指定のみ）（当事者A）": 0, "速度規制（指定のみ）（当事者B）": 0, "車両の衝突部位（当事者A）": 20, "車両の衝突部位（当事者B）": 0, "車両の損壊程度（当事者A）": 3, "車両の損壊程度（当事者B）": 0, "エアバッグの装備（当事者A）": 0, "エアバッグの装備（当事者B）": 0, "サイドエアバッグの装備（当事者A）": 0, "サイドエアバッグの装備（当事者B）": 0, "人身損傷程度（当事者A）": 4, "人身損傷程度（当事者B）": 2, "地点　緯度（北緯）": 34.39539389, "地点　経度（東経）": 132.4774589, "曜日(発生年月日)": 6, "祝日(発生年月日)": 3, "認知機能検査経過日数（当事者A）": 0, "認知機能検査経過日数（当事者B）": 0, "運転練習の方法（当事者A）": 0, "運転練習の方法（当事者B）": 0, "field_69": null }, "geometry": { "type": "Point", "coordinates": [ 132.477458899999988, 34.39539389 ] } },
{ "type": "Feature", "properties": { "資料区分": 1, "都道府県コード": 73, "警察署等コード": 103, "本票番号": 89, "事故内容": 2, "死者数": 0, "負傷者数": 1, "路線コード": 37030, "地点コード": 0, "市区町村コード": 103, "発生日時　　年": 2024, "発生日時　　月": 2, "発生日時　　日": 17, "発生日時　　時": 11, "発生日時　　分": 17, "昼夜": 12, "日の出時刻　　時": 6, "日の出時刻　　分": 53, "日の入り時刻　　時": 17, "日の入り時刻　　分": 55, "天候": 1, "地形": 1, "路面状態": 1, "道路形状": 1, "信号機": 7, "一時停止規制　標識（当事者A）": 9, "一時停止規制　表示（当事者A）": 22, "一時停止規制　標識（当事者B）": 0, "一時停止規制　表示（当事者B）": 0, "車道幅員": 15, "道路線形": 9, "衝突地点": 30, "ゾーン規制": 70, "中央分離帯施設等": 5, "歩車道区分": 2, "事故類型": 1, "年齢（当事者A）": 55, "年齢（当事者B）": 55, "当事者種別（当事者A）": 4, "当事者種別（当事者B）": 61, "用途別（当事者A）": 31, "用途別（当事者B）": 0, "車両形状等（当事者A）": 1, "車両形状等（当事者B）": 0, "オートマチック車（当事者A）": 1, "オートマチック車（当事者B）": 0, "サポカー（当事者A）": 11, "サポカー（当事者B）": 0, "速度規制（指定のみ）（当事者A）": 3, "速度規制（指定のみ）（当事者B）": 0, "車両の衝突部位（当事者A）": 80, "車両の衝突部位（当事者B）": 0, "車両の損壊程度（当事者A）": 3, "車両の損壊程度（当事者B）": 0, "エアバッグの装備（当事者A）": 2, "エアバッグの装備（当事者B）": 0, "サイドエアバッグの装備（当事者A）": 2, "サイドエアバッグの装備（当事者B）": 0, "人身損傷程度（当事者A）": 4, "人身損傷程度（当事者B）": 2, "地点　緯度（北緯）": 34.39460722, "地点　経度（東経）": 132.4706028, "曜日(発生年月日)": 7, "祝日(発生年月日)": 3, "認知機能検査経過日数（当事者A）": 9999, "認知機能検査経過日数（当事者B）": 0, "運転練習の方法（当事者A）": 9, "運転練習の方法（当事者B）": 0, "field_69": null }, "geometry": { "type": "Point", "coordinates": [ 132.4706028, 34.39460722 ] } },
{ "type": "Feature", "properties": { "資料区分": 1, "都道府県コード": 73, "警察署等コード": 103, "本票番号": 94, "事故内容": 2, "死者数": 0, "負傷者数": 1, "路線コード": 20, "地点コード": 3329, "市区町村コード": 103, "発生日時　　年": 2024, "発生日時　　月": 5, "発生日時　　日": 8, "発生日時　　時": 8, "発生日時　　分": 38, "昼夜": 12, "日の出時刻　　時": 5, "日の出時刻　　分": 14, "日の入り時刻　　時": 19, "日の入り時刻　　分": 0, "天候": 2, "地形": 1, "路面状態": 1, "道路形状": 1, "信号機": 1, "一時停止規制　標識（当事者A）": 9, "一時停止規制　表示（当事者A）": 22, "一時停止規制　標識（当事者B）": 0, "一時停止規制　表示（当事者B）": 0, "車道幅員": 19, "道路線形": 9, "衝突地点": 30, "ゾーン規制": 70, "中央分離帯施設等": 1, "歩車道区分": 2, "事故類型": 1, "年齢（当事者A）": 1, "年齢（当事者B）": 25, "当事者種別（当事者A）": 36, "当事者種別（当事者B）": 61, "用途別（当事者A）": 31, "用途別（当事者B）": 0, "車両形状等（当事者A）": 0, "車両形状等（当事者B）": 0, "オートマチック車（当事者A）": 0, "オートマチック車（当事者B）": 0, "サポカー（当事者A）": 11, "サポカー（当事者B）": 0, "速度規制（指定のみ）（当事者A）": 10, "速度規制（指定のみ）（当事者B）": 0, "車両の衝突部位（当事者A）": 10, "車両の衝突部位（当事者B）": 0, "車両の損壊程度（当事者A）": 3, "車両の損壊程度（当事者B）": 0, "エアバッグの装備（当事者A）": 0, "エアバッグの装備（当事者B）": 0, "サイドエアバッグの装備（当事者A）": 0, "サイドエアバッグの装備（当事者B）": 0, "人身損傷程度（当事者A）": 4, "人身損傷程度（当事者B）": 2, "地点　緯度（北緯）": 34.37970167, "地点　経度（東経）": 132.4866781, "曜日(発生年月日)": 4, "祝日(発生年月日)": 3, "認知機能検査経過日数（当事者A）": 9999, "認知機能検査経過日数（当事者B）": 0, "運転練習の方法（当事者A）": 5, "運転練習の方法（当事者B）": 0, "field_69": null }, "geometry": { "type": "Point", "coordinates": [ 132.4866781, 34.37970167 ] } },
{ "type": "Feature", "properties": { "資料区分": 1, "都道府県コード": 73, "警察署等コード": 103, "本票番号": 95, "事故内容": 2, "死者数": 0, "負傷者数": 2, "路線コード": 20, "地点コード": 3326, "市区町村コード": 103, "発生日時　　年": 2024, "発生日時　　月": 4, "発生日時　　日": 24, "発生日時　　時": 16, "発生日時　　分": 31, "昼夜": 12, "日の出時刻　　時": 5, "日の出時刻　　分": 28, "日の入り時刻　　時": 18, "日の入り時刻　　分": 49, "天候": 1, "地形": 2, "路面状態": 1, "道路形状": 7, "信号機": 1, "一時停止規制　標識（当事者A）": 0, "一時停止規制　表示（当事者A）": 0, "一時停止規制　標識（当事者B）": 0, "一時停止規制　表示（当事者B）": 0, "車道幅員": 6, "道路線形": 9, "衝突地点": 1, "ゾーン規制": 70, "中央分離帯施設等": 1, "歩車道区分": 2, "事故類型": 1, "年齢（当事者A）": 1, "年齢（当事者B）": 65, "当事者種別（当事者A）": 51, "当事者種別（当事者B）": 61, "用途別（当事者A）": 41, "用途別（当事者B）": 0, "車両形状等（当事者A）": 0, "車両形状等（当事者B）": 0, "オートマチック車（当事者A）": 0, "オートマチック車（当事者B）": 0, "サポカー（当事者A）": 0, "サポカー（当事者B）": 0, "速度規制（指定のみ）（当事者A）": 0, "速度規制（指定のみ）（当事者B）": 0, "車両の衝突部位（当事者A）": 10, "車両の衝突部位（当事者B）": 0, "車両の損壊程度（当事者A）": 3, "車両の損壊程度（当事者B）": 0, "エアバッグの装備（当事者A）": 0, "エアバッグの装備（当事者B）": 0, "サイドエアバッグの装備（当事者A）": 0, "サイドエアバッグの装備（当事者B）": 0, "人身損傷程度（当事者A）": 2, "人身損傷程度（当事者B）": 2, "地点　緯度（北緯）": 34.37889639, "地点　経度（東経）": 132.4892436, "曜日(発生年月日)": 4, "祝日(発生年月日)": 3, "認知機能検査経過日数（当事者A）": 0, "認知機能検査経過日数（当事者B）": 0, "運転練習の方法（当事者A）": 0, "運転練習の方法（当事者B）": 0, "field_69": null }, "geometry": { "type": "Point", "coordinates": [ 132.4892436, 34.37889639 ] } },
{ "type": "Feature", "properties": { "資料区分": 1, "都道府県コード": 73, "警察署等コード": 103, "本票番号": 98, "事故内容": 2, "死者数": 0, "負傷者数": 1, "路線コード": 37030, "地点コード": 0, "市区町村コード": 103, "発生日時　　年": 2024, "発生日時　　月": 5, "発生日時　　日": 2, "発生日時　　時": 9, "発生日時　　分": 5, "昼夜": 12, "日の出時刻　　時": 5, "日の出時刻　　分": 19, "日の入り時刻　　時": 18, "日の入り時刻　　分": 55, "天候": 1, "地形": 1, "路面状態": 1, "道路形状": 1, "信号機": 7, "一時停止規制　標識（当事者A）": 1, "一時停止規制　表示（当事者A）": 21, "一時停止規制　標識（当事者B）": 0, "一時停止規制　表示（当事者B）": 0, "車道幅員": 15, "道路線形": 9, "衝突地点": 30, "ゾーン規制": 70, "中央分離帯施設等": 5, "歩車道区分": 3, "事故類型": 1, "年齢（当事者A）": 75, "年齢（当事者B）": 75, "当事者種別（当事者A）": 4, "当事者種別（当事者B）": 61, "用途別（当事者A）": 31, "用途別（当事者B）": 0, "車両形状等（当事者A）": 1, "車両形状等（当事者B）": 0, "オートマチック車（当事者A）": 1, "オートマチック車（当事者B）": 0, "サポカー（当事者A）": 11, "サポカー（当事者B）": 0, "速度規制（指定のみ）（当事者A）": 3, "速度規制（指定のみ）（当事者B）": 0, "車両の衝突部位（当事者A）": 50, "車両の衝突部位（当事者B）": 0, "車両の損壊程度（当事者A）": 3, "車両の損壊程度（当事者B）": 0, "エアバッグの装備（当事者A）": 2, "エアバッグの装備（当事者B）": 0, "サイドエアバッグの装備（当事者A）": 2, "サイドエアバッグの装備（当事者B）": 0, "人身損傷程度（当事者A）": 4, "人身損傷程度（当事者B）": 2, "地点　緯度（北緯）": 34.39178222, "地点　経度（東経）": 132.4727658, "曜日(発生年月日)": 5, "祝日(発生年月日)": 2, "認知機能検査経過日数（当事者A）": 960, "認知機能検査経過日数（当事者B）": 0, "運転練習の方法（当事者A）": 9, "運転練習の方法（当事者B）": 0, "field_69": null }, "geometry": { "type": "Point", "coordinates": [ 132.4727658, 34.39178222 ] } },
{ "type": "Feature", "properties": { "資料区分": 1, "都道府県コード": 73, "警察署等コード": 103, "本票番号": 104, "事故内容": 2, "死者数": 0, "負傷者数": 1, "路線コード": 4870, "地点コード": 0, "市区町村コード": 103, "発生日時　　年": 2024, "発生日時　　月": 4, "発生日時　　日": 29, "発生日時　　時": 16, "発生日時　　分": 50, "昼夜": 12, "日の出時刻　　時": 5, "日の出時刻　　分": 23, "日の入り時刻　　時": 18, "日の入り時刻　　分": 53, "天候": 3, "地形": 1, "路面状態": 2, "道路形状": 14, "信号機": 7, "一時停止規制　標識（当事者A）": 0, "一時停止規制　表示（当事者A）": 0, "一時停止規制　標識（当事者B）": 0, "一時停止規制　表示（当事者B）": 0, "車道幅員": 4, "道路線形": 9, "衝突地点": 1, "ゾーン規制": 70, "中央分離帯施設等": 4, "歩車道区分": 2, "事故類型": 1, "年齢（当事者A）": 35, "年齢（当事者B）": 45, "当事者種別（当事者A）": 3, "当事者種別（当事者B）": 61, "用途別（当事者A）": 31, "用途別（当事者B）": 0, "車両形状等（当事者A）": 1, "車両形状等（当事者B）": 0, "オートマチック車（当事者A）": 1, "オートマチック車（当事者B）": 0, "サポカー（当事者A）": 11, "サポカー（当事者B）": 0, "速度規制（指定のみ）（当事者A）": 3, "速度規制（指定のみ）（当事者B）": 0, "車両の衝突部位（当事者A）": 10, "車両の衝突部位（当事者B）": 0, "車両の損壊程度（当事者A）": 3, "車両の損壊程度（当事者B）": 0, "エアバッグの装備（当事者A）": 2, "エアバッグの装備（当事者B）": 0, "サイドエアバッグの装備（当事者A）": 2, "サイドエアバッグの装備（当事者B）": 0, "人身損傷程度（当事者A）": 4, "人身損傷程度（当事者B）": 2, "地点　緯度（北緯）": 34.35643889, "地点　経度（東経）": 132.46323, "曜日(発生年月日)": 2, "祝日(発生年月日)": 1, "認知機能検査経過日数（当事者A）": 9999, "認知機能検査経過日数（当事者B）": 0, "運転練習の方法（当事者A）": 1, "運転練習の方法（当事者B）": 0, "field_69": null }, "geometry": { "type": "Point", "coordinates": [ 132.46323, 34.35643889 ] } },
{ "type": "Feature", "properties": { "資料区分": 1, "都道府県コード": 73, "警察署等コード": 103, "本票番号": 107, "事故内容": 2, "死者数": 0, "負傷者数": 2, "路線コード": 37030, "地点コード": 0, "市区町村コード": 103, "発生日時　　年": 2024, "発生日時　　月": 4, "発生日時　　日": 24, "発生日時　　時": 18, "発生日時　　分": 55, "昼夜": 21, "日の出時刻　　時": 5, "日の出時刻　　分": 28, "日の入り時刻　　時": 18, "日の入り時刻　　分": 49, "天候": 1, "地形": 1, "路面状態": 1, "道路形状": 14, "信号機": 7, "一時停止規制　標識（当事者A）": 0, "一時停止規制　表示（当事者A）": 0, "一時停止規制　標識（当事者B）": 0, "一時停止規制　表示（当事者B）": 0, "車道幅員": 5, "道路線形": 9, "衝突地点": 1, "ゾーン規制": 70, "中央分離帯施設等": 1, "歩車道区分": 2, "事故類型": 1, "年齢（当事者A）": 55, "年齢（当事者B）": 45, "当事者種別（当事者A）": 3, "当事者種別（当事者B）": 61, "用途別（当事者A）": 1, "用途別（当事者B）": 0, "車両形状等（当事者A）": 1, "車両形状等（当事者B）": 0, "オートマチック車（当事者A）": 1, "オートマチック車（当事者B）": 0, "サポカー（当事者A）": 11, "サポカー（当事者B）": 0, "速度規制（指定のみ）（当事者A）": 10, "速度規制（指定のみ）（当事者B）": 0, "車両の衝突部位（当事者A）": 10, "車両の衝突部位（当事者B）": 0, "車両の損壊程度（当事者A）": 3, "車両の損壊程度（当事者B）": 0, "エアバッグの装備（当事者A）": 2, "エアバッグの装備（当事者B）": 0, "サイドエアバッグの装備（当事者A）": 2, "サイドエアバッグの装備（当事者B）": 0, "人身損傷程度（当事者A）": 4, "人身損傷程度（当事者B）": 2, "地点　緯度（北緯）": 34.39862222, "地点　経度（東経）": 132.4759847, "曜日(発生年月日)": 4, "祝日(発生年月日)": 3, "認知機能検査経過日数（当事者A）": 9999, "認知機能検査経過日数（当事者B）": 0, "運転練習の方法（当事者A）": 9, "運転練習の方法（当事者B）": 0, "field_69": null }, "geometry": { "type": "Point", "coordinates": [ 132.4759847, 34.39862222 ] } },
{ "type": "Feature", "properties": { "資料区分": 1, "都道府県コード": 73, "警察署等コード": 103, "本票番号": 111, "事故内容": 2, "死者数": 0, "負傷者数": 1, "路線コード": 38020, "地点コード": 0, "市区町村コード": 103, "発生日時　　年": 2024, "発生日時　　月": 4, "発生日時　　日": 29, "発生日時　　時": 23, "発生日時　　分": 55, "昼夜": 22, "日の出時刻　　時": 5, "日の出時刻　　分": 23, "日の入り時刻　　時": 18, "日の入り時刻　　分": 53, "天候": 3, "地形": 2, "路面状態": 2, "道路形状": 14, "信号機": 7, "一時停止規制　標識（当事者A）": 0, "一時停止規制　表示（当事者A）": 0, "一時停止規制　標識（当事者B）": 0, "一時停止規制　表示（当事者B）": 0, "車道幅員": 5, "道路線形": 8, "衝突地点": 1, "ゾーン規制": 70, "中央分離帯施設等": 5, "歩車道区分": 2, "事故類型": 1, "年齢（当事者A）": 35, "年齢（当事者B）": 25, "当事者種別（当事者A）": 51, "当事者種別（当事者B）": 61, "用途別（当事者A）": 41, "用途別（当事者B）": 0, "車両形状等（当事者A）": 0, "車両形状等（当事者B）": 0, "オートマチック車（当事者A）": 0, "オートマチック車（当事者B）": 0, "サポカー（当事者A）": 0, "サポカー（当事者B）": 0, "速度規制（指定のみ）（当事者A）": 0, "速度規制（指定のみ）（当事者B）": 0, "車両の衝突部位（当事者A）": 10, "車両の衝突部位（当事者B）": 0, "車両の損壊程度（当事者A）": 3, "車両の損壊程度（当事者B）": 0, "エアバッグの装備（当事者A）": 0, "エアバッグの装備（当事者B）": 0, "サイドエアバッグの装備（当事者A）": 0, "サイドエアバッグの装備（当事者B）": 0, "人身損傷程度（当事者A）": 4, "人身損傷程度（当事者B）": 2, "地点　緯度（北緯）": 34.39583944, "地点　経度（東経）": 132.4715844, "曜日(発生年月日)": 2, "祝日(発生年月日)": 1, "認知機能検査経過日数（当事者A）": 0, "認知機能検査経過日数（当事者B）": 0, "運転練習の方法（当事者A）": 0, "運転練習の方法（当事者B）": 0, "field_69": null }, "geometry": { "type": "Point", "coordinates": [ 132.471584400000012, 34.39583944 ] } },
{ "type": "Feature", "properties": { "資料区分": 1, "都道府県コード": 73, "警察署等コード": 104, "本票番号": 53, "事故内容": 2, "死者数": 0, "負傷者数": 1, "路線コード": 37040, "地点コード": 0, "市区町村コード": 202, "発生日時　　年": 2024, "発生日時　　月": 4, "発生日時　　日": 18, "発生日時　　時": 11, "発生日時　　分": 1, "昼夜": 12, "日の出時刻　　時": 5, "日の出時刻　　分": 35, "日の入り時刻　　時": 18, "日の入り時刻　　分": 44, "天候": 1, "地形": 1, "路面状態": 1, "道路形状": 1, "信号機": 1, "一時停止規制　標識（当事者A）": 9, "一時停止規制　表示（当事者A）": 22, "一時停止規制　標識（当事者B）": 0, "一時停止規制　表示（当事者B）": 0, "車道幅員": 14, "道路線形": 9, "衝突地点": 30, "ゾーン規制": 70, "中央分離帯施設等": 5, "歩車道区分": 2, "事故類型": 1, "年齢（当事者A）": 65, "年齢（当事者B）": 75, "当事者種別（当事者A）": 4, "当事者種別（当事者B）": 61, "用途別（当事者A）": 31, "用途別（当事者B）": 0, "車両形状等（当事者A）": 1, "車両形状等（当事者B）": 0, "オートマチック車（当事者A）": 1, "オートマチック車（当事者B）": 0, "サポカー（当事者A）": 11, "サポカー（当事者B）": 0, "速度規制（指定のみ）（当事者A）": 3, "速度規制（指定のみ）（当事者B）": 0, "車両の衝突部位（当事者A）": 50, "車両の衝突部位（当事者B）": 0, "車両の損壊程度（当事者A）": 3, "車両の損壊程度（当事者B）": 0, "エアバッグの装備（当事者A）": 2, "エアバッグの装備（当事者B）": 0, "サイドエアバッグの装備（当事者A）": 2, "サイドエアバッグの装備（当事者B）": 0, "人身損傷程度（当事者A）": 4, "人身損傷程度（当事者B）": 2, "地点　緯度（北緯）": 34.25460444, "地点　経度（東経）": 132.5721342, "曜日(発生年月日)": 5, "祝日(発生年月日)": 3, "認知機能検査経過日数（当事者A）": 9999, "認知機能検査経過日数（当事者B）": 0, "運転練習の方法（当事者A）": 9, "運転練習の方法（当事者B）": 0, "field_69": null }, "geometry": { "type": "Point", "coordinates": [ 132.5721342, 34.25460444 ] } },
{ "type": "Feature", "properties": { "資料区分": 1, "都道府県コード": 73, "警察署等コード": 104, "本票番号": 55, "事故内容": 2, "死者数": 0, "負傷者数": 1, "路線コード": 1850, "地点コード": 3, "市区町村コード": 202, "発生日時　　年": 2024, "発生日時　　月": 5, "発生日時　　日": 6, "発生日時　　時": 18, "発生日時　　分": 18, "昼夜": 13, "日の出時刻　　時": 5, "日の出時刻　　分": 16, "日の入り時刻　　時": 18, "日の入り時刻　　分": 59, "天候": 3, "地形": 1, "路面状態": 2, "道路形状": 1, "信号機": 1, "一時停止規制　標識（当事者A）": 9, "一時停止規制　表示（当事者A）": 22, "一時停止規制　標識（当事者B）": 0, "一時停止規制　表示（当事者B）": 0, "車道幅員": 18, "道路線形": 9, "衝突地点": 30, "ゾーン規制": 70, "中央分離帯施設等": 1, "歩車道区分": 3, "事故類型": 1, "年齢（当事者A）": 25, "年齢（当事者B）": 65, "当事者種別（当事者A）": 3, "当事者種別（当事者B）": 61, "用途別（当事者A）": 31, "用途別（当事者B）": 0, "車両形状等（当事者A）": 1, "車両形状等（当事者B）": 0, "オートマチック車（当事者A）": 1, "オートマチック車（当事者B）": 0, "サポカー（当事者A）": 11, "サポカー（当事者B）": 0, "速度規制（指定のみ）（当事者A）": 4, "速度規制（指定のみ）（当事者B）": 0, "車両の衝突部位（当事者A）": 10, "車両の衝突部位（当事者B）": 0, "車両の損壊程度（当事者A）": 3, "車両の損壊程度（当事者B）": 0, "エアバッグの装備（当事者A）": 2, "エアバッグの装備（当事者B）": 0, "サイドエアバッグの装備（当事者A）": 2, "サイドエアバッグの装備（当事者B）": 0, "人身損傷程度（当事者A）": 4, "人身損傷程度（当事者B）": 2, "地点　緯度（北緯）": 34.24472333, "地点　経度（東経）": 132.5665608, "曜日(発生年月日)": 2, "祝日(発生年月日)": 1, "認知機能検査経過日数（当事者A）": 9999, "認知機能検査経過日数（当事者B）": 0, "運転練習の方法（当事者A）": 1, "運転練習の方法（当事者B）": 0, "field_69": null }, "geometry": { "type": "Point", "coordinates": [ 132.5665608, 34.24472333 ] } },
{ "type": "Feature", "properties": { "資料区分": 1, "都道府県コード": 73, "警察署等コード": 104, "本票番号": 60, "事故内容": 2, "死者数": 0, "負傷者数": 1, "路線コード": 22420, "地点コード": 0, "市区町村コード": 202, "発生日時　　年": 2024, "発生日時　　月": 5, "発生日時　　日": 12, "発生日時　　時": 10, "発生日時　　分": 47, "昼夜": 12, "日の出時刻　　時": 5, "日の出時刻　　分": 10, "日の入り時刻　　時": 19, "日の入り時刻　　分": 3, "天候": 3, "地形": 1, "路面状態": 2, "道路形状": 1, "信号機": 1, "一時停止規制　標識（当事者A）": 9, "一時停止規制　表示（当事者A）": 22, "一時停止規制　標識（当事者B）": 0, "一時停止規制　表示（当事者B）": 0, "車道幅員": 15, "道路線形": 9, "衝突地点": 30, "ゾーン規制": 70, "中央分離帯施設等": 4, "歩車道区分": 2, "事故類型": 1, "年齢（当事者A）": 65, "年齢（当事者B）": 55, "当事者種別（当事者A）": 3, "当事者種別（当事者B）": 61, "用途別（当事者A）": 1, "用途別（当事者B）": 0, "車両形状等（当事者A）": 1, "車両形状等（当事者B）": 0, "オートマチック車（当事者A）": 1, "オートマチック車（当事者B）": 0, "サポカー（当事者A）": 11, "サポカー（当事者B）": 0, "速度規制（指定のみ）（当事者A）": 3, "速度規制（指定のみ）（当事者B）": 0, "車両の衝突部位（当事者A）": 10, "車両の衝突部位（当事者B）": 0, "車両の損壊程度（当事者A）": 3, "車両の損壊程度（当事者B）": 0, "エアバッグの装備（当事者A）": 2, "エアバッグの装備（当事者B）": 0, "サイドエアバッグの装備（当事者A）": 2, "サイドエアバッグの装備（当事者B）": 0, "人身損傷程度（当事者A）": 4, "人身損傷程度（当事者B）": 2, "地点　緯度（北緯）": 34.24189278, "地点　経度（東経）": 132.5581472, "曜日(発生年月日)": 1, "祝日(発生年月日)": 3, "認知機能検査経過日数（当事者A）": 9999, "認知機能検査経過日数（当事者B）": 0, "運転練習の方法（当事者A）": 9, "運転練習の方法（当事者B）": 0, "field_69": null }, "geometry": { "type": "Point", "coordinates": [ 132.5581472, 34.24189278 ] } },
{ "type": "Feature", "properties": { "資料区分": 1, "都道府県コード": 73, "警察署等コード": 104, "本票番号": 63, "事故内容": 2, "死者数": 0, "負傷者数": 1, "路線コード": 37040, "地点コード": 0, "市区町村コード": 202, "発生日時　　年": 2024, "発生日時　　月": 5, "発生日時　　日": 14, "発生日時　　時": 15, "発生日時　　分": 5, "昼夜": 12, "日の出時刻　　時": 5, "日の出時刻　　分": 9, "日の入り時刻　　時": 19, "日の入り時刻　　分": 5, "天候": 1, "地形": 1, "路面状態": 1, "道路形状": 14, "信号機": 7, "一時停止規制　標識（当事者A）": 0, "一時停止規制　表示（当事者A）": 0, "一時停止規制　標識（当事者B）": 0, "一時停止規制　表示（当事者B）": 0, "車道幅員": 6, "道路線形": 9, "衝突地点": 1, "ゾーン規制": 70, "中央分離帯施設等": 1, "歩車道区分": 2, "事故類型": 1, "年齢（当事者A）": 45, "年齢（当事者B）": 55, "当事者種別（当事者A）": 3, "当事者種別（当事者B）": 61, "用途別（当事者A）": 31, "用途別（当事者B）": 0, "車両形状等（当事者A）": 1, "車両形状等（当事者B）": 0, "オートマチック車（当事者A）": 1, "オートマチック車（当事者B）": 0, "サポカー（当事者A）": 11, "サポカー（当事者B）": 0, "速度規制（指定のみ）（当事者A）": 4, "速度規制（指定のみ）（当事者B）": 0, "車両の衝突部位（当事者A）": 10, "車両の衝突部位（当事者B）": 0, "車両の損壊程度（当事者A）": 4, "車両の損壊程度（当事者B）": 0, "エアバッグの装備（当事者A）": 2, "エアバッグの装備（当事者B）": 0, "サイドエアバッグの装備（当事者A）": 2, "サイドエアバッグの装備（当事者B）": 0, "人身損傷程度（当事者A）": 4, "人身損傷程度（当事者B）": 2, "地点　緯度（北緯）": 34.24832944, "地点　経度（東経）": 132.56745, "曜日(発生年月日)": 3, "祝日(発生年月日)": 3, "認知機能検査経過日数（当事者A）": 9999, "認知機能検査経過日数（当事者B）": 0, "運転練習の方法（当事者A）": 1, "運転練習の方法（当事者B）": 0, "field_69": null }, "geometry": { "type": "Point", "coordinates": [ 132.56745, 34.24832944 ] } },
{ "type": "Feature", "properties": { "資料区分": 1, "都道府県コード": 73, "警察署等コード": 108, "本票番号": 46, "事故内容": 2, "死者数": 0, "負傷者数": 1, "路線コード": 37080, "地点コード": 0, "市区町村コード": 213, "発生日時　　年": 2024, "発生日時　　月": 3, "発生日時　　日": 29, "発生日時　　時": 9, "発生日時　　分": 6, "昼夜": 12, "日の出時刻　　時": 6, "日の出時刻　　分": 1, "日の入り時刻　　時": 18, "日の入り時刻　　分": 28, "天候": 1, "地形": 2, "路面状態": 1, "道路形状": 14, "信号機": 7, "一時停止規制　標識（当事者A）": 0, "一時停止規制　表示（当事者A）": 0, "一時停止規制　標識（当事者B）": 0, "一時停止規制　表示（当事者B）": 0, "車道幅員": 2, "道路線形": 9, "衝突地点": 1, "ゾーン規制": 70, "中央分離帯施設等": 5, "歩車道区分": 3, "事故類型": 1, "年齢（当事者A）": 45, "年齢（当事者B）": 45, "当事者種別（当事者A）": 3, "当事者種別（当事者B）": 61, "用途別（当事者A）": 31, "用途別（当事者B）": 0, "車両形状等（当事者A）": 1, "車両形状等（当事者B）": 0, "オートマチック車（当事者A）": 1, "オートマチック車（当事者B）": 0, "サポカー（当事者A）": 1, "サポカー（当事者B）": 0, "速度規制（指定のみ）（当事者A）": 2, "速度規制（指定のみ）（当事者B）": 0, "車両の衝突部位（当事者A）": 40, "車両の衝突部位（当事者B）": 0, "車両の損壊程度（当事者A）": 3, "車両の損壊程度（当事者B）": 0, "エアバッグの装備（当事者A）": 2, "エアバッグの装備（当事者B）": 0, "サイドエアバッグの装備（当事者A）": 2, "サイドエアバッグの装備（当事者B）": 0, "人身損傷程度（当事者A）": 4, "人身損傷程度（当事者B）": 2, "地点　緯度（北緯）": 34.28944444, "地点　経度（東経）": 132.2688889, "曜日(発生年月日)": 6, "祝日(発生年月日)": 3, "認知機能検査経過日数（当事者A）": 9999, "認知機能検査経過日数（当事者B）": 0, "運転練習の方法（当事者A）": 9, "運転練習の方法（当事者B）": 0, "field_69": null }, "geometry": { "type": "Point", "coordinates": [ 132.2688889, 34.28944444 ] } },
{ "type": "Feature", "properties": { "資料区分": 1, "都道府県コード": 73, "警察署等コード": 108, "本票番号": 49, "事故内容": 2, "死者数": 0, "負傷者数": 1, "路線コード": 37080, "地点コード": 0, "市区町村コード": 213, "発生日時　　年": 2024, "発生日時　　月": 5, "発生日時　　日": 13, "発生日時　　時": 16, "発生日時　　分": 31, "昼夜": 12, "日の出時刻　　時": 5, "日の出時刻　　分": 10, "日の入り時刻　　時": 19, "日の入り時刻　　分": 4, "天候": 1, "地形": 1, "路面状態": 1, "道路形状": 14, "信号機": 7, "一時停止規制　標識（当事者A）": 0, "一時停止規制　表示（当事者A）": 0, "一時停止規制　標識（当事者B）": 0, "一時停止規制　表示（当事者B）": 0, "車道幅員": 3, "道路線形": 9, "衝突地点": 1, "ゾーン規制": 70, "中央分離帯施設等": 4, "歩車道区分": 3, "事故類型": 1, "年齢（当事者A）": 55, "年齢（当事者B）": 65, "当事者種別（当事者A）": 3, "当事者種別（当事者B）": 61, "用途別（当事者A）": 31, "用途別（当事者B）": 0, "車両形状等（当事者A）": 1, "車両形状等（当事者B）": 0, "オートマチック車（当事者A）": 1, "オートマチック車（当事者B）": 0, "サポカー（当事者A）": 11, "サポカー（当事者B）": 0, "速度規制（指定のみ）（当事者A）": 2, "速度規制（指定のみ）（当事者B）": 0, "車両の衝突部位（当事者A）": 40, "車両の衝突部位（当事者B）": 0, "車両の損壊程度（当事者A）": 3, "車両の損壊程度（当事者B）": 0, "エアバッグの装備（当事者A）": 2, "エアバッグの装備（当事者B）": 0, "サイドエアバッグの装備（当事者A）": 2, "サイドエアバッグの装備（当事者B）": 0, "人身損傷程度（当事者A）": 4, "人身損傷程度（当事者B）": 2, "地点　緯度（北緯）": 34.36472222, "地点　経度（東経）": 132.3411111, "曜日(発生年月日)": 2, "祝日(発生年月日)": 3, "認知機能検査経過日数（当事者A）": 9999, "認知機能検査経過日数（当事者B）": 0, "運転練習の方法（当事者A）": 9, "運転練習の方法（当事者B）": 0, "field_69": null }, "geometry": { "type": "Point", "coordinates": [ 132.3411111, 34.36472222 ] } },
{ "type": "Feature", "properties": { "資料区分": 1, "都道府県コード": 73, "警察署等コード": 109, "本票番号": 10, "事故内容": 2, "死者数": 0, "負傷者数": 1, "路線コード": 37090, "地点コード": 0, "市区町村コード": 211, "発生日時　　年": 2024, "発生日時　　月": 3, "発生日時　　日": 28, "発生日時　　時": 13, "発生日時　　分": 35, "昼夜": 12, "日の出時刻　　時": 6, "日の出時刻　　分": 2, "日の入り時刻　　時": 18, "日の入り時刻　　分": 27, "天候": 3, "地形": 2, "路面状態": 2, "道路形状": 14, "信号機": 7, "一時停止規制　標識（当事者A）": 0, "一時停止規制　表示（当事者A）": 0, "一時停止規制　標識（当事者B）": 0, "一時停止規制　表示（当事者B）": 0, "車道幅員": 3, "道路線形": 7, "衝突地点": 1, "ゾーン規制": 70, "中央分離帯施設等": 5, "歩車道区分": 4, "事故類型": 1, "年齢（当事者A）": 55, "年齢（当事者B）": 1, "当事者種別（当事者A）": 3, "当事者種別（当事者B）": 61, "用途別（当事者A）": 31, "用途別（当事者B）": 0, "車両形状等（当事者A）": 1, "車両形状等（当事者B）": 0, "オートマチック車（当事者A）": 1, "オートマチック車（当事者B）": 0, "サポカー（当事者A）": 11, "サポカー（当事者B）": 0, "速度規制（指定のみ）（当事者A）": 10, "速度規制（指定のみ）（当事者B）": 0, "車両の衝突部位（当事者A）": 10, "車両の衝突部位（当事者B）": 0, "車両の損壊程度（当事者A）": 4, "車両の損壊程度（当事者B）": 0, "エアバッグの装備（当事者A）": 2, "エアバッグの装備（当事者B）": 0, "サイドエアバッグの装備（当事者A）": 2, "サイドエアバッグの装備（当事者B）": 0, "人身損傷程度（当事者A）": 4, "人身損傷程度（当事者B）": 2, "地点　緯度（北緯）": 34.2626225, "地点　経度（東経）": 132.2346547, "曜日(発生年月日)": 5, "祝日(発生年月日)": 3, "認知機能検査経過日数（当事者A）": 9999, "認知機能検査経過日数（当事者B）": 0, "運転練習の方法（当事者A）": 9, "運転練習の方法（当事者B）": 0, "field_69": null }, "geometry": { "type": "Point", "coordinates": [ 132.2346547, 34.2626225 ] } },
{ "type": "Feature", "properties": { "資料区分": 1, "都道府県コード": 73, "警察署等コード": 111, "本票番号": 50, "事故内容": 2, "死者数": 0, "負傷者数": 1, "路線コード": 37110, "地点コード": 0, "市区町村コード": 202, "発生日時　　年": 2024, "発生日時　　月": 4, "発生日時　　日": 17, "発生日時　　時": 16, "発生日時　　分": 12, "昼夜": 12, "日の出時刻　　時": 5, "日の出時刻　　分": 37, "日の入り時刻　　時": 18, "日の入り時刻　　分": 44, "天候": 1, "地形": 1, "路面状態": 1, "道路形状": 14, "信号機": 7, "一時停止規制　標識（当事者A）": 0, "一時停止規制　表示（当事者A）": 0, "一時停止規制　標識（当事者B）": 0, "一時停止規制　表示（当事者B）": 0, "車道幅員": 2, "道路線形": 9, "衝突地点": 1, "ゾーン規制": 70, "中央分離帯施設等": 5, "歩車道区分": 4, "事故類型": 1, "年齢（当事者A）": 65, "年齢（当事者B）": 1, "当事者種別（当事者A）": 3, "当事者種別（当事者B）": 61, "用途別（当事者A）": 31, "用途別（当事者B）": 0, "車両形状等（当事者A）": 1, "車両形状等（当事者B）": 0, "オートマチック車（当事者A）": 1, "オートマチック車（当事者B）": 0, "サポカー（当事者A）": 11, "サポカー（当事者B）": 0, "速度規制（指定のみ）（当事者A）": 10, "速度規制（指定のみ）（当事者B）": 0, "車両の衝突部位（当事者A）": 10, "車両の衝突部位（当事者B）": 0, "車両の損壊程度（当事者A）": 3, "車両の損壊程度（当事者B）": 0, "エアバッグの装備（当事者A）": 2, "エアバッグの装備（当事者B）": 0, "サイドエアバッグの装備（当事者A）": 2, "サイドエアバッグの装備（当事者B）": 0, "人身損傷程度（当事者A）": 4, "人身損傷程度（当事者B）": 2, "地点　緯度（北緯）": 34.23459333, "地点　経度（東経）": 132.6928244, "曜日(発生年月日)": 4, "祝日(発生年月日)": 3, "認知機能検査経過日数（当事者A）": 9999, "認知機能検査経過日数（当事者B）": 0, "運転練習の方法（当事者A）": 9, "運転練習の方法（当事者B）": 0, "field_69": null }, "geometry": { "type": "Point", "coordinates": [ 132.6928244, 34.23459333 ] } },
{ "type": "Feature", "properties": { "資料区分": 1, "都道府県コード": 73, "警察署等コード": 111, "本票番号": 52, "事故内容": 2, "死者数": 0, "負傷者数": 1, "路線コード": 1850, "地点コード": 70, "市区町村コード": 202, "発生日時　　年": 2024, "発生日時　　月": 4, "発生日時　　日": 18, "発生日時　　時": 12, "発生日時　　分": 10, "昼夜": 12, "日の出時刻　　時": 5, "日の出時刻　　分": 35, "日の入り時刻　　時": 18, "日の入り時刻　　分": 44, "天候": 1, "地形": 2, "路面状態": 1, "道路形状": 1, "信号機": 1, "一時停止規制　標識（当事者A）": 9, "一時停止規制　表示（当事者A）": 22, "一時停止規制　標識（当事者B）": 0, "一時停止規制　表示（当事者B）": 0, "車道幅員": 18, "道路線形": 9, "衝突地点": 30, "ゾーン規制": 70, "中央分離帯施設等": 5, "歩車道区分": 2, "事故類型": 1, "年齢（当事者A）": 65, "年齢（当事者B）": 75, "当事者種別（当事者A）": 3, "当事者種別（当事者B）": 61, "用途別（当事者A）": 31, "用途別（当事者B）": 0, "車両形状等（当事者A）": 1, "車両形状等（当事者B）": 0, "オートマチック車（当事者A）": 1, "オートマチック車（当事者B）": 0, "サポカー（当事者A）": 11, "サポカー（当事者B）": 0, "速度規制（指定のみ）（当事者A）": 4, "速度規制（指定のみ）（当事者B）": 0, "車両の衝突部位（当事者A）": 10, "車両の衝突部位（当事者B）": 0, "車両の損壊程度（当事者A）": 4, "車両の損壊程度（当事者B）": 0, "エアバッグの装備（当事者A）": 2, "エアバッグの装備（当事者B）": 0, "サイドエアバッグの装備（当事者A）": 2, "サイドエアバッグの装備（当事者B）": 0, "人身損傷程度（当事者A）": 4, "人身損傷程度（当事者B）": 2, "地点　緯度（北緯）": 34.23232583, "地点　経度（東経）": 132.6181439, "曜日(発生年月日)": 5, "祝日(発生年月日)": 3, "認知機能検査経過日数（当事者A）": 9999, "認知機能検査経過日数（当事者B）": 0, "運転練習の方法（当事者A）": 9, "運転練習の方法（当事者B）": 0, "field_69": null }, "geometry": { "type": "Point", "coordinates": [ 132.6181439, 34.23232583 ] } },
{ "type": "Feature", "properties": { "資料区分": 1, "都道府県コード": 73, "警察署等コード": 111, "本票番号": 57, "事故内容": 2, "死者数": 0, "負傷者数": 1, "路線コード": 3750, "地点コード": 0, "市区町村コード": 202, "発生日時　　年": 2024, "発生日時　　月": 5, "発生日時　　日": 3, "発生日時　　時": 2, "発生日時　　分": 40, "昼夜": 22, "日の出時刻　　時": 5, "日の出時刻　　分": 18, "日の入り時刻　　時": 18, "日の入り時刻　　分": 56, "天候": 2, "地形": 3, "路面状態": 1, "道路形状": 1, "信号機": 7, "一時停止規制　標識（当事者A）": 9, "一時停止規制　表示（当事者A）": 22, "一時停止規制　標識（当事者B）": 0, "一時停止規制　表示（当事者B）": 0, "車道幅員": 14, "道路線形": 9, "衝突地点": 30, "ゾーン規制": 70, "中央分離帯施設等": 4, "歩車道区分": 2, "事故類型": 1, "年齢（当事者A）": 45, "年齢（当事者B）": 45, "当事者種別（当事者A）": 36, "当事者種別（当事者B）": 61, "用途別（当事者A）": 31, "用途別（当事者B）": 0, "車両形状等（当事者A）": 0, "車両形状等（当事者B）": 0, "オートマチック車（当事者A）": 0, "オートマチック車（当事者B）": 0, "サポカー（当事者A）": 11, "サポカー（当事者B）": 0, "速度規制（指定のみ）（当事者A）": 10, "速度規制（指定のみ）（当事者B）": 0, "車両の衝突部位（当事者A）": 10, "車両の衝突部位（当事者B）": 0, "車両の損壊程度（当事者A）": 3, "車両の損壊程度（当事者B）": 0, "エアバッグの装備（当事者A）": 0, "エアバッグの装備（当事者B）": 0, "サイドエアバッグの装備（当事者A）": 0, "サイドエアバッグの装備（当事者B）": 0, "人身損傷程度（当事者A）": 4, "人身損傷程度（当事者B）": 2, "地点　緯度（北緯）": 34.24850278, "地点　経度（東経）": 132.6290806, "曜日(発生年月日)": 6, "祝日(発生年月日)": 1, "認知機能検査経過日数（当事者A）": 9999, "認知機能検査経過日数（当事者B）": 0, "運転練習の方法（当事者A）": 1, "運転練習の方法（当事者B）": 0, "field_69": null }, "geometry": { "type": "Point", "coordinates": [ 132.6290806, 34.24850278 ] } },
{ "type": "Feature", "properties": { "資料区分": 1, "都道府県コード": 73, "警察署等コード": 114, "本票番号": 83, "事故内容": 2, "死者数": 0, "負傷者数": 1, "路線コード": 22530, "地点コード": 0, "市区町村コード": 106, "発生日時　　年": 2024, "発生日時　　月": 4, "発生日時　　日": 10, "発生日時　　時": 12, "発生日時　　分": 57, "昼夜": 12, "日の出時刻　　時": 5, "日の出時刻　　分": 45, "日の入り時刻　　時": 18, "日の入り時刻　　分": 38, "天候": 1, "地形": 2, "路面状態": 1, "道路形状": 14, "信号機": 7, "一時停止規制　標識（当事者A）": 0, "一時停止規制　表示（当事者A）": 0, "一時停止規制　標識（当事者B）": 0, "一時停止規制　表示（当事者B）": 0, "車道幅員": 3, "道路線形": 9, "衝突地点": 1, "ゾーン規制": 70, "中央分離帯施設等": 5, "歩車道区分": 2, "事故類型": 1, "年齢（当事者A）": 75, "年齢（当事者B）": 1, "当事者種別（当事者A）": 4, "当事者種別（当事者B）": 61, "用途別（当事者A）": 31, "用途別（当事者B）": 0, "車両形状等（当事者A）": 1, "車両形状等（当事者B）": 0, "オートマチック車（当事者A）": 1, "オートマチック車（当事者B）": 0, "サポカー（当事者A）": 11, "サポカー（当事者B）": 0, "速度規制（指定のみ）（当事者A）": 3, "速度規制（指定のみ）（当事者B）": 0, "車両の衝突部位（当事者A）": 80, "車両の衝突部位（当事者B）": 0, "車両の損壊程度（当事者A）": 3, "車両の損壊程度（当事者B）": 0, "エアバッグの装備（当事者A）": 2, "エアバッグの装備（当事者B）": 0, "サイドエアバッグの装備（当事者A）": 2, "サイドエアバッグの装備（当事者B）": 0, "人身損傷程度（当事者A）": 4, "人身損傷程度（当事者B）": 2, "地点　緯度（北緯）": 34.538925, "地点　経度（東経）": 132.5136472, "曜日(発生年月日)": 4, "祝日(発生年月日)": 3, "認知機能検査経過日数（当事者A）": 557, "認知機能検査経過日数（当事者B）": 0, "運転練習の方法（当事者A）": 9, "運転練習の方法（当事者B）": 0, "field_69": null }, "geometry": { "type": "Point", "coordinates": [ 132.5136472, 34.538925 ] } },
{ "type": "Feature", "properties": { "資料区分": 1, "都道府県コード": 73, "警察署等コード": 114, "本票番号": 94, "事故内容": 2, "死者数": 0, "負傷者数": 1, "路線コード": 37140, "地点コード": 0, "市区町村コード": 106, "発生日時　　年": 2024, "発生日時　　月": 3, "発生日時　　日": 3, "発生日時　　時": 18, "発生日時　　分": 40, "昼夜": 21, "日の出時刻　　時": 6, "日の出時刻　　分": 36, "日の入り時刻　　時": 18, "日の入り時刻　　分": 7, "天候": 1, "地形": 1, "路面状態": 1, "道路形状": 1, "信号機": 7, "一時停止規制　標識（当事者A）": 9, "一時停止規制　表示（当事者A）": 22, "一時停止規制　標識（当事者B）": 0, "一時停止規制　表示（当事者B）": 0, "車道幅員": 11, "道路線形": 9, "衝突地点": 30, "ゾーン規制": 70, "中央分離帯施設等": 5, "歩車道区分": 3, "事故類型": 1, "年齢（当事者A）": 55, "年齢（当事者B）": 75, "当事者種別（当事者A）": 4, "当事者種別（当事者B）": 61, "用途別（当事者A）": 31, "用途別（当事者B）": 0, "車両形状等（当事者A）": 1, "車両形状等（当事者B）": 0, "オートマチック車（当事者A）": 1, "オートマチック車（当事者B）": 0, "サポカー（当事者A）": 11, "サポカー（当事者B）": 0, "速度規制（指定のみ）（当事者A）": 2, "速度規制（指定のみ）（当事者B）": 0, "車両の衝突部位（当事者A）": 10, "車両の衝突部位（当事者B）": 0, "車両の損壊程度（当事者A）": 3, "車両の損壊程度（当事者B）": 0, "エアバッグの装備（当事者A）": 2, "エアバッグの装備（当事者B）": 0, "サイドエアバッグの装備（当事者A）": 2, "サイドエアバッグの装備（当事者B）": 0, "人身損傷程度（当事者A）": 4, "人身損傷程度（当事者B）": 2, "地点　緯度（北緯）": 34.51444611, "地点　経度（東経）": 132.5126756, "曜日(発生年月日)": 1, "祝日(発生年月日)": 3, "認知機能検査経過日数（当事者A）": 9999, "認知機能検査経過日数（当事者B）": 0, "運転練習の方法（当事者A）": 9, "運転練習の方法（当事者B）": 0, "field_69": null }, "geometry": { "type": "Point", "coordinates": [ 132.5126756, 34.51444611 ] } },
{ "type": "Feature", "properties": { "資料区分": 1, "都道府県コード": 73, "警察署等コード": 114, "本票番号": 95, "事故内容": 2, "死者数": 0, "負傷者数": 1, "路線コード": 37140, "地点コード": 0, "市区町村コード": 106, "発生日時　　年": 2024, "発生日時　　月": 4, "発生日時　　日": 16, "発生日時　　時": 8, "発生日時　　分": 0, "昼夜": 12, "日の出時刻　　時": 5, "日の出時刻　　分": 38, "日の入り時刻　　時": 18, "日の入り時刻　　分": 43, "天候": 2, "地形": 3, "路面状態": 1, "道路形状": 14, "信号機": 7, "一時停止規制　標識（当事者A）": 0, "一時停止規制　表示（当事者A）": 0, "一時停止規制　標識（当事者B）": 0, "一時停止規制　表示（当事者B）": 0, "車道幅員": 3, "道路線形": 8, "衝突地点": 1, "ゾーン規制": 70, "中央分離帯施設等": 4, "歩車道区分": 1, "事故類型": 1, "年齢（当事者A）": 35, "年齢（当事者B）": 1, "当事者種別（当事者A）": 3, "当事者種別（当事者B）": 61, "用途別（当事者A）": 31, "用途別（当事者B）": 0, "車両形状等（当事者A）": 1, "車両形状等（当事者B）": 0, "オートマチック車（当事者A）": 1, "オートマチック車（当事者B）": 0, "サポカー（当事者A）": 11, "サポカー（当事者B）": 0, "速度規制（指定のみ）（当事者A）": 3, "速度規制（指定のみ）（当事者B）": 0, "車両の衝突部位（当事者A）": 10, "車両の衝突部位（当事者B）": 0, "車両の損壊程度（当事者A）": 3, "車両の損壊程度（当事者B）": 0, "エアバッグの装備（当事者A）": 2, "エアバッグの装備（当事者B）": 0, "サイドエアバッグの装備（当事者A）": 2, "サイドエアバッグの装備（当事者B）": 0, "人身損傷程度（当事者A）": 4, "人身損傷程度（当事者B）": 2, "地点　緯度（北緯）": 34.53469167, "地点　経度（東経）": 132.5374972, "曜日(発生年月日)": 3, "祝日(発生年月日)": 3, "認知機能検査経過日数（当事者A）": 9999, "認知機能検査経過日数（当事者B）": 0, "運転練習の方法（当事者A）": 1, "運転練習の方法（当事者B）": 0, "field_69": null }, "geometry": { "type": "Point", "coordinates": [ 132.5374972, 34.53469167 ] } },
{ "type": "Feature", "properties": { "資料区分": 1, "都道府県コード": 73, "警察署等コード": 114, "本票番号": 102, "事故内容": 2, "死者数": 0, "負傷者数": 1, "路線コード": 37140, "地点コード": 0, "市区町村コード": 106, "発生日時　　年": 2024, "発生日時　　月": 5, "発生日時　　日": 5, "発生日時　　時": 10, "発生日時　　分": 30, "昼夜": 12, "日の出時刻　　時": 5, "日の出時刻　　分": 17, "日の入り時刻　　時": 18, "日の入り時刻　　分": 58, "天候": 1, "地形": 1, "路面状態": 1, "道路形状": 1, "信号機": 1, "一時停止規制　標識（当事者A）": 9, "一時停止規制　表示（当事者A）": 22, "一時停止規制　標識（当事者B）": 0, "一時停止規制　表示（当事者B）": 0, "車道幅員": 18, "道路線形": 9, "衝突地点": 30, "ゾーン規制": 70, "中央分離帯施設等": 5, "歩車道区分": 1, "事故類型": 1, "年齢（当事者A）": 75, "年齢（当事者B）": 75, "当事者種別（当事者A）": 3, "当事者種別（当事者B）": 61, "用途別（当事者A）": 31, "用途別（当事者B）": 0, "車両形状等（当事者A）": 1, "車両形状等（当事者B）": 0, "オートマチック車（当事者A）": 1, "オートマチック車（当事者B）": 0, "サポカー（当事者A）": 11, "サポカー（当事者B）": 0, "速度規制（指定のみ）（当事者A）": 4, "速度規制（指定のみ）（当事者B）": 0, "車両の衝突部位（当事者A）": 0, "車両の衝突部位（当事者B）": 0, "車両の損壊程度（当事者A）": 4, "車両の損壊程度（当事者B）": 0, "エアバッグの装備（当事者A）": 2, "エアバッグの装備（当事者B）": 0, "サイドエアバッグの装備（当事者A）": 2, "サイドエアバッグの装備（当事者B）": 0, "人身損傷程度（当事者A）": 4, "人身損傷程度（当事者B）": 2, "地点　緯度（北緯）": 34.4825775, "地点　経度（東経）": 132.5213261, "曜日(発生年月日)": 1, "祝日(発生年月日)": 1, "認知機能検査経過日数（当事者A）": 342, "認知機能検査経過日数（当事者B）": 0, "運転練習の方法（当事者A）": 9, "運転練習の方法（当事者B）": 0, "field_69": null }, "geometry": { "type": "Point", "coordinates": [ 132.52132610000001, 34.4825775 ] } },
{ "type": "Feature", "properties": { "資料区分": 1, "都道府県コード": 73, "警察署等コード": 117, "本票番号": 54, "事故内容": 2, "死者数": 0, "負傷者数": 1, "路線コード": 23660, "地点コード": 0, "市区町村コード": 205, "発生日時　　年": 2024, "発生日時　　月": 3, "発生日時　　日": 25, "発生日時　　時": 18, "発生日時　　分": 43, "昼夜": 21, "日の出時刻　　時": 6, "日の出時刻　　分": 7, "日の入り時刻　　時": 18, "日の入り時刻　　分": 25, "天候": 3, "地形": 2, "路面状態": 2, "道路形状": 1, "信号機": 1, "一時停止規制　標識（当事者A）": 1, "一時停止規制　表示（当事者A）": 21, "一時停止規制　標識（当事者B）": 0, "一時停止規制　表示（当事者B）": 0, "車道幅員": 15, "道路線形": 9, "衝突地点": 30, "ゾーン規制": 70, "中央分離帯施設等": 5, "歩車道区分": 2, "事故類型": 1, "年齢（当事者A）": 75, "年齢（当事者B）": 65, "当事者種別（当事者A）": 3, "当事者種別（当事者B）": 61, "用途別（当事者A）": 31, "用途別（当事者B）": 0, "車両形状等（当事者A）": 1, "車両形状等（当事者B）": 0, "オートマチック車（当事者A）": 1, "オートマチック車（当事者B）": 0, "サポカー（当事者A）": 11, "サポカー（当事者B）": 0, "速度規制（指定のみ）（当事者A）": 3, "速度規制（指定のみ）（当事者B）": 0, "車両の衝突部位（当事者A）": 10, "車両の衝突部位（当事者B）": 0, "車両の損壊程度（当事者A）": 3, "車両の損壊程度（当事者B）": 0, "エアバッグの装備（当事者A）": 2, "エアバッグの装備（当事者B）": 0, "サイドエアバッグの装備（当事者A）": 2, "サイドエアバッグの装備（当事者B）": 0, "人身損傷程度（当事者A）": 4, "人身損傷程度（当事者B）": 2, "地点　緯度（北緯）": 34.29213278, "地点　経度（東経）": 133.1743406, "曜日(発生年月日)": 2, "祝日(発生年月日)": 3, "認知機能検査経過日数（当事者A）": 583, "認知機能検査経過日数（当事者B）": 0, "運転練習の方法（当事者A）": 9, "運転練習の方法（当事者B）": 0, "field_69": null }, "geometry": { "type": "Point", "coordinates": [ 133.1743406, 34.29213278 ] } },
{ "type": "Feature", "properties": { "資料区分": 1, "都道府県コード": 73, "警察署等コード": 117, "本票番号": 55, "事故内容": 2, "死者数": 0, "負傷者数": 1, "路線コード": 99000, "地点コード": 0, "市区町村コード": 205, "発生日時　　年": 2024, "発生日時　　月": 4, "発生日時　　日": 24, "発生日時　　時": 21, "発生日時　　分": 55, "昼夜": 22, "日の出時刻　　時": 5, "日の出時刻　　分": 28, "日の入り時刻　　時": 18, "日の入り時刻　　分": 49, "天候": 2, "地形": 3, "路面状態": 1, "道路形状": 0, "信号機": 7, "一時停止規制　標識（当事者A）": 0, "一時停止規制　表示（当事者A）": 0, "一時停止規制　標識（当事者B）": 0, "一時停止規制　表示（当事者B）": 0, "車道幅員": 0, "道路線形": 0, "衝突地点": 20, "ゾーン規制": 70, "中央分離帯施設等": 0, "歩車道区分": 4, "事故類型": 1, "年齢（当事者A）": 65, "年齢（当事者B）": 55, "当事者種別（当事者A）": 3, "当事者種別（当事者B）": 61, "用途別（当事者A）": 1, "用途別（当事者B）": 0, "車両形状等（当事者A）": 1, "車両形状等（当事者B）": 0, "オートマチック車（当事者A）": 1, "オートマチック車（当事者B）": 0, "サポカー（当事者A）": 11, "サポカー（当事者B）": 0, "速度規制（指定のみ）（当事者A）": 10, "速度規制（指定のみ）（当事者B）": 0, "車両の衝突部位（当事者A）": 30, "車両の衝突部位（当事者B）": 0, "車両の損壊程度（当事者A）": 4, "車両の損壊程度（当事者B）": 0, "エアバッグの装備（当事者A）": 2, "エアバッグの装備（当事者B）": 0, "サイドエアバッグの装備（当事者A）": 2, "サイドエアバッグの装備（当事者B）": 0, "人身損傷程度（当事者A）": 4, "人身損傷程度（当事者B）": 2, "地点　緯度（北緯）": 34.40041167, "地点　経度（東経）": 133.1814158, "曜日(発生年月日)": 4, "祝日(発生年月日)": 3, "認知機能検査経過日数（当事者A）": 9999, "認知機能検査経過日数（当事者B）": 0, "運転練習の方法（当事者A）": 9, "運転練習の方法（当事者B）": 0, "field_69": null }, "geometry": { "type": "Point", "coordinates": [ 133.1814158, 34.40041167 ] } },
{ "type": "Feature", "properties": { "資料区分": 1, "都道府県コード": 73, "警察署等コード": 117, "本票番号": 60, "事故内容": 2, "死者数": 0, "負傷者数": 1, "路線コード": 23660, "地点コード": 0, "市区町村コード": 205, "発生日時　　年": 2024, "発生日時　　月": 5, "発生日時　　日": 21, "発生日時　　時": 10, "発生日時　　分": 22, "昼夜": 12, "日の出時刻　　時": 5, "日の出時刻　　分": 4, "日の入り時刻　　時": 19, "日の入り時刻　　分": 10, "天候": 1, "地形": 2, "路面状態": 1, "道路形状": 14, "信号機": 7, "一時停止規制　標識（当事者A）": 0, "一時停止規制　表示（当事者A）": 0, "一時停止規制　標識（当事者B）": 0, "一時停止規制　表示（当事者B）": 0, "車道幅員": 3, "道路線形": 8, "衝突地点": 1, "ゾーン規制": 70, "中央分離帯施設等": 4, "歩車道区分": 3, "事故類型": 1, "年齢（当事者A）": 25, "年齢（当事者B）": 75, "当事者種別（当事者A）": 4, "当事者種別（当事者B）": 61, "用途別（当事者A）": 31, "用途別（当事者B）": 0, "車両形状等（当事者A）": 1, "車両形状等（当事者B）": 0, "オートマチック車（当事者A）": 1, "オートマチック車（当事者B）": 0, "サポカー（当事者A）": 11, "サポカー（当事者B）": 0, "速度規制（指定のみ）（当事者A）": 10, "速度規制（指定のみ）（当事者B）": 0, "車両の衝突部位（当事者A）": 20, "車両の衝突部位（当事者B）": 0, "車両の損壊程度（当事者A）": 3, "車両の損壊程度（当事者B）": 0, "エアバッグの装備（当事者A）": 2, "エアバッグの装備（当事者B）": 0, "サイドエアバッグの装備（当事者A）": 2, "サイドエアバッグの装備（当事者B）": 0, "人身損傷程度（当事者A）": 4, "人身損傷程度（当事者B）": 2, "地点　緯度（北緯）": 34.28621833, "地点　経度（東経）": 133.1768525, "曜日(発生年月日)": 3, "祝日(発生年月日)": 3, "認知機能検査経過日数（当事者A）": 9999, "認知機能検査経過日数（当事者B）": 0, "運転練習の方法（当事者A）": 5, "運転練習の方法（当事者B）": 0, "field_69": null }, "geometry": { "type": "Point", "coordinates": [ 133.1768525, 34.28621833 ] } },
{ "type": "Feature", "properties": { "資料区分": 1, "都道府県コード": 73, "警察署等コード": 119, "本票番号": 36, "事故内容": 2, "死者数": 0, "負傷者数": 1, "路線コード": 99000, "地点コード": 0, "市区町村コード": 204, "発生日時　　年": 2024, "発生日時　　月": 5, "発生日時　　日": 5, "発生日時　　時": 10, "発生日時　　分": 50, "昼夜": 12, "日の出時刻　　時": 5, "日の出時刻　　分": 17, "日の入り時刻　　時": 18, "日の入り時刻　　分": 58, "天候": 1, "地形": 1, "路面状態": 1, "道路形状": 0, "信号機": 7, "一時停止規制　標識（当事者A）": 0, "一時停止規制　表示（当事者A）": 0, "一時停止規制　標識（当事者B）": 0, "一時停止規制　表示（当事者B）": 0, "車道幅員": 0, "道路線形": 0, "衝突地点": 20, "ゾーン規制": 70, "中央分離帯施設等": 0, "歩車道区分": 4, "事故類型": 1, "年齢（当事者A）": 1, "年齢（当事者B）": 25, "当事者種別（当事者A）": 4, "当事者種別（当事者B）": 61, "用途別（当事者A）": 31, "用途別（当事者B）": 0, "車両形状等（当事者A）": 1, "車両形状等（当事者B）": 0, "オートマチック車（当事者A）": 1, "オートマチック車（当事者B）": 0, "サポカー（当事者A）": 11, "サポカー（当事者B）": 0, "速度規制（指定のみ）（当事者A）": 10, "速度規制（指定のみ）（当事者B）": 0, "車両の衝突部位（当事者A）": 80, "車両の衝突部位（当事者B）": 0, "車両の損壊程度（当事者A）": 3, "車両の損壊程度（当事者B）": 0, "エアバッグの装備（当事者A）": 2, "エアバッグの装備（当事者B）": 0, "サイドエアバッグの装備（当事者A）": 2, "サイドエアバッグの装備（当事者B）": 0, "人身損傷程度（当事者A）": 4, "人身損傷程度（当事者B）": 2, "地点　緯度（北緯）": 34.39812889, "地点　経度（東経）": 133.0858778, "曜日(発生年月日)": 1, "祝日(発生年月日)": 1, "認知機能検査経過日数（当事者A）": 9999, "認知機能検査経過日数（当事者B）": 0, "運転練習の方法（当事者A）": 1, "運転練習の方法（当事者B）": 0, "field_69": null }, "geometry": { "type": "Point", "coordinates": [ 133.0858778, 34.39812889 ] } },
{ "type": "Feature", "properties": { "資料区分": 1, "都道府県コード": 73, "警察署等コード": 120, "本票番号": 72, "事故内容": 2, "死者数": 0, "負傷者数": 1, "路線コード": 37200, "地点コード": 0, "市区町村コード": 207, "発生日時　　年": 2024, "発生日時　　月": 5, "発生日時　　日": 10, "発生日時　　時": 10, "発生日時　　分": 35, "昼夜": 12, "日の出時刻　　時": 5, "日の出時刻　　分": 12, "日の入り時刻　　時": 19, "日の入り時刻　　分": 2, "天候": 1, "地形": 3, "路面状態": 1, "道路形状": 14, "信号機": 7, "一時停止規制　標識（当事者A）": 0, "一時停止規制　表示（当事者A）": 0, "一時停止規制　標識（当事者B）": 0, "一時停止規制　表示（当事者B）": 0, "車道幅員": 3, "道路線形": 9, "衝突地点": 1, "ゾーン規制": 70, "中央分離帯施設等": 5, "歩車道区分": 4, "事故類型": 1, "年齢（当事者A）": 65, "年齢（当事者B）": 55, "当事者種別（当事者A）": 36, "当事者種別（当事者B）": 61, "用途別（当事者A）": 31, "用途別（当事者B）": 0, "車両形状等（当事者A）": 0, "車両形状等（当事者B）": 0, "オートマチック車（当事者A）": 0, "オートマチック車（当事者B）": 0, "サポカー（当事者A）": 11, "サポカー（当事者B）": 0, "速度規制（指定のみ）（当事者A）": 10, "速度規制（指定のみ）（当事者B）": 0, "車両の衝突部位（当事者A）": 10, "車両の衝突部位（当事者B）": 0, "車両の損壊程度（当事者A）": 3, "車両の損壊程度（当事者B）": 0, "エアバッグの装備（当事者A）": 0, "エアバッグの装備（当事者B）": 0, "サイドエアバッグの装備（当事者A）": 0, "サイドエアバッグの装備（当事者B）": 0, "人身損傷程度（当事者A）": 4, "人身損傷程度（当事者B）": 2, "地点　緯度（北緯）": 34.48311278, "地点　経度（東経）": 133.34119, "曜日(発生年月日)": 6, "祝日(発生年月日)": 3, "認知機能検査経過日数（当事者A）": 9999, "認知機能検査経過日数（当事者B）": 0, "運転練習の方法（当事者A）": 5, "運転練習の方法（当事者B）": 0, "field_69": null }, "geometry": { "type": "Point", "coordinates": [ 133.34119, 34.48311278 ] } },
{ "type": "Feature", "properties": { "資料区分": 1, "都道府県コード": 73, "警察署等コード": 121, "本票番号": 177, "事故内容": 1, "死者数": 1, "負傷者数": 0, "路線コード": 37210, "地点コード": 0, "市区町村コード": 207, "発生日時　　年": 2024, "発生日時　　月": 5, "発生日時　　日": 1, "発生日時　　時": 4, "発生日時　　分": 26, "昼夜": 23, "日の出時刻　　時": 5, "日の出時刻　　分": 21, "日の入り時刻　　時": 18, "日の入り時刻　　分": 55, "天候": 3, "地形": 1, "路面状態": 2, "道路形状": 7, "信号機": 7, "一時停止規制　標識（当事者A）": 0, "一時停止規制　表示（当事者A）": 0, "一時停止規制　標識（当事者B）": 0, "一時停止規制　表示（当事者B）": 0, "車道幅員": 4, "道路線形": 9, "衝突地点": 1, "ゾーン規制": 70, "中央分離帯施設等": 4, "歩車道区分": 3, "事故類型": 1, "年齢（当事者A）": 65, "年齢（当事者B）": 75, "当事者種別（当事者A）": 14, "当事者種別（当事者B）": 61, "用途別（当事者A）": 31, "用途別（当事者B）": 0, "車両形状等（当事者A）": 11, "車両形状等（当事者B）": 0, "オートマチック車（当事者A）": 1, "オートマチック車（当事者B）": 0, "サポカー（当事者A）": 11, "サポカー（当事者B）": 0, "速度規制（指定のみ）（当事者A）": 3, "速度規制（指定のみ）（当事者B）": 0, "車両の衝突部位（当事者A）": 10, "車両の衝突部位（当事者B）": 0, "車両の損壊程度（当事者A）": 3, "車両の損壊程度（当事者B）": 0, "エアバッグの装備（当事者A）": 2, "エアバッグの装備（当事者B）": 0, "サイドエアバッグの装備（当事者A）": 2, "サイドエアバッグの装備（当事者B）": 0, "人身損傷程度（当事者A）": 4, "人身損傷程度（当事者B）": 1, "地点　緯度（北緯）": 34.49267222, "地点　経度（東経）": 133.40305, "曜日(発生年月日)": 4, "祝日(発生年月日)": 3, "認知機能検査経過日数（当事者A）": 9999, "認知機能検査経過日数（当事者B）": 0, "運転練習の方法（当事者A）": 9, "運転練習の方法（当事者B）": 0, "field_69": null }, "geometry": { "type": "Point", "coordinates": [ 133.40305, 34.49267222 ] } },
{ "type": "Feature", "properties": { "資料区分": 1, "都道府県コード": 73, "警察署等コード": 121, "本票番号": 191, "事故内容": 2, "死者数": 0, "負傷者数": 1, "路線コード": 99000, "地点コード": 0, "市区町村コード": 207, "発生日時　　年": 2024, "発生日時　　月": 2, "発生日時　　日": 25, "発生日時　　時": 16, "発生日時　　分": 15, "昼夜": 12, "日の出時刻　　時": 6, "日の出時刻　　分": 44, "日の入り時刻　　時": 18, "日の入り時刻　　分": 2, "天候": 2, "地形": 1, "路面状態": 1, "道路形状": 0, "信号機": 7, "一時停止規制　標識（当事者A）": 0, "一時停止規制　表示（当事者A）": 0, "一時停止規制　標識（当事者B）": 0, "一時停止規制　表示（当事者B）": 0, "車道幅員": 0, "道路線形": 0, "衝突地点": 20, "ゾーン規制": 70, "中央分離帯施設等": 0, "歩車道区分": 4, "事故類型": 1, "年齢（当事者A）": 1, "年齢（当事者B）": 1, "当事者種別（当事者A）": 3, "当事者種別（当事者B）": 61, "用途別（当事者A）": 31, "用途別（当事者B）": 0, "車両形状等（当事者A）": 1, "車両形状等（当事者B）": 0, "オートマチック車（当事者A）": 1, "オートマチック車（当事者B）": 0, "サポカー（当事者A）": 11, "サポカー（当事者B）": 0, "速度規制（指定のみ）（当事者A）": 10, "速度規制（指定のみ）（当事者B）": 0, "車両の衝突部位（当事者A）": 50, "車両の衝突部位（当事者B）": 0, "車両の損壊程度（当事者A）": 4, "車両の損壊程度（当事者B）": 0, "エアバッグの装備（当事者A）": 2, "エアバッグの装備（当事者B）": 0, "サイドエアバッグの装備（当事者A）": 2, "サイドエアバッグの装備（当事者B）": 0, "人身損傷程度（当事者A）": 4, "人身損傷程度（当事者B）": 2, "地点　緯度（北緯）": 34.50524944, "地点　経度（東経）": 133.4044314, "曜日(発生年月日)": 1, "祝日(発生年月日)": 3, "認知機能検査経過日数（当事者A）": 0, "認知機能検査経過日数（当事者B）": 0, "運転練習の方法（当事者A）": 0, "運転練習の方法（当事者B）": 0, "field_69": null }, "geometry": { "type": "Point", "coordinates": [ 133.4044314, 34.50524944 ] } },
{ "type": "Feature", "properties": { "資料区分": 1, "都道府県コード": 73, "警察署等コード": 121, "本票番号": 198, "事故内容": 2, "死者数": 0, "負傷者数": 1, "路線コード": 20, "地点コード": 2272, "市区町村コード": 207, "発生日時　　年": 2024, "発生日時　　月": 4, "発生日時　　日": 30, "発生日時　　時": 0, "発生日時　　分": 3, "昼夜": 22, "日の出時刻　　時": 5, "日の出時刻　　分": 22, "日の入り時刻　　時": 18, "日の入り時刻　　分": 54, "天候": 3, "地形": 2, "路面状態": 2, "道路形状": 1, "信号機": 1, "一時停止規制　標識（当事者A）": 9, "一時停止規制　表示（当事者A）": 22, "一時停止規制　標識（当事者B）": 0, "一時停止規制　表示（当事者B）": 0, "車道幅員": 19, "道路線形": 9, "衝突地点": 30, "ゾーン規制": 70, "中央分離帯施設等": 5, "歩車道区分": 2, "事故類型": 1, "年齢（当事者A）": 55, "年齢（当事者B）": 35, "当事者種別（当事者A）": 4, "当事者種別（当事者B）": 61, "用途別（当事者A）": 31, "用途別（当事者B）": 0, "車両形状等（当事者A）": 1, "車両形状等（当事者B）": 0, "オートマチック車（当事者A）": 1, "オートマチック車（当事者B）": 0, "サポカー（当事者A）": 11, "サポカー（当事者B）": 0, "速度規制（指定のみ）（当事者A）": 4, "速度規制（指定のみ）（当事者B）": 0, "車両の衝突部位（当事者A）": 50, "車両の衝突部位（当事者B）": 0, "車両の損壊程度（当事者A）": 3, "車両の損壊程度（当事者B）": 0, "エアバッグの装備（当事者A）": 2, "エアバッグの装備（当事者B）": 0, "サイドエアバッグの装備（当事者A）": 2, "サイドエアバッグの装備（当事者B）": 0, "人身損傷程度（当事者A）": 4, "人身損傷程度（当事者B）": 2, "地点　緯度（北緯）": 34.48987917, "地点　経度（東経）": 133.4005219, "曜日(発生年月日)": 3, "祝日(発生年月日)": 3, "認知機能検査経過日数（当事者A）": 9999, "認知機能検査経過日数（当事者B）": 0, "運転練習の方法（当事者A）": 9, "運転練習の方法（当事者B）": 0, "field_69": null }, "geometry": { "type": "Point", "coordinates": [ 133.4005219, 34.48987917 ] } },
{ "type": "Feature", "properties": { "資料区分": 1, "都道府県コード": 73, "警察署等コード": 121, "本票番号": 204, "事故内容": 2, "死者数": 0, "負傷者数": 1, "路線コード": 37210, "地点コード": 0, "市区町村コード": 207, "発生日時　　年": 2024, "発生日時　　月": 5, "発生日時　　日": 11, "発生日時　　時": 8, "発生日時　　分": 12, "昼夜": 12, "日の出時刻　　時": 5, "日の出時刻　　分": 11, "日の入り時刻　　時": 19, "日の入り時刻　　分": 2, "天候": 1, "地形": 3, "路面状態": 1, "道路形状": 14, "信号機": 7, "一時停止規制　標識（当事者A）": 0, "一時停止規制　表示（当事者A）": 0, "一時停止規制　標識（当事者B）": 0, "一時停止規制　表示（当事者B）": 0, "車道幅員": 3, "道路線形": 9, "衝突地点": 1, "ゾーン規制": 70, "中央分離帯施設等": 5, "歩車道区分": 2, "事故類型": 1, "年齢（当事者A）": 55, "年齢（当事者B）": 1, "当事者種別（当事者A）": 4, "当事者種別（当事者B）": 61, "用途別（当事者A）": 31, "用途別（当事者B）": 0, "車両形状等（当事者A）": 1, "車両形状等（当事者B）": 0, "オートマチック車（当事者A）": 1, "オートマチック車（当事者B）": 0, "サポカー（当事者A）": 11, "サポカー（当事者B）": 0, "速度規制（指定のみ）（当事者A）": 10, "速度規制（指定のみ）（当事者B）": 0, "車両の衝突部位（当事者A）": 10, "車両の衝突部位（当事者B）": 0, "車両の損壊程度（当事者A）": 3, "車両の損壊程度（当事者B）": 0, "エアバッグの装備（当事者A）": 2, "エアバッグの装備（当事者B）": 0, "サイドエアバッグの装備（当事者A）": 2, "サイドエアバッグの装備（当事者B）": 0, "人身損傷程度（当事者A）": 4, "人身損傷程度（当事者B）": 2, "地点　緯度（北緯）": 34.46877111, "地点　経度（東経）": 133.4008225, "曜日(発生年月日)": 7, "祝日(発生年月日)": 3, "認知機能検査経過日数（当事者A）": 9999, "認知機能検査経過日数（当事者B）": 0, "運転練習の方法（当事者A）": 9, "運転練習の方法（当事者B）": 0, "field_69": null }, "geometry": { "type": "Point", "coordinates": [ 133.4008225, 34.46877111 ] } },
{ "type": "Feature", "properties": { "資料区分": 1, "都道府県コード": 73, "警察署等コード": 121, "本票番号": 216, "事故内容": 2, "死者数": 0, "負傷者数": 1, "路線コード": 99000, "地点コード": 0, "市区町村コード": 207, "発生日時　　年": 2024, "発生日時　　月": 5, "発生日時　　日": 18, "発生日時　　時": 9, "発生日時　　分": 25, "昼夜": 12, "日の出時刻　　時": 5, "日の出時刻　　分": 6, "日の入り時刻　　時": 19, "日の入り時刻　　分": 8, "天候": 1, "地形": 1, "路面状態": 1, "道路形状": 0, "信号機": 7, "一時停止規制　標識（当事者A）": 0, "一時停止規制　表示（当事者A）": 0, "一時停止規制　標識（当事者B）": 0, "一時停止規制　表示（当事者B）": 0, "車道幅員": 0, "道路線形": 0, "衝突地点": 20, "ゾーン規制": 70, "中央分離帯施設等": 0, "歩車道区分": 4, "事故類型": 1, "年齢（当事者A）": 75, "年齢（当事者B）": 35, "当事者種別（当事者A）": 3, "当事者種別（当事者B）": 61, "用途別（当事者A）": 31, "用途別（当事者B）": 0, "車両形状等（当事者A）": 1, "車両形状等（当事者B）": 0, "オートマチック車（当事者A）": 1, "オートマチック車（当事者B）": 0, "サポカー（当事者A）": 11, "サポカー（当事者B）": 0, "速度規制（指定のみ）（当事者A）": 10, "速度規制（指定のみ）（当事者B）": 0, "車両の衝突部位（当事者A）": 80, "車両の衝突部位（当事者B）": 0, "車両の損壊程度（当事者A）": 3, "車両の損壊程度（当事者B）": 0, "エアバッグの装備（当事者A）": 2, "エアバッグの装備（当事者B）": 0, "サイドエアバッグの装備（当事者A）": 2, "サイドエアバッグの装備（当事者B）": 0, "人身損傷程度（当事者A）": 4, "人身損傷程度（当事者B）": 2, "地点　緯度（北緯）": 34.4961725, "地点　経度（東経）": 133.3537689, "曜日(発生年月日)": 7, "祝日(発生年月日)": 3, "認知機能検査経過日数（当事者A）": 158, "認知機能検査経過日数（当事者B）": 0, "運転練習の方法（当事者A）": 9, "運転練習の方法（当事者B）": 0, "field_69": null }, "geometry": { "type": "Point", "coordinates": [ 133.3537689, 34.4961725 ] } },
{ "type": "Feature", "properties": { "資料区分": 1, "都道府県コード": 73, "警察署等コード": 121, "本票番号": 225, "事故内容": 2, "死者数": 0, "負傷者数": 1, "路線コード": 20, "地点コード": 2276, "市区町村コード": 207, "発生日時　　年": 2024, "発生日時　　月": 5, "発生日時　　日": 17, "発生日時　　時": 18, "発生日時　　分": 54, "昼夜": 13, "日の出時刻　　時": 5, "日の出時刻　　分": 7, "日の入り時刻　　時": 19, "日の入り時刻　　分": 7, "天候": 1, "地形": 2, "路面状態": 1, "道路形状": 1, "信号機": 1, "一時停止規制　標識（当事者A）": 9, "一時停止規制　表示（当事者A）": 22, "一時停止規制　標識（当事者B）": 0, "一時停止規制　表示（当事者B）": 0, "車道幅員": 18, "道路線形": 9, "衝突地点": 30, "ゾーン規制": 70, "中央分離帯施設等": 5, "歩車道区分": 2, "事故類型": 1, "年齢（当事者A）": 1, "年齢（当事者B）": 45, "当事者種別（当事者A）": 4, "当事者種別（当事者B）": 61, "用途別（当事者A）": 31, "用途別（当事者B）": 0, "車両形状等（当事者A）": 1, "車両形状等（当事者B）": 0, "オートマチック車（当事者A）": 1, "オートマチック車（当事者B）": 0, "サポカー（当事者A）": 11, "サポカー（当事者B）": 0, "速度規制（指定のみ）（当事者A）": 2, "速度規制（指定のみ）（当事者B）": 0, "車両の衝突部位（当事者A）": 50, "車両の衝突部位（当事者B）": 0, "車両の損壊程度（当事者A）": 3, "車両の損壊程度（当事者B）": 0, "エアバッグの装備（当事者A）": 2, "エアバッグの装備（当事者B）": 0, "サイドエアバッグの装備（当事者A）": 2, "サイドエアバッグの装備（当事者B）": 0, "人身損傷程度（当事者A）": 4, "人身損傷程度（当事者B）": 2, "地点　緯度（北緯）": 34.48908472, "地点　経度（東経）": 133.3957336, "曜日(発生年月日)": 6, "祝日(発生年月日)": 3, "認知機能検査経過日数（当事者A）": 9999, "認知機能検査経過日数（当事者B）": 0, "運転練習の方法（当事者A）": 1, "運転練習の方法（当事者B）": 0, "field_69": null }, "geometry": { "type": "Point", "coordinates": [ 133.3957336, 34.48908472 ] } },
{ "type": "Feature", "properties": { "資料区分": 1, "都道府県コード": 73, "警察署等コード": 126, "本票番号": 129, "事故内容": 2, "死者数": 0, "負傷者数": 1, "路線コード": 22770, "地点コード": 0, "市区町村コード": 105, "発生日時　　年": 2024, "発生日時　　月": 4, "発生日時　　日": 25, "発生日時　　時": 17, "発生日時　　分": 10, "昼夜": 12, "日の出時刻　　時": 5, "日の出時刻　　分": 27, "日の入り時刻　　時": 18, "日の入り時刻　　分": 50, "天候": 1, "地形": 1, "路面状態": 1, "道路形状": 1, "信号機": 7, "一時停止規制　標識（当事者A）": 9, "一時停止規制　表示（当事者A）": 22, "一時停止規制　標識（当事者B）": 0, "一時停止規制　表示（当事者B）": 0, "車道幅員": 15, "道路線形": 9, "衝突地点": 30, "ゾーン規制": 70, "中央分離帯施設等": 5, "歩車道区分": 3, "事故類型": 1, "年齢（当事者A）": 25, "年齢（当事者B）": 45, "当事者種別（当事者A）": 3, "当事者種別（当事者B）": 61, "用途別（当事者A）": 31, "用途別（当事者B）": 0, "車両形状等（当事者A）": 1, "車両形状等（当事者B）": 0, "オートマチック車（当事者A）": 1, "オートマチック車（当事者B）": 0, "サポカー（当事者A）": 11, "サポカー（当事者B）": 0, "速度規制（指定のみ）（当事者A）": 10, "速度規制（指定のみ）（当事者B）": 0, "車両の衝突部位（当事者A）": 50, "車両の衝突部位（当事者B）": 0, "車両の損壊程度（当事者A）": 3, "車両の損壊程度（当事者B）": 0, "エアバッグの装備（当事者A）": 2, "エアバッグの装備（当事者B）": 0, "サイドエアバッグの装備（当事者A）": 2, "サイドエアバッグの装備（当事者B）": 0, "人身損傷程度（当事者A）": 4, "人身損傷程度（当事者B）": 2, "地点　緯度（北緯）": 34.42924778, "地点　経度（東経）": 132.4583239, "曜日(発生年月日)": 5, "祝日(発生年月日)": 3, "認知機能検査経過日数（当事者A）": 9999, "認知機能検査経過日数（当事者B）": 0, "運転練習の方法（当事者A）": 1, "運転練習の方法（当事者B）": 0, "field_69": null }, "geometry": { "type": "Point", "coordinates": [ 132.458323900000011, 34.42924778 ] } },
{ "type": "Feature", "properties": { "資料区分": 1, "都道府県コード": 73, "警察署等コード": 126, "本票番号": 131, "事故内容": 2, "死者数": 0, "負傷者数": 1, "路線コード": 14380, "地点コード": 0, "市区町村コード": 105, "発生日時　　年": 2024, "発生日時　　月": 3, "発生日時　　日": 8, "発生日時　　時": 4, "発生日時　　分": 40, "昼夜": 22, "日の出時刻　　時": 6, "日の出時刻　　分": 30, "日の入り時刻　　時": 18, "日の入り時刻　　分": 11, "天候": 3, "地形": 1, "路面状態": 2, "道路形状": 1, "信号機": 2, "一時停止規制　標識（当事者A）": 9, "一時停止規制　表示（当事者A）": 22, "一時停止規制　標識（当事者B）": 0, "一時停止規制　表示（当事者B）": 0, "車道幅員": 14, "道路線形": 9, "衝突地点": 30, "ゾーン規制": 70, "中央分離帯施設等": 4, "歩車道区分": 2, "事故類型": 1, "年齢（当事者A）": 25, "年齢（当事者B）": 75, "当事者種別（当事者A）": 31, "当事者種別（当事者B）": 61, "用途別（当事者A）": 31, "用途別（当事者B）": 0, "車両形状等（当事者A）": 0, "車両形状等（当事者B）": 0, "オートマチック車（当事者A）": 0, "オートマチック車（当事者B）": 0, "サポカー（当事者A）": 11, "サポカー（当事者B）": 0, "速度規制（指定のみ）（当事者A）": 3, "速度規制（指定のみ）（当事者B）": 0, "車両の衝突部位（当事者A）": 10, "車両の衝突部位（当事者B）": 0, "車両の損壊程度（当事者A）": 3, "車両の損壊程度（当事者B）": 0, "エアバッグの装備（当事者A）": 0, "エアバッグの装備（当事者B）": 0, "サイドエアバッグの装備（当事者A）": 0, "サイドエアバッグの装備（当事者B）": 0, "人身損傷程度（当事者A）": 4, "人身損傷程度（当事者B）": 2, "地点　緯度（北緯）": 34.47271917, "地点　経度（東経）": 132.4520586, "曜日(発生年月日)": 6, "祝日(発生年月日)": 3, "認知機能検査経過日数（当事者A）": 9999, "認知機能検査経過日数（当事者B）": 0, "運転練習の方法（当事者A）": 1, "運転練習の方法（当事者B）": 0, "field_69": null }, "geometry": { "type": "Point", "coordinates": [ 132.452058599999987, 34.47271917 ] } },
{ "type": "Feature", "properties": { "資料区分": 1, "都道府県コード": 73, "警察署等コード": 126, "本票番号": 134, "事故内容": 2, "死者数": 0, "負傷者数": 1, "路線コード": 37260, "地点コード": 0, "市区町村コード": 105, "発生日時　　年": 2024, "発生日時　　月": 5, "発生日時　　日": 17, "発生日時　　時": 22, "発生日時　　分": 15, "昼夜": 22, "日の出時刻　　時": 5, "日の出時刻　　分": 7, "日の入り時刻　　時": 19, "日の入り時刻　　分": 7, "天候": 1, "地形": 1, "路面状態": 1, "道路形状": 1, "信号機": 1, "一時停止規制　標識（当事者A）": 9, "一時停止規制　表示（当事者A）": 22, "一時停止規制　標識（当事者B）": 0, "一時停止規制　表示（当事者B）": 0, "車道幅員": 18, "道路線形": 9, "衝突地点": 30, "ゾーン規制": 70, "中央分離帯施設等": 4, "歩車道区分": 2, "事故類型": 1, "年齢（当事者A）": 65, "年齢（当事者B）": 1, "当事者種別（当事者A）": 4, "当事者種別（当事者B）": 61, "用途別（当事者A）": 31, "用途別（当事者B）": 0, "車両形状等（当事者A）": 1, "車両形状等（当事者B）": 0, "オートマチック車（当事者A）": 1, "オートマチック車（当事者B）": 0, "サポカー（当事者A）": 11, "サポカー（当事者B）": 0, "速度規制（指定のみ）（当事者A）": 3, "速度規制（指定のみ）（当事者B）": 0, "車両の衝突部位（当事者A）": 20, "車両の衝突部位（当事者B）": 0, "車両の損壊程度（当事者A）": 4, "車両の損壊程度（当事者B）": 0, "エアバッグの装備（当事者A）": 2, "エアバッグの装備（当事者B）": 0, "サイドエアバッグの装備（当事者A）": 2, "サイドエアバッグの装備（当事者B）": 0, "人身損傷程度（当事者A）": 4, "人身損傷程度（当事者B）": 2, "地点　緯度（北緯）": 34.43903111, "地点　経度（東経）": 132.4560906, "曜日(発生年月日)": 6, "祝日(発生年月日)": 3, "認知機能検査経過日数（当事者A）": 9999, "認知機能検査経過日数（当事者B）": 0, "運転練習の方法（当事者A）": 9, "運転練習の方法（当事者B）": 0, "field_69": null }, "geometry": { "type": "Point", "coordinates": [ 132.45609060000001, 34.43903111 ] } },
{ "type": "Feature", "properties": { "資料区分": 1, "都道府県コード": 73, "警察署等コード": 126, "本票番号": 137, "事故内容": 2, "死者数": 0, "負傷者数": 2, "路線コード": 540, "地点コード": 64, "市区町村コード": 105, "発生日時　　年": 2024, "発生日時　　月": 4, "発生日時　　日": 8, "発生日時　　時": 21, "発生日時　　分": 4, "昼夜": 22, "日の出時刻　　時": 5, "日の出時刻　　分": 48, "日の入り時刻　　時": 18, "日の入り時刻　　分": 37, "天候": 3, "地形": 1, "路面状態": 2, "道路形状": 1, "信号機": 1, "一時停止規制　標識（当事者A）": 9, "一時停止規制　表示（当事者A）": 22, "一時停止規制　標識（当事者B）": 0, "一時停止規制　表示（当事者B）": 0, "車道幅員": 18, "道路線形": 9, "衝突地点": 30, "ゾーン規制": 70, "中央分離帯施設等": 5, "歩車道区分": 2, "事故類型": 1, "年齢（当事者A）": 1, "年齢（当事者B）": 45, "当事者種別（当事者A）": 4, "当事者種別（当事者B）": 61, "用途別（当事者A）": 31, "用途別（当事者B）": 0, "車両形状等（当事者A）": 1, "車両形状等（当事者B）": 0, "オートマチック車（当事者A）": 1, "オートマチック車（当事者B）": 0, "サポカー（当事者A）": 11, "サポカー（当事者B）": 0, "速度規制（指定のみ）（当事者A）": 4, "速度規制（指定のみ）（当事者B）": 0, "車両の衝突部位（当事者A）": 50, "車両の衝突部位（当事者B）": 0, "車両の損壊程度（当事者A）": 3, "車両の損壊程度（当事者B）": 0, "エアバッグの装備（当事者A）": 2, "エアバッグの装備（当事者B）": 0, "サイドエアバッグの装備（当事者A）": 2, "サイドエアバッグの装備（当事者B）": 0, "人身損傷程度（当事者A）": 4, "人身損傷程度（当事者B）": 2, "地点　緯度（北緯）": 34.44227306, "地点　経度（東経）": 132.4746794, "曜日(発生年月日)": 2, "祝日(発生年月日)": 3, "認知機能検査経過日数（当事者A）": 9999, "認知機能検査経過日数（当事者B）": 0, "運転練習の方法（当事者A）": 1, "運転練習の方法（当事者B）": 0, "field_69": null }, "geometry": { "type": "Point", "coordinates": [ 132.474679400000014, 34.44227306 ] } },
{ "type": "Feature", "properties": { "資料区分": 1, "都道府県コード": 73, "警察署等コード": 126, "本票番号": 148, "事故内容": 2, "死者数": 0, "負傷者数": 1, "路線コード": 37260, "地点コード": 0, "市区町村コード": 105, "発生日時　　年": 2024, "発生日時　　月": 5, "発生日時　　日": 8, "発生日時　　時": 14, "発生日時　　分": 5, "昼夜": 12, "日の出時刻　　時": 5, "日の出時刻　　分": 14, "日の入り時刻　　時": 19, "日の入り時刻　　分": 0, "天候": 1, "地形": 2, "路面状態": 1, "道路形状": 14, "信号機": 7, "一時停止規制　標識（当事者A）": 0, "一時停止規制　表示（当事者A）": 0, "一時停止規制　標識（当事者B）": 0, "一時停止規制　表示（当事者B）": 0, "車道幅員": 3, "道路線形": 9, "衝突地点": 1, "ゾーン規制": 70, "中央分離帯施設等": 5, "歩車道区分": 4, "事故類型": 1, "年齢（当事者A）": 65, "年齢（当事者B）": 1, "当事者種別（当事者A）": 4, "当事者種別（当事者B）": 61, "用途別（当事者A）": 31, "用途別（当事者B）": 0, "車両形状等（当事者A）": 1, "車両形状等（当事者B）": 0, "オートマチック車（当事者A）": 1, "オートマチック車（当事者B）": 0, "サポカー（当事者A）": 11, "サポカー（当事者B）": 0, "速度規制（指定のみ）（当事者A）": 10, "速度規制（指定のみ）（当事者B）": 0, "車両の衝突部位（当事者A）": 10, "車両の衝突部位（当事者B）": 0, "車両の損壊程度（当事者A）": 3, "車両の損壊程度（当事者B）": 0, "エアバッグの装備（当事者A）": 2, "エアバッグの装備（当事者B）": 0, "サイドエアバッグの装備（当事者A）": 2, "サイドエアバッグの装備（当事者B）": 0, "人身損傷程度（当事者A）": 4, "人身損傷程度（当事者B）": 2, "地点　緯度（北緯）": 34.46866889, "地点　経度（東経）": 132.4347925, "曜日(発生年月日)": 4, "祝日(発生年月日)": 3, "認知機能検査経過日数（当事者A）": 9999, "認知機能検査経過日数（当事者B）": 0, "運転練習の方法（当事者A）": 9, "運転練習の方法（当事者B）": 0, "field_69": null }, "geometry": { "type": "Point", "coordinates": [ 132.434792499999986, 34.46866889 ] } },
{ "type": "Feature", "properties": { "資料区分": 1, "都道府県コード": 73, "警察署等コード": 127, "本票番号": 103, "事故内容": 2, "死者数": 0, "負傷者数": 1, "路線コード": 20, "地点コード": 3456, "市区町村コード": 104, "発生日時　　年": 2023, "発生日時　　月": 9, "発生日時　　日": 25, "発生日時　　時": 23, "発生日時　　分": 12, "昼夜": 22, "日の出時刻　　時": 6, "日の出時刻　　分": 0, "日の入り時刻　　時": 18, "日の入り時刻　　分": 3, "天候": 1, "地形": 1, "路面状態": 1, "道路形状": 1, "信号機": 1, "一時停止規制　標識（当事者A）": 9, "一時停止規制　表示（当事者A）": 22, "一時停止規制　標識（当事者B）": 0, "一時停止規制　表示（当事者B）": 0, "車道幅員": 15, "道路線形": 7, "衝突地点": 30, "ゾーン規制": 70, "中央分離帯施設等": 5, "歩車道区分": 2, "事故類型": 1, "年齢（当事者A）": 65, "年齢（当事者B）": 1, "当事者種別（当事者A）": 4, "当事者種別（当事者B）": 61, "用途別（当事者A）": 31, "用途別（当事者B）": 0, "車両形状等（当事者A）": 1, "車両形状等（当事者B）": 0, "オートマチック車（当事者A）": 1, "オートマチック車（当事者B）": 0, "サポカー（当事者A）": 11, "サポカー（当事者B）": 0, "速度規制（指定のみ）（当事者A）": 10, "速度規制（指定のみ）（当事者B）": 0, "車両の衝突部位（当事者A）": 80, "車両の衝突部位（当事者B）": 0, "車両の損壊程度（当事者A）": 4, "車両の損壊程度（当事者B）": 0, "エアバッグの装備（当事者A）": 2, "エアバッグの装備（当事者B）": 0, "サイドエアバッグの装備（当事者A）": 2, "サイドエアバッグの装備（当事者B）": 0, "人身損傷程度（当事者A）": 4, "人身損傷程度（当事者B）": 2, "地点　緯度（北緯）": 34.3761425, "地点　経度（東経）": 132.3791661, "曜日(発生年月日)": 2, "祝日(発生年月日)": 3, "認知機能検査経過日数（当事者A）": 9999, "認知機能検査経過日数（当事者B）": 0, "運転練習の方法（当事者A）": 9, "運転練習の方法（当事者B）": 0, "field_69": null }, "geometry": { "type": "Point", "coordinates": [ 132.3791661, 34.3761425 ] } },
{ "type": "Feature", "properties": { "資料区分": 1, "都道府県コード": 73, "警察署等コード": 127, "本票番号": 104, "事故内容": 2, "死者数": 0, "負傷者数": 1, "路線コード": 99000, "地点コード": 0, "市区町村コード": 104, "発生日時　　年": 2024, "発生日時　　月": 3, "発生日時　　日": 20, "発生日時　　時": 11, "発生日時　　分": 10, "昼夜": 12, "日の出時刻　　時": 6, "日の出時刻　　分": 14, "日の入り時刻　　時": 18, "日の入り時刻　　分": 21, "天候": 3, "地形": 1, "路面状態": 1, "道路形状": 0, "信号機": 7, "一時停止規制　標識（当事者A）": 0, "一時停止規制　表示（当事者A）": 0, "一時停止規制　標識（当事者B）": 0, "一時停止規制　表示（当事者B）": 0, "車道幅員": 0, "道路線形": 0, "衝突地点": 20, "ゾーン規制": 70, "中央分離帯施設等": 0, "歩車道区分": 4, "事故類型": 1, "年齢（当事者A）": 75, "年齢（当事者B）": 55, "当事者種別（当事者A）": 3, "当事者種別（当事者B）": 61, "用途別（当事者A）": 31, "用途別（当事者B）": 0, "車両形状等（当事者A）": 1, "車両形状等（当事者B）": 0, "オートマチック車（当事者A）": 1, "オートマチック車（当事者B）": 0, "サポカー（当事者A）": 11, "サポカー（当事者B）": 0, "速度規制（指定のみ）（当事者A）": 10, "速度規制（指定のみ）（当事者B）": 0, "車両の衝突部位（当事者A）": 15, "車両の衝突部位（当事者B）": 0, "車両の損壊程度（当事者A）": 2, "車両の損壊程度（当事者B）": 0, "エアバッグの装備（当事者A）": 2, "エアバッグの装備（当事者B）": 0, "サイドエアバッグの装備（当事者A）": 2, "サイドエアバッグの装備（当事者B）": 0, "人身損傷程度（当事者A）": 4, "人身損傷程度（当事者B）": 2, "地点　緯度（北緯）": 34.41250667, "地点　経度（東経）": 132.4594456, "曜日(発生年月日)": 4, "祝日(発生年月日)": 1, "認知機能検査経過日数（当事者A）": 422, "認知機能検査経過日数（当事者B）": 0, "運転練習の方法（当事者A）": 9, "運転練習の方法（当事者B）": 0, "field_69": null }, "geometry": { "type": "Point", "coordinates": [ 132.4594456, 34.41250667 ] } },
{ "type": "Feature", "properties": { "資料区分": 1, "都道府県コード": 73, "警察署等コード": 127, "本票番号": 106, "事故内容": 2, "死者数": 0, "負傷者数": 1, "路線コード": 37270, "地点コード": 0, "市区町村コード": 104, "発生日時　　年": 2024, "発生日時　　月": 5, "発生日時　　日": 7, "発生日時　　時": 8, "発生日時　　分": 18, "昼夜": 12, "日の出時刻　　時": 5, "日の出時刻　　分": 15, "日の入り時刻　　時": 18, "日の入り時刻　　分": 59, "天候": 2, "地形": 2, "路面状態": 1, "道路形状": 1, "信号機": 7, "一時停止規制　標識（当事者A）": 9, "一時停止規制　表示（当事者A）": 22, "一時停止規制　標識（当事者B）": 0, "一時停止規制　表示（当事者B）": 0, "車道幅員": 15, "道路線形": 9, "衝突地点": 30, "ゾーン規制": 70, "中央分離帯施設等": 5, "歩車道区分": 3, "事故類型": 1, "年齢（当事者A）": 45, "年齢（当事者B）": 65, "当事者種別（当事者A）": 51, "当事者種別（当事者B）": 61, "用途別（当事者A）": 41, "用途別（当事者B）": 0, "車両形状等（当事者A）": 0, "車両形状等（当事者B）": 0, "オートマチック車（当事者A）": 0, "オートマチック車（当事者B）": 0, "サポカー（当事者A）": 0, "サポカー（当事者B）": 0, "速度規制（指定のみ）（当事者A）": 0, "速度規制（指定のみ）（当事者B）": 0, "車両の衝突部位（当事者A）": 20, "車両の衝突部位（当事者B）": 0, "車両の損壊程度（当事者A）": 3, "車両の損壊程度（当事者B）": 0, "エアバッグの装備（当事者A）": 0, "エアバッグの装備（当事者B）": 0, "サイドエアバッグの装備（当事者A）": 0, "サイドエアバッグの装備（当事者B）": 0, "人身損傷程度（当事者A）": 4, "人身損傷程度（当事者B）": 2, "地点　緯度（北緯）": 34.37861583, "地点　経度（東経）": 132.3988169, "曜日(発生年月日)": 3, "祝日(発生年月日)": 3, "認知機能検査経過日数（当事者A）": 0, "認知機能検査経過日数（当事者B）": 0, "運転練習の方法（当事者A）": 0, "運転練習の方法（当事者B）": 0, "field_69": null }, "geometry": { "type": "Point", "coordinates": [ 132.398816900000014, 34.37861583 ] } },
{ "type": "Feature", "properties": { "資料区分": 1, "都道府県コード": 73, "警察署等コード": 127, "本票番号": 109, "事故内容": 2, "死者数": 0, "負傷者数": 1, "路線コード": 37270, "地点コード": 0, "市区町村コード": 104, "発生日時　　年": 2024, "発生日時　　月": 3, "発生日時　　日": 15, "発生日時　　時": 18, "発生日時　　分": 45, "昼夜": 21, "日の出時刻　　時": 6, "日の出時刻　　分": 20, "日の入り時刻　　時": 18, "日の入り時刻　　分": 17, "天候": 1, "地形": 2, "路面状態": 1, "道路形状": 14, "信号機": 7, "一時停止規制　標識（当事者A）": 0, "一時停止規制　表示（当事者A）": 0, "一時停止規制　標識（当事者B）": 0, "一時停止規制　表示（当事者B）": 0, "車道幅員": 3, "道路線形": 9, "衝突地点": 1, "ゾーン規制": 70, "中央分離帯施設等": 5, "歩車道区分": 3, "事故類型": 1, "年齢（当事者A）": 45, "年齢（当事者B）": 55, "当事者種別（当事者A）": 35, "当事者種別（当事者B）": 61, "用途別（当事者A）": 31, "用途別（当事者B）": 0, "車両形状等（当事者A）": 0, "車両形状等（当事者B）": 0, "オートマチック車（当事者A）": 0, "オートマチック車（当事者B）": 0, "サポカー（当事者A）": 11, "サポカー（当事者B）": 0, "速度規制（指定のみ）（当事者A）": 4, "速度規制（指定のみ）（当事者B）": 0, "車両の衝突部位（当事者A）": 10, "車両の衝突部位（当事者B）": 0, "車両の損壊程度（当事者A）": 2, "車両の損壊程度（当事者B）": 0, "エアバッグの装備（当事者A）": 0, "エアバッグの装備（当事者B）": 0, "サイドエアバッグの装備（当事者A）": 0, "サイドエアバッグの装備（当事者B）": 0, "人身損傷程度（当事者A）": 4, "人身損傷程度（当事者B）": 2, "地点　緯度（北緯）": 34.39417333, "地点　経度（東経）": 132.4275947, "曜日(発生年月日)": 6, "祝日(発生年月日)": 3, "認知機能検査経過日数（当事者A）": 9999, "認知機能検査経過日数（当事者B）": 0, "運転練習の方法（当事者A）": 9, "運転練習の方法（当事者B）": 0, "field_69": null }, "geometry": { "type": "Point", "coordinates": [ 132.427594699999986, 34.39417333 ] } },
{ "type": "Feature", "properties": { "資料区分": 1, "都道府県コード": 73, "警察署等コード": 128, "本票番号": 87, "事故内容": 2, "死者数": 0, "負傷者数": 1, "路線コード": 23950, "地点コード": 0, "市区町村コード": 207, "発生日時　　年": 2024, "発生日時　　月": 5, "発生日時　　日": 10, "発生日時　　時": 15, "発生日時　　分": 35, "昼夜": 12, "日の出時刻　　時": 5, "日の出時刻　　分": 12, "日の入り時刻　　時": 19, "日の入り時刻　　分": 2, "天候": 1, "地形": 2, "路面状態": 1, "道路形状": 14, "信号機": 7, "一時停止規制　標識（当事者A）": 0, "一時停止規制　表示（当事者A）": 0, "一時停止規制　標識（当事者B）": 0, "一時停止規制　表示（当事者B）": 0, "車道幅員": 2, "道路線形": 9, "衝突地点": 1, "ゾーン規制": 70, "中央分離帯施設等": 4, "歩車道区分": 3, "事故類型": 1, "年齢（当事者A）": 55, "年齢（当事者B）": 1, "当事者種別（当事者A）": 4, "当事者種別（当事者B）": 61, "用途別（当事者A）": 31, "用途別（当事者B）": 0, "車両形状等（当事者A）": 1, "車両形状等（当事者B）": 0, "オートマチック車（当事者A）": 1, "オートマチック車（当事者B）": 0, "サポカー（当事者A）": 11, "サポカー（当事者B）": 0, "速度規制（指定のみ）（当事者A）": 3, "速度規制（指定のみ）（当事者B）": 0, "車両の衝突部位（当事者A）": 20, "車両の衝突部位（当事者B）": 0, "車両の損壊程度（当事者A）": 3, "車両の損壊程度（当事者B）": 0, "エアバッグの装備（当事者A）": 2, "エアバッグの装備（当事者B）": 0, "サイドエアバッグの装備（当事者A）": 2, "サイドエアバッグの装備（当事者B）": 0, "人身損傷程度（当事者A）": 4, "人身損傷程度（当事者B）": 2, "地点　緯度（北緯）": 34.53484111, "地点　経度（東経）": 133.33281, "曜日(発生年月日)": 6, "祝日(発生年月日)": 3, "認知機能検査経過日数（当事者A）": 9999, "認知機能検査経過日数（当事者B）": 0, "運転練習の方法（当事者A）": 1, "運転練習の方法（当事者B）": 0, "field_69": null }, "geometry": { "type": "Point", "coordinates": [ 133.33281, 34.53484111 ] } },
{ "type": "Feature", "properties": { "資料区分": 1, "都道府県コード": 73, "警察署等コード": 128, "本票番号": 89, "事故内容": 1, "死者数": 1, "負傷者数": 0, "路線コード": 37280, "地点コード": 0, "市区町村コード": 545, "発生日時　　年": 2024, "発生日時　　月": 5, "発生日時　　日": 7, "発生日時　　時": 14, "発生日時　　分": 20, "昼夜": 12, "日の出時刻　　時": 5, "日の出時刻　　分": 15, "日の入り時刻　　時": 18, "日の入り時刻　　分": 59, "天候": 2, "地形": 3, "路面状態": 1, "道路形状": 14, "信号機": 7, "一時停止規制　標識（当事者A）": 0, "一時停止規制　表示（当事者A）": 0, "一時停止規制　標識（当事者B）": 0, "一時停止規制　表示（当事者B）": 0, "車道幅員": 1, "道路線形": 7, "衝突地点": 1, "ゾーン規制": 70, "中央分離帯施設等": 5, "歩車道区分": 4, "事故類型": 1, "年齢（当事者A）": 55, "年齢（当事者B）": 35, "当事者種別（当事者A）": 14, "当事者種別（当事者B）": 61, "用途別（当事者A）": 31, "用途別（当事者B）": 0, "車両形状等（当事者A）": 11, "車両形状等（当事者B）": 0, "オートマチック車（当事者A）": 1, "オートマチック車（当事者B）": 0, "サポカー（当事者A）": 11, "サポカー（当事者B）": 0, "速度規制（指定のみ）（当事者A）": 10, "速度規制（指定のみ）（当事者B）": 0, "車両の衝突部位（当事者A）": 20, "車両の衝突部位（当事者B）": 0, "車両の損壊程度（当事者A）": 3, "車両の損壊程度（当事者B）": 0, "エアバッグの装備（当事者A）": 2, "エアバッグの装備（当事者B）": 0, "サイドエアバッグの装備（当事者A）": 2, "サイドエアバッグの装備（当事者B）": 0, "人身損傷程度（当事者A）": 4, "人身損傷程度（当事者B）": 1, "地点　緯度（北緯）": 34.689015, "地点　経度（東経）": 133.3065772, "曜日(発生年月日)": 3, "祝日(発生年月日)": 3, "認知機能検査経過日数（当事者A）": 9999, "認知機能検査経過日数（当事者B）": 0, "運転練習の方法（当事者A）": 9, "運転練習の方法（当事者B）": 0, "field_69": null }, "geometry": { "type": "Point", "coordinates": [ 133.3065772, 34.689015 ] } },
{ "type": "Feature", "properties": { "資料区分": 1, "都道府県コード": 73, "警察署等コード": 128, "本票番号": 96, "事故内容": 2, "死者数": 0, "負傷者数": 1, "路線コード": 23920, "地点コード": 0, "市区町村コード": 207, "発生日時　　年": 2024, "発生日時　　月": 5, "発生日時　　日": 25, "発生日時　　時": 12, "発生日時　　分": 17, "昼夜": 12, "日の出時刻　　時": 5, "日の出時刻　　分": 2, "日の入り時刻　　時": 19, "日の入り時刻　　分": 13, "天候": 1, "地形": 3, "路面状態": 1, "道路形状": 1, "信号機": 7, "一時停止規制　標識（当事者A）": 9, "一時停止規制　表示（当事者A）": 22, "一時停止規制　標識（当事者B）": 0, "一時停止規制　表示（当事者B）": 0, "車道幅員": 14, "道路線形": 9, "衝突地点": 30, "ゾーン規制": 70, "中央分離帯施設等": 4, "歩車道区分": 2, "事故類型": 1, "年齢（当事者A）": 55, "年齢（当事者B）": 1, "当事者種別（当事者A）": 3, "当事者種別（当事者B）": 61, "用途別（当事者A）": 31, "用途別（当事者B）": 0, "車両形状等（当事者A）": 1, "車両形状等（当事者B）": 0, "オートマチック車（当事者A）": 1, "オートマチック車（当事者B）": 0, "サポカー（当事者A）": 11, "サポカー（当事者B）": 0, "速度規制（指定のみ）（当事者A）": 3, "速度規制（指定のみ）（当事者B）": 0, "車両の衝突部位（当事者A）": 10, "車両の衝突部位（当事者B）": 0, "車両の損壊程度（当事者A）": 3, "車両の損壊程度（当事者B）": 0, "エアバッグの装備（当事者A）": 2, "エアバッグの装備（当事者B）": 0, "サイドエアバッグの装備（当事者A）": 2, "サイドエアバッグの装備（当事者B）": 0, "人身損傷程度（当事者A）": 4, "人身損傷程度（当事者B）": 2, "地点　緯度（北緯）": 34.53994, "地点　経度（東経）": 133.33062, "曜日(発生年月日)": 7, "祝日(発生年月日)": 3, "認知機能検査経過日数（当事者A）": 9999, "認知機能検査経過日数（当事者B）": 0, "運転練習の方法（当事者A）": 9, "運転練習の方法（当事者B）": 0, "field_69": null }, "geometry": { "type": "Point", "coordinates": [ 133.33062, 34.53994 ] } },
{ "type": "Feature", "properties": { "資料区分": 1, "都道府県コード": 73, "警察署等コード": 129, "本票番号": 65, "事故内容": 1, "死者数": 1, "負傷者数": 0, "路線コード": 14410, "地点コード": 0, "市区町村コード": 108, "発生日時　　年": 2024, "発生日時　　月": 5, "発生日時　　日": 3, "発生日時　　時": 23, "発生日時　　分": 32, "昼夜": 22, "日の出時刻　　時": 5, "日の出時刻　　分": 18, "日の入り時刻　　時": 18, "日の入り時刻　　分": 56, "天候": 1, "地形": 1, "路面状態": 1, "道路形状": 1, "信号機": 3, "一時停止規制　標識（当事者A）": 9, "一時停止規制　表示（当事者A）": 22, "一時停止規制　標識（当事者B）": 0, "一時停止規制　表示（当事者B）": 0, "車道幅員": 15, "道路線形": 9, "衝突地点": 30, "ゾーン規制": 70, "中央分離帯施設等": 5, "歩車道区分": 2, "事故類型": 1, "年齢（当事者A）": 1, "年齢（当事者B）": 25, "当事者種別（当事者A）": 3, "当事者種別（当事者B）": 61, "用途別（当事者A）": 31, "用途別（当事者B）": 0, "車両形状等（当事者A）": 1, "車両形状等（当事者B）": 0, "オートマチック車（当事者A）": 1, "オートマチック車（当事者B）": 0, "サポカー（当事者A）": 11, "サポカー（当事者B）": 0, "速度規制（指定のみ）（当事者A）": 3, "速度規制（指定のみ）（当事者B）": 0, "車両の衝突部位（当事者A）": 50, "車両の衝突部位（当事者B）": 0, "車両の損壊程度（当事者A）": 2, "車両の損壊程度（当事者B）": 0, "エアバッグの装備（当事者A）": 2, "エアバッグの装備（当事者B）": 0, "サイドエアバッグの装備（当事者A）": 2, "サイドエアバッグの装備（当事者B）": 0, "人身損傷程度（当事者A）": 4, "人身損傷程度（当事者B）": 1, "地点　緯度（北緯）": 34.37192472, "地点　経度（東経）": 132.3511778, "曜日(発生年月日)": 6, "祝日(発生年月日)": 1, "認知機能検査経過日数（当事者A）": 9999, "認知機能検査経過日数（当事者B）": 0, "運転練習の方法（当事者A）": 5, "運転練習の方法（当事者B）": 0, "field_69": null }, "geometry": { "type": "Point", "coordinates": [ 132.351177799999988, 34.37192472 ] } },
{ "type": "Feature", "properties": { "資料区分": 1, "都道府県コード": 73, "警察署等コード": 129, "本票番号": 71, "事故内容": 2, "死者数": 0, "負傷者数": 1, "路線コード": 37290, "地点コード": 0, "市区町村コード": 108, "発生日時　　年": 2024, "発生日時　　月": 4, "発生日時　　日": 21, "発生日時　　時": 17, "発生日時　　分": 24, "昼夜": 12, "日の出時刻　　時": 5, "日の出時刻　　分": 32, "日の入り時刻　　時": 18, "日の入り時刻　　分": 47, "天候": 3, "地形": 3, "路面状態": 2, "道路形状": 13, "信号機": 7, "一時停止規制　標識（当事者A）": 0, "一時停止規制　表示（当事者A）": 0, "一時停止規制　標識（当事者B）": 0, "一時停止規制　表示（当事者B）": 0, "車道幅員": 2, "道路線形": 3, "衝突地点": 1, "ゾーン規制": 70, "中央分離帯施設等": 5, "歩車道区分": 3, "事故類型": 1, "年齢（当事者A）": 55, "年齢（当事者B）": 1, "当事者種別（当事者A）": 3, "当事者種別（当事者B）": 61, "用途別（当事者A）": 31, "用途別（当事者B）": 0, "車両形状等（当事者A）": 1, "車両形状等（当事者B）": 0, "オートマチック車（当事者A）": 1, "オートマチック車（当事者B）": 0, "サポカー（当事者A）": 11, "サポカー（当事者B）": 0, "速度規制（指定のみ）（当事者A）": 2, "速度規制（指定のみ）（当事者B）": 0, "車両の衝突部位（当事者A）": 80, "車両の衝突部位（当事者B）": 0, "車両の損壊程度（当事者A）": 3, "車両の損壊程度（当事者B）": 0, "エアバッグの装備（当事者A）": 2, "エアバッグの装備（当事者B）": 0, "サイドエアバッグの装備（当事者A）": 2, "サイドエアバッグの装備（当事者B）": 0, "人身損傷程度（当事者A）": 4, "人身損傷程度（当事者B）": 2, "地点　緯度（北緯）": 34.38151917, "地点　経度（東経）": 132.3623294, "曜日(発生年月日)": 1, "祝日(発生年月日)": 3, "認知機能検査経過日数（当事者A）": 9999, "認知機能検査経過日数（当事者B）": 0, "運転練習の方法（当事者A）": 9, "運転練習の方法（当事者B）": 0, "field_69": null }, "geometry": { "type": "Point", "coordinates": [ 132.3623294, 34.38151917 ] } },
{ "type": "Feature", "properties": { "資料区分": 1, "都道府県コード": 73, "警察署等コード": 129, "本票番号": 77, "事故内容": 2, "死者数": 0, "負傷者数": 1, "路線コード": 22900, "地点コード": 0, "市区町村コード": 108, "発生日時　　年": 2024, "発生日時　　月": 4, "発生日時　　日": 15, "発生日時　　時": 15, "発生日時　　分": 57, "昼夜": 12, "日の出時刻　　時": 5, "日の出時刻　　分": 39, "日の入り時刻　　時": 18, "日の入り時刻　　分": 42, "天候": 3, "地形": 1, "路面状態": 2, "道路形状": 14, "信号機": 7, "一時停止規制　標識（当事者A）": 0, "一時停止規制　表示（当事者A）": 0, "一時停止規制　標識（当事者B）": 0, "一時停止規制　表示（当事者B）": 0, "車道幅員": 3, "道路線形": 9, "衝突地点": 1, "ゾーン規制": 70, "中央分離帯施設等": 4, "歩車道区分": 2, "事故類型": 1, "年齢（当事者A）": 45, "年齢（当事者B）": 1, "当事者種別（当事者A）": 4, "当事者種別（当事者B）": 61, "用途別（当事者A）": 31, "用途別（当事者B）": 0, "車両形状等（当事者A）": 1, "車両形状等（当事者B）": 0, "オートマチック車（当事者A）": 1, "オートマチック車（当事者B）": 0, "サポカー（当事者A）": 11, "サポカー（当事者B）": 0, "速度規制（指定のみ）（当事者A）": 3, "速度規制（指定のみ）（当事者B）": 0, "車両の衝突部位（当事者A）": 10, "車両の衝突部位（当事者B）": 0, "車両の損壊程度（当事者A）": 3, "車両の損壊程度（当事者B）": 0, "エアバッグの装備（当事者A）": 2, "エアバッグの装備（当事者B）": 0, "サイドエアバッグの装備（当事者A）": 2, "サイドエアバッグの装備（当事者B）": 0, "人身損傷程度（当事者A）": 4, "人身損傷程度（当事者B）": 2, "地点　緯度（北緯）": 34.38838722, "地点　経度（東経）": 132.3610208, "曜日(発生年月日)": 2, "祝日(発生年月日)": 3, "認知機能検査経過日数（当事者A）": 9999, "認知機能検査経過日数（当事者B）": 0, "運転練習の方法（当事者A）": 9, "運転練習の方法（当事者B）": 0, "field_69": null }, "geometry": { "type": "Point", "coordinates": [ 132.3610208, 34.38838722 ] } },
{ "type": "Feature", "properties": { "資料区分": 1, "都道府県コード": 73, "警察署等コード": 59, "本票番号": 33, "事故内容": 2, "死者数": 0, "負傷者数": 1, "路線コード": 45110, "地点コード": 2005, "市区町村コード": 207, "発生日時　　年": 2024, "発生日時　　月": 5, "発生日時　　日": 7, "発生日時　　時": 3, "発生日時　　分": 15, "昼夜": 22, "日の出時刻　　時": 5, "日の出時刻　　分": 15, "日の入り時刻　　時": 18, "日の入り時刻　　分": 59, "天候": 3, "地形": 3, "路面状態": 2, "道路形状": 0, "信号機": 7, "一時停止規制　標識（当事者A）": 0, "一時停止規制　表示（当事者A）": 0, "一時停止規制　標識（当事者B）": 0, "一時停止規制　表示（当事者B）": 0, "車道幅員": 0, "道路線形": 0, "衝突地点": 20, "ゾーン規制": 70, "中央分離帯施設等": 0, "歩車道区分": 4, "事故類型": 1, "年齢（当事者A）": 65, "年齢（当事者B）": 1, "当事者種別（当事者A）": 3, "当事者種別（当事者B）": 61, "用途別（当事者A）": 31, "用途別（当事者B）": 0, "車両形状等（当事者A）": 1, "車両形状等（当事者B）": 0, "オートマチック車（当事者A）": 1, "オートマチック車（当事者B）": 0, "サポカー（当事者A）": 11, "サポカー（当事者B）": 0, "速度規制（指定のみ）（当事者A）": 10, "速度規制（指定のみ）（当事者B）": 0, "車両の衝突部位（当事者A）": 80, "車両の衝突部位（当事者B）": 0, "車両の損壊程度（当事者A）": 3, "車両の損壊程度（当事者B）": 0, "エアバッグの装備（当事者A）": 2, "エアバッグの装備（当事者B）": 0, "サイドエアバッグの装備（当事者A）": 2, "サイドエアバッグの装備（当事者B）": 0, "人身損傷程度（当事者A）": 4, "人身損傷程度（当事者B）": 2, "地点　緯度（北緯）": 34.49064417, "地点　経度（東経）": 133.3138764, "曜日(発生年月日)": 3, "祝日(発生年月日)": 3, "認知機能検査経過日数（当事者A）": 9999, "認知機能検査経過日数（当事者B）": 0, "運転練習の方法（当事者A）": 9, "運転練習の方法（当事者B）": 0, "field_69": null }, "geometry": { "type": "Point", "coordinates": [ 133.3138764, 34.49064417 ] } },
{ "type": "Feature", "properties": { "資料区分": 1, "都道府県コード": 73, "警察署等コード": 101, "本票番号": 93, "事故内容": 2, "死者数": 0, "負傷者数": 1, "路線コード": 37010, "地点コード": 0, "市区町村コード": 302, "発生日時　　年": 2024, "発生日時　　月": 5, "発生日時　　日": 7, "発生日時　　時": 14, "発生日時　　分": 52, "昼夜": 12, "日の出時刻　　時": 5, "日の出時刻　　分": 15, "日の入り時刻　　時": 18, "日の入り時刻　　分": 59, "天候": 2, "地形": 1, "路面状態": 1, "道路形状": 14, "信号機": 7, "一時停止規制　標識（当事者A）": 0, "一時停止規制　表示（当事者A）": 0, "一時停止規制　標識（当事者B）": 0, "一時停止規制　表示（当事者B）": 0, "車道幅員": 4, "道路線形": 9, "衝突地点": 1, "ゾーン規制": 70, "中央分離帯施設等": 4, "歩車道区分": 2, "事故類型": 1, "年齢（当事者A）": 45, "年齢（当事者B）": 75, "当事者種別（当事者A）": 4, "当事者種別（当事者B）": 61, "用途別（当事者A）": 31, "用途別（当事者B）": 0, "車両形状等（当事者A）": 1, "車両形状等（当事者B）": 0, "オートマチック車（当事者A）": 1, "オートマチック車（当事者B）": 0, "サポカー（当事者A）": 11, "サポカー（当事者B）": 0, "速度規制（指定のみ）（当事者A）": 3, "速度規制（指定のみ）（当事者B）": 0, "車両の衝突部位（当事者A）": 50, "車両の衝突部位（当事者B）": 0, "車両の損壊程度（当事者A）": 3, "車両の損壊程度（当事者B）": 0, "エアバッグの装備（当事者A）": 2, "エアバッグの装備（当事者B）": 0, "サイドエアバッグの装備（当事者A）": 2, "サイドエアバッグの装備（当事者B）": 0, "人身損傷程度（当事者A）": 4, "人身損傷程度（当事者B）": 2, "地点　緯度（北緯）": 34.39862417, "地点　経度（東経）": 132.5036039, "曜日(発生年月日)": 3, "祝日(発生年月日)": 3, "認知機能検査経過日数（当事者A）": 9999, "認知機能検査経過日数（当事者B）": 0, "運転練習の方法（当事者A）": 9, "運転練習の方法（当事者B）": 0, "field_69": null }, "geometry": { "type": "Point", "coordinates": [ 132.5036039, 34.39862417 ] } },
{ "type": "Feature", "properties": { "資料区分": 1, "都道府県コード": 73, "警察署等コード": 101, "本票番号": 107, "事故内容": 2, "死者数": 0, "負傷者数": 1, "路線コード": 21640, "地点コード": 0, "市区町村コード": 302, "発生日時　　年": 2024, "発生日時　　月": 4, "発生日時　　日": 13, "発生日時　　時": 10, "発生日時　　分": 5, "昼夜": 12, "日の出時刻　　時": 5, "日の出時刻　　分": 42, "日の入り時刻　　時": 18, "日の入り時刻　　分": 40, "天候": 1, "地形": 1, "路面状態": 1, "道路形状": 1, "信号機": 1, "一時停止規制　標識（当事者A）": 9, "一時停止規制　表示（当事者A）": 22, "一時停止規制　標識（当事者B）": 0, "一時停止規制　表示（当事者B）": 0, "車道幅員": 15, "道路線形": 9, "衝突地点": 30, "ゾーン規制": 70, "中央分離帯施設等": 4, "歩車道区分": 2, "事故類型": 1, "年齢（当事者A）": 45, "年齢（当事者B）": 55, "当事者種別（当事者A）": 4, "当事者種別（当事者B）": 61, "用途別（当事者A）": 31, "用途別（当事者B）": 0, "車両形状等（当事者A）": 1, "車両形状等（当事者B）": 0, "オートマチック車（当事者A）": 1, "オートマチック車（当事者B）": 0, "サポカー（当事者A）": 11, "サポカー（当事者B）": 0, "速度規制（指定のみ）（当事者A）": 3, "速度規制（指定のみ）（当事者B）": 0, "車両の衝突部位（当事者A）": 10, "車両の衝突部位（当事者B）": 0, "車両の損壊程度（当事者A）": 4, "車両の損壊程度（当事者B）": 0, "エアバッグの装備（当事者A）": 2, "エアバッグの装備（当事者B）": 0, "サイドエアバッグの装備（当事者A）": 2, "サイドエアバッグの装備（当事者B）": 0, "人身損傷程度（当事者A）": 4, "人身損傷程度（当事者B）": 2, "地点　緯度（北緯）": 34.38367056, "地点　経度（東経）": 132.5014531, "曜日(発生年月日)": 7, "祝日(発生年月日)": 3, "認知機能検査経過日数（当事者A）": 9999, "認知機能検査経過日数（当事者B）": 0, "運転練習の方法（当事者A）": 1, "運転練習の方法（当事者B）": 0, "field_69": null }, "geometry": { "type": "Point", "coordinates": [ 132.5014531, 34.38367056 ] } },
{ "type": "Feature", "properties": { "資料区分": 1, "都道府県コード": 73, "警察署等コード": 101, "本票番号": 114, "事故内容": 1, "死者数": 1, "負傷者数": 0, "路線コード": 37010, "地点コード": 0, "市区町村コード": 102, "発生日時　　年": 2024, "発生日時　　月": 6, "発生日時　　日": 22, "発生日時　　時": 1, "発生日時　　分": 11, "昼夜": 22, "日の出時刻　　時": 4, "日の出時刻　　分": 58, "日の入り時刻　　時": 19, "日の入り時刻　　分": 26, "天候": 1, "地形": 1, "路面状態": 1, "道路形状": 14, "信号機": 7, "一時停止規制　標識（当事者A）": 0, "一時停止規制　表示（当事者A）": 0, "一時停止規制　標識（当事者B）": 0, "一時停止規制　表示（当事者B）": 0, "車道幅員": 2, "道路線形": 9, "衝突地点": 1, "ゾーン規制": 70, "中央分離帯施設等": 5, "歩車道区分": 4, "事故類型": 1, "年齢（当事者A）": 55, "年齢（当事者B）": 45, "当事者種別（当事者A）": 3, "当事者種別（当事者B）": 61, "用途別（当事者A）": 1, "用途別（当事者B）": 0, "車両形状等（当事者A）": 1, "車両形状等（当事者B）": 0, "オートマチック車（当事者A）": 1, "オートマチック車（当事者B）": 0, "サポカー（当事者A）": 11, "サポカー（当事者B）": 0, "速度規制（指定のみ）（当事者A）": 10, "速度規制（指定のみ）（当事者B）": 0, "車両の衝突部位（当事者A）": 30, "車両の衝突部位（当事者B）": 0, "車両の損壊程度（当事者A）": 3, "車両の損壊程度（当事者B）": 0, "エアバッグの装備（当事者A）": 2, "エアバッグの装備（当事者B）": 0, "サイドエアバッグの装備（当事者A）": 2, "サイドエアバッグの装備（当事者B）": 0, "人身損傷程度（当事者A）": 4, "人身損傷程度（当事者B）": 1, "地点　緯度（北緯）": 34.40696278, "地点　経度（東経）": 132.4977514, "曜日(発生年月日)": 7, "祝日(発生年月日)": 3, "認知機能検査経過日数（当事者A）": 9999, "認知機能検査経過日数（当事者B）": 0, "運転練習の方法（当事者A）": 9, "運転練習の方法（当事者B）": 0, "field_69": null }, "geometry": { "type": "Point", "coordinates": [ 132.4977514, 34.40696278 ] } },
{ "type": "Feature", "properties": { "資料区分": 1, "都道府県コード": 73, "警察署等コード": 101, "本票番号": 116, "事故内容": 2, "死者数": 0, "負傷者数": 1, "路線コード": 14700, "地点コード": 0, "市区町村コード": 102, "発生日時　　年": 2024, "発生日時　　月": 6, "発生日時　　日": 5, "発生日時　　時": 15, "発生日時　　分": 24, "昼夜": 12, "日の出時刻　　時": 4, "日の出時刻　　分": 58, "日の入り時刻　　時": 19, "日の入り時刻　　分": 20, "天候": 1, "地形": 1, "路面状態": 1, "道路形状": 1, "信号機": 7, "一時停止規制　標識（当事者A）": 9, "一時停止規制　表示（当事者A）": 22, "一時停止規制　標識（当事者B）": 0, "一時停止規制　表示（当事者B）": 0, "車道幅員": 14, "道路線形": 9, "衝突地点": 30, "ゾーン規制": 70, "中央分離帯施設等": 4, "歩車道区分": 2, "事故類型": 1, "年齢（当事者A）": 65, "年齢（当事者B）": 1, "当事者種別（当事者A）": 3, "当事者種別（当事者B）": 61, "用途別（当事者A）": 1, "用途別（当事者B）": 0, "車両形状等（当事者A）": 1, "車両形状等（当事者B）": 0, "オートマチック車（当事者A）": 1, "オートマチック車（当事者B）": 0, "サポカー（当事者A）": 11, "サポカー（当事者B）": 0, "速度規制（指定のみ）（当事者A）": 3, "速度規制（指定のみ）（当事者B）": 0, "車両の衝突部位（当事者A）": 10, "車両の衝突部位（当事者B）": 0, "車両の損壊程度（当事者A）": 2, "車両の損壊程度（当事者B）": 0, "エアバッグの装備（当事者A）": 2, "エアバッグの装備（当事者B）": 0, "サイドエアバッグの装備（当事者A）": 2, "サイドエアバッグの装備（当事者B）": 0, "人身損傷程度（当事者A）": 4, "人身損傷程度（当事者B）": 2, "地点　緯度（北緯）": 34.44083556, "地点　経度（東経）": 132.5320031, "曜日(発生年月日)": 4, "祝日(発生年月日)": 3, "認知機能検査経過日数（当事者A）": 9999, "認知機能検査経過日数（当事者B）": 0, "運転練習の方法（当事者A）": 9, "運転練習の方法（当事者B）": 0, "field_69": null }, "geometry": { "type": "Point", "coordinates": [ 132.5320031, 34.44083556 ] } },
{ "type": "Feature", "properties": { "資料区分": 1, "都道府県コード": 73, "警察署等コード": 102, "本票番号": 176, "事故内容": 2, "死者数": 0, "負傷者数": 1, "路線コード": 38060, "地点コード": 0, "市区町村コード": 101, "発生日時　　年": 2024, "発生日時　　月": 5, "発生日時　　日": 13, "発生日時　　時": 9, "発生日時　　分": 17, "昼夜": 12, "日の出時刻　　時": 5, "日の出時刻　　分": 10, "日の入り時刻　　時": 19, "日の入り時刻　　分": 4, "天候": 1, "地形": 1, "路面状態": 1, "道路形状": 1, "信号機": 1, "一時停止規制　標識（当事者A）": 9, "一時停止規制　表示（当事者A）": 22, "一時停止規制　標識（当事者B）": 0, "一時停止規制　表示（当事者B）": 0, "車道幅員": 19, "道路線形": 9, "衝突地点": 30, "ゾーン規制": 70, "中央分離帯施設等": 5, "歩車道区分": 2, "事故類型": 1, "年齢（当事者A）": 55, "年齢（当事者B）": 35, "当事者種別（当事者A）": 17, "当事者種別（当事者B）": 61, "用途別（当事者A）": 31, "用途別（当事者B）": 0, "車両形状等（当事者A）": 11, "車両形状等（当事者B）": 0, "オートマチック車（当事者A）": 1, "オートマチック車（当事者B）": 0, "サポカー（当事者A）": 11, "サポカー（当事者B）": 0, "速度規制（指定のみ）（当事者A）": 4, "速度規制（指定のみ）（当事者B）": 0, "車両の衝突部位（当事者A）": 10, "車両の衝突部位（当事者B）": 0, "車両の損壊程度（当事者A）": 3, "車両の損壊程度（当事者B）": 0, "エアバッグの装備（当事者A）": 2, "エアバッグの装備（当事者B）": 0, "サイドエアバッグの装備（当事者A）": 2, "サイドエアバッグの装備（当事者B）": 0, "人身損傷程度（当事者A）": 4, "人身損傷程度（当事者B）": 2, "地点　緯度（北緯）": 34.38507778, "地点　経度（東経）": 132.4608064, "曜日(発生年月日)": 2, "祝日(発生年月日)": 3, "認知機能検査経過日数（当事者A）": 9999, "認知機能検査経過日数（当事者B）": 0, "運転練習の方法（当事者A）": 9, "運転練習の方法（当事者B）": 0, "field_69": null }, "geometry": { "type": "Point", "coordinates": [ 132.4608064, 34.38507778 ] } },
{ "type": "Feature", "properties": { "資料区分": 1, "都道府県コード": 73, "警察署等コード": 102, "本票番号": 178, "事故内容": 2, "死者数": 0, "負傷者数": 1, "路線コード": 37020, "地点コード": 0, "市区町村コード": 101, "発生日時　　年": 2024, "発生日時　　月": 4, "発生日時　　日": 18, "発生日時　　時": 18, "発生日時　　分": 52, "昼夜": 21, "日の出時刻　　時": 5, "日の出時刻　　分": 35, "日の入り時刻　　時": 18, "日の入り時刻　　分": 44, "天候": 1, "地形": 1, "路面状態": 1, "道路形状": 1, "信号機": 7, "一時停止規制　標識（当事者A）": 9, "一時停止規制　表示（当事者A）": 22, "一時停止規制　標識（当事者B）": 0, "一時停止規制　表示（当事者B）": 0, "車道幅員": 15, "道路線形": 9, "衝突地点": 30, "ゾーン規制": 70, "中央分離帯施設等": 5, "歩車道区分": 4, "事故類型": 1, "年齢（当事者A）": 25, "年齢（当事者B）": 35, "当事者種別（当事者A）": 3, "当事者種別（当事者B）": 61, "用途別（当事者A）": 31, "用途別（当事者B）": 0, "車両形状等（当事者A）": 1, "車両形状等（当事者B）": 0, "オートマチック車（当事者A）": 1, "オートマチック車（当事者B）": 0, "サポカー（当事者A）": 11, "サポカー（当事者B）": 0, "速度規制（指定のみ）（当事者A）": 10, "速度規制（指定のみ）（当事者B）": 0, "車両の衝突部位（当事者A）": 70, "車両の衝突部位（当事者B）": 0, "車両の損壊程度（当事者A）": 3, "車両の損壊程度（当事者B）": 0, "エアバッグの装備（当事者A）": 2, "エアバッグの装備（当事者B）": 0, "サイドエアバッグの装備（当事者A）": 2, "サイドエアバッグの装備（当事者B）": 0, "人身損傷程度（当事者A）": 4, "人身損傷程度（当事者B）": 2, "地点　緯度（北緯）": 34.39380806, "地点　経度（東経）": 132.4610047, "曜日(発生年月日)": 5, "祝日(発生年月日)": 3, "認知機能検査経過日数（当事者A）": 9999, "認知機能検査経過日数（当事者B）": 0, "運転練習の方法（当事者A）": 1, "運転練習の方法（当事者B）": 0, "field_69": null }, "geometry": { "type": "Point", "coordinates": [ 132.461004699999989, 34.39380806 ] } },
{ "type": "Feature", "properties": { "資料区分": 1, "都道府県コード": 73, "警察署等コード": 102, "本票番号": 183, "事故内容": 2, "死者数": 0, "負傷者数": 1, "路線コード": 37020, "地点コード": 0, "市区町村コード": 101, "発生日時　　年": 2024, "発生日時　　月": 5, "発生日時　　日": 7, "発生日時　　時": 8, "発生日時　　分": 40, "昼夜": 12, "日の出時刻　　時": 5, "日の出時刻　　分": 15, "日の入り時刻　　時": 18, "日の入り時刻　　分": 59, "天候": 1, "地形": 1, "路面状態": 1, "道路形状": 14, "信号機": 7, "一時停止規制　標識（当事者A）": 0, "一時停止規制　表示（当事者A）": 0, "一時停止規制　標識（当事者B）": 0, "一時停止規制　表示（当事者B）": 0, "車道幅員": 4, "道路線形": 9, "衝突地点": 1, "ゾーン規制": 70, "中央分離帯施設等": 5, "歩車道区分": 4, "事故類型": 1, "年齢（当事者A）": 35, "年齢（当事者B）": 55, "当事者種別（当事者A）": 14, "当事者種別（当事者B）": 61, "用途別（当事者A）": 1, "用途別（当事者B）": 0, "車両形状等（当事者A）": 11, "車両形状等（当事者B）": 0, "オートマチック車（当事者A）": 1, "オートマチック車（当事者B）": 0, "サポカー（当事者A）": 11, "サポカー（当事者B）": 0, "速度規制（指定のみ）（当事者A）": 10, "速度規制（指定のみ）（当事者B）": 0, "車両の衝突部位（当事者A）": 50, "車両の衝突部位（当事者B）": 0, "車両の損壊程度（当事者A）": 4, "車両の損壊程度（当事者B）": 0, "エアバッグの装備（当事者A）": 2, "エアバッグの装備（当事者B）": 0, "サイドエアバッグの装備（当事者A）": 2, "サイドエアバッグの装備（当事者B）": 0, "人身損傷程度（当事者A）": 4, "人身損傷程度（当事者B）": 2, "地点　緯度（北緯）": 34.39327556, "地点　経度（東経）": 132.4581972, "曜日(発生年月日)": 3, "祝日(発生年月日)": 3, "認知機能検査経過日数（当事者A）": 9999, "認知機能検査経過日数（当事者B）": 0, "運転練習の方法（当事者A）": 1, "運転練習の方法（当事者B）": 0, "field_69": null }, "geometry": { "type": "Point", "coordinates": [ 132.4581972, 34.39327556 ] } },
{ "type": "Feature", "properties": { "資料区分": 1, "都道府県コード": 73, "警察署等コード": 102, "本票番号": 186, "事故内容": 2, "死者数": 0, "負傷者数": 1, "路線コード": 37020, "地点コード": 0, "市区町村コード": 101, "発生日時　　年": 2024, "発生日時　　月": 5, "発生日時　　日": 25, "発生日時　　時": 2, "発生日時　　分": 40, "昼夜": 22, "日の出時刻　　時": 5, "日の出時刻　　分": 2, "日の入り時刻　　時": 19, "日の入り時刻　　分": 13, "天候": 1, "地形": 1, "路面状態": 1, "道路形状": 1, "信号機": 7, "一時停止規制　標識（当事者A）": 9, "一時停止規制　表示（当事者A）": 22, "一時停止規制　標識（当事者B）": 0, "一時停止規制　表示（当事者B）": 0, "車道幅員": 15, "道路線形": 9, "衝突地点": 30, "ゾーン規制": 70, "中央分離帯施設等": 5, "歩車道区分": 3, "事故類型": 1, "年齢（当事者A）": 45, "年齢（当事者B）": 1, "当事者種別（当事者A）": 3, "当事者種別（当事者B）": 61, "用途別（当事者A）": 1, "用途別（当事者B）": 0, "車両形状等（当事者A）": 1, "車両形状等（当事者B）": 0, "オートマチック車（当事者A）": 1, "オートマチック車（当事者B）": 0, "サポカー（当事者A）": 11, "サポカー（当事者B）": 0, "速度規制（指定のみ）（当事者A）": 10, "速度規制（指定のみ）（当事者B）": 0, "車両の衝突部位（当事者A）": 20, "車両の衝突部位（当事者B）": 0, "車両の損壊程度（当事者A）": 3, "車両の損壊程度（当事者B）": 0, "エアバッグの装備（当事者A）": 2, "エアバッグの装備（当事者B）": 0, "サイドエアバッグの装備（当事者A）": 2, "サイドエアバッグの装備（当事者B）": 0, "人身損傷程度（当事者A）": 4, "人身損傷程度（当事者B）": 2, "地点　緯度（北緯）": 34.39086278, "地点　経度（東経）": 132.4644989, "曜日(発生年月日)": 7, "祝日(発生年月日)": 3, "認知機能検査経過日数（当事者A）": 9999, "認知機能検査経過日数（当事者B）": 0, "運転練習の方法（当事者A）": 9, "運転練習の方法（当事者B）": 0, "field_69": null }, "geometry": { "type": "Point", "coordinates": [ 132.4644989, 34.39086278 ] } },
{ "type": "Feature", "properties": { "資料区分": 1, "都道府県コード": 73, "警察署等コード": 102, "本票番号": 187, "事故内容": 2, "死者数": 0, "負傷者数": 1, "路線コード": 37020, "地点コード": 0, "市区町村コード": 101, "発生日時　　年": 2024, "発生日時　　月": 5, "発生日時　　日": 21, "発生日時　　時": 8, "発生日時　　分": 50, "昼夜": 12, "日の出時刻　　時": 5, "日の出時刻　　分": 4, "日の入り時刻　　時": 19, "日の入り時刻　　分": 10, "天候": 1, "地形": 1, "路面状態": 1, "道路形状": 1, "信号機": 7, "一時停止規制　標識（当事者A）": 9, "一時停止規制　表示（当事者A）": 22, "一時停止規制　標識（当事者B）": 0, "一時停止規制　表示（当事者B）": 0, "車道幅員": 15, "道路線形": 9, "衝突地点": 30, "ゾーン規制": 70, "中央分離帯施設等": 5, "歩車道区分": 3, "事故類型": 1, "年齢（当事者A）": 45, "年齢（当事者B）": 35, "当事者種別（当事者A）": 3, "当事者種別（当事者B）": 61, "用途別（当事者A）": 31, "用途別（当事者B）": 0, "車両形状等（当事者A）": 1, "車両形状等（当事者B）": 0, "オートマチック車（当事者A）": 1, "オートマチック車（当事者B）": 0, "サポカー（当事者A）": 11, "サポカー（当事者B）": 0, "速度規制（指定のみ）（当事者A）": 10, "速度規制（指定のみ）（当事者B）": 0, "車両の衝突部位（当事者A）": 10, "車両の衝突部位（当事者B）": 0, "車両の損壊程度（当事者A）": 3, "車両の損壊程度（当事者B）": 0, "エアバッグの装備（当事者A）": 2, "エアバッグの装備（当事者B）": 0, "サイドエアバッグの装備（当事者A）": 2, "サイドエアバッグの装備（当事者B）": 0, "人身損傷程度（当事者A）": 4, "人身損傷程度（当事者B）": 2, "地点　緯度（北緯）": 34.38579167, "地点　経度（東経）": 132.4635611, "曜日(発生年月日)": 3, "祝日(発生年月日)": 3, "認知機能検査経過日数（当事者A）": 9999, "認知機能検査経過日数（当事者B）": 0, "運転練習の方法（当事者A）": 1, "運転練習の方法（当事者B）": 0, "field_69": null }, "geometry": { "type": "Point", "coordinates": [ 132.4635611, 34.38579167 ] } },
{ "type": "Feature", "properties": { "資料区分": 1, "都道府県コード": 73, "警察署等コード": 102, "本票番号": 205, "事故内容": 2, "死者数": 0, "負傷者数": 1, "路線コード": 20, "地点コード": 3366, "市区町村コード": 101, "発生日時　　年": 2024, "発生日時　　月": 4, "発生日時　　日": 21, "発生日時　　時": 14, "発生日時　　分": 45, "昼夜": 12, "日の出時刻　　時": 5, "日の出時刻　　分": 32, "日の入り時刻　　時": 18, "日の入り時刻　　分": 47, "天候": 3, "地形": 1, "路面状態": 2, "道路形状": 1, "信号機": 1, "一時停止規制　標識（当事者A）": 0, "一時停止規制　表示（当事者A）": 0, "一時停止規制　標識（当事者B）": 0, "一時停止規制　表示（当事者B）": 0, "車道幅員": 19, "道路線形": 9, "衝突地点": 30, "ゾーン規制": 1, "中央分離帯施設等": 5, "歩車道区分": 2, "事故類型": 1, "年齢（当事者A）": 45, "年齢（当事者B）": 0, "当事者種別（当事者A）": 61, "当事者種別（当事者B）": 0, "用途別（当事者A）": 0, "用途別（当事者B）": 0, "車両形状等（当事者A）": 0, "車両形状等（当事者B）": 0, "オートマチック車（当事者A）": 0, "オートマチック車（当事者B）": 0, "サポカー（当事者A）": 0, "サポカー（当事者B）": 0, "速度規制（指定のみ）（当事者A）": 0, "速度規制（指定のみ）（当事者B）": 0, "車両の衝突部位（当事者A）": 0, "車両の衝突部位（当事者B）": 0, "車両の損壊程度（当事者A）": 0, "車両の損壊程度（当事者B）": 0, "エアバッグの装備（当事者A）": 0, "エアバッグの装備（当事者B）": 0, "サイドエアバッグの装備（当事者A）": 0, "サイドエアバッグの装備（当事者B）": 0, "人身損傷程度（当事者A）": 2, "人身損傷程度（当事者B）": 0, "地点　緯度（北緯）": 34.38533056, "地点　経度（東経）": 132.4484475, "曜日(発生年月日)": 1, "祝日(発生年月日)": 3, "認知機能検査経過日数（当事者A）": 0, "認知機能検査経過日数（当事者B）": 0, "運転練習の方法（当事者A）": 0, "運転練習の方法（当事者B）": 0, "field_69": null }, "geometry": { "type": "Point", "coordinates": [ 132.448447499999986, 34.38533056 ] } },
{ "type": "Feature", "properties": { "資料区分": 1, "都道府県コード": 73, "警察署等コード": 102, "本票番号": 206, "事故内容": 2, "死者数": 0, "負傷者数": 1, "路線コード": 37020, "地点コード": 0, "市区町村コード": 101, "発生日時　　年": 2024, "発生日時　　月": 6, "発生日時　　日": 1, "発生日時　　時": 23, "発生日時　　分": 15, "昼夜": 22, "日の出時刻　　時": 4, "日の出時刻　　分": 59, "日の入り時刻　　時": 19, "日の入り時刻　　分": 17, "天候": 1, "地形": 1, "路面状態": 1, "道路形状": 14, "信号機": 7, "一時停止規制　標識（当事者A）": 0, "一時停止規制　表示（当事者A）": 0, "一時停止規制　標識（当事者B）": 0, "一時停止規制　表示（当事者B）": 0, "車道幅員": 2, "道路線形": 9, "衝突地点": 1, "ゾーン規制": 70, "中央分離帯施設等": 4, "歩車道区分": 4, "事故類型": 1, "年齢（当事者A）": 55, "年齢（当事者B）": 35, "当事者種別（当事者A）": 3, "当事者種別（当事者B）": 61, "用途別（当事者A）": 1, "用途別（当事者B）": 0, "車両形状等（当事者A）": 1, "車両形状等（当事者B）": 0, "オートマチック車（当事者A）": 1, "オートマチック車（当事者B）": 0, "サポカー（当事者A）": 11, "サポカー（当事者B）": 0, "速度規制（指定のみ）（当事者A）": 10, "速度規制（指定のみ）（当事者B）": 0, "車両の衝突部位（当事者A）": 10, "車両の衝突部位（当事者B）": 0, "車両の損壊程度（当事者A）": 3, "車両の損壊程度（当事者B）": 0, "エアバッグの装備（当事者A）": 2, "エアバッグの装備（当事者B）": 0, "サイドエアバッグの装備（当事者A）": 2, "サイドエアバッグの装備（当事者B）": 0, "人身損傷程度（当事者A）": 4, "人身損傷程度（当事者B）": 2, "地点　緯度（北緯）": 34.3925, "地点　経度（東経）": 132.4577778, "曜日(発生年月日)": 7, "祝日(発生年月日)": 3, "認知機能検査経過日数（当事者A）": 9999, "認知機能検査経過日数（当事者B）": 0, "運転練習の方法（当事者A）": 9, "運転練習の方法（当事者B）": 0, "field_69": null }, "geometry": { "type": "Point", "coordinates": [ 132.4577778, 34.3925 ] } },
{ "type": "Feature", "properties": { "資料区分": 1, "都道府県コード": 73, "警察署等コード": 103, "本票番号": 119, "事故内容": 2, "死者数": 0, "負傷者数": 1, "路線コード": 37030, "地点コード": 0, "市区町村コード": 103, "発生日時　　年": 2024, "発生日時　　月": 5, "発生日時　　日": 9, "発生日時　　時": 19, "発生日時　　分": 35, "昼夜": 21, "日の出時刻　　時": 5, "日の出時刻　　分": 13, "日の入り時刻　　時": 19, "日の入り時刻　　分": 1, "天候": 1, "地形": 1, "路面状態": 1, "道路形状": 14, "信号機": 7, "一時停止規制　標識（当事者A）": 0, "一時停止規制　表示（当事者A）": 0, "一時停止規制　標識（当事者B）": 0, "一時停止規制　表示（当事者B）": 0, "車道幅員": 3, "道路線形": 9, "衝突地点": 1, "ゾーン規制": 70, "中央分離帯施設等": 5, "歩車道区分": 2, "事故類型": 1, "年齢（当事者A）": 55, "年齢（当事者B）": 25, "当事者種別（当事者A）": 3, "当事者種別（当事者B）": 61, "用途別（当事者A）": 31, "用途別（当事者B）": 0, "車両形状等（当事者A）": 1, "車両形状等（当事者B）": 0, "オートマチック車（当事者A）": 1, "オートマチック車（当事者B）": 0, "サポカー（当事者A）": 11, "サポカー（当事者B）": 0, "速度規制（指定のみ）（当事者A）": 2, "速度規制（指定のみ）（当事者B）": 0, "車両の衝突部位（当事者A）": 40, "車両の衝突部位（当事者B）": 0, "車両の損壊程度（当事者A）": 3, "車両の損壊程度（当事者B）": 0, "エアバッグの装備（当事者A）": 2, "エアバッグの装備（当事者B）": 0, "サイドエアバッグの装備（当事者A）": 2, "サイドエアバッグの装備（当事者B）": 0, "人身損傷程度（当事者A）": 4, "人身損傷程度（当事者B）": 2, "地点　緯度（北緯）": 34.37617222, "地点　経度（東経）": 132.4888458, "曜日(発生年月日)": 5, "祝日(発生年月日)": 3, "認知機能検査経過日数（当事者A）": 9999, "認知機能検査経過日数（当事者B）": 0, "運転練習の方法（当事者A）": 9, "運転練習の方法（当事者B）": 0, "field_69": null }, "geometry": { "type": "Point", "coordinates": [ 132.4888458, 34.37617222 ] } },
{ "type": "Feature", "properties": { "資料区分": 1, "都道府県コード": 73, "警察署等コード": 103, "本票番号": 121, "事故内容": 2, "死者数": 0, "負傷者数": 1, "路線コード": 21640, "地点コード": 0, "市区町村コード": 103, "発生日時　　年": 2024, "発生日時　　月": 6, "発生日時　　日": 4, "発生日時　　時": 8, "発生日時　　分": 12, "昼夜": 12, "日の出時刻　　時": 4, "日の出時刻　　分": 58, "日の入り時刻　　時": 19, "日の入り時刻　　分": 19, "天候": 1, "地形": 1, "路面状態": 1, "道路形状": 1, "信号機": 1, "一時停止規制　標識（当事者A）": 9, "一時停止規制　表示（当事者A）": 22, "一時停止規制　標識（当事者B）": 0, "一時停止規制　表示（当事者B）": 0, "車道幅員": 19, "道路線形": 9, "衝突地点": 30, "ゾーン規制": 70, "中央分離帯施設等": 5, "歩車道区分": 2, "事故類型": 1, "年齢（当事者A）": 35, "年齢（当事者B）": 25, "当事者種別（当事者A）": 4, "当事者種別（当事者B）": 61, "用途別（当事者A）": 31, "用途別（当事者B）": 0, "車両形状等（当事者A）": 1, "車両形状等（当事者B）": 0, "オートマチック車（当事者A）": 1, "オートマチック車（当事者B）": 0, "サポカー（当事者A）": 11, "サポカー（当事者B）": 0, "速度規制（指定のみ）（当事者A）": 4, "速度規制（指定のみ）（当事者B）": 0, "車両の衝突部位（当事者A）": 50, "車両の衝突部位（当事者B）": 0, "車両の損壊程度（当事者A）": 3, "車両の損壊程度（当事者B）": 0, "エアバッグの装備（当事者A）": 2, "エアバッグの装備（当事者B）": 0, "サイドエアバッグの装備（当事者A）": 2, "サイドエアバッグの装備（当事者B）": 0, "人身損傷程度（当事者A）": 4, "人身損傷程度（当事者B）": 2, "地点　緯度（北緯）": 34.39437972, "地点　経度（東経）": 132.4777603, "曜日(発生年月日)": 3, "祝日(発生年月日)": 3, "認知機能検査経過日数（当事者A）": 9999, "認知機能検査経過日数（当事者B）": 0, "運転練習の方法（当事者A）": 1, "運転練習の方法（当事者B）": 0, "field_69": null }, "geometry": { "type": "Point", "coordinates": [ 132.4777603, 34.39437972 ] } },
{ "type": "Feature", "properties": { "資料区分": 1, "都道府県コード": 73, "警察署等コード": 103, "本票番号": 132, "事故内容": 2, "死者数": 0, "負傷者数": 1, "路線コード": 20, "地点コード": 3329, "市区町村コード": 103, "発生日時　　年": 2024, "発生日時　　月": 6, "発生日時　　日": 15, "発生日時　　時": 19, "発生日時　　分": 30, "昼夜": 21, "日の出時刻　　時": 4, "日の出時刻　　分": 57, "日の入り時刻　　時": 19, "日の入り時刻　　分": 24, "天候": 1, "地形": 1, "路面状態": 1, "道路形状": 1, "信号機": 1, "一時停止規制　標識（当事者A）": 9, "一時停止規制　表示（当事者A）": 22, "一時停止規制　標識（当事者B）": 0, "一時停止規制　表示（当事者B）": 0, "車道幅員": 19, "道路線形": 6, "衝突地点": 30, "ゾーン規制": 70, "中央分離帯施設等": 5, "歩車道区分": 2, "事故類型": 1, "年齢（当事者A）": 45, "年齢（当事者B）": 1, "当事者種別（当事者A）": 3, "当事者種別（当事者B）": 61, "用途別（当事者A）": 31, "用途別（当事者B）": 0, "車両形状等（当事者A）": 1, "車両形状等（当事者B）": 0, "オートマチック車（当事者A）": 1, "オートマチック車（当事者B）": 0, "サポカー（当事者A）": 11, "サポカー（当事者B）": 0, "速度規制（指定のみ）（当事者A）": 4, "速度規制（指定のみ）（当事者B）": 0, "車両の衝突部位（当事者A）": 80, "車両の衝突部位（当事者B）": 0, "車両の損壊程度（当事者A）": 3, "車両の損壊程度（当事者B）": 0, "エアバッグの装備（当事者A）": 2, "エアバッグの装備（当事者B）": 0, "サイドエアバッグの装備（当事者A）": 2, "サイドエアバッグの装備（当事者B）": 0, "人身損傷程度（当事者A）": 4, "人身損傷程度（当事者B）": 2, "地点　緯度（北緯）": 34.379725, "地点　経度（東経）": 132.4864669, "曜日(発生年月日)": 7, "祝日(発生年月日)": 3, "認知機能検査経過日数（当事者A）": 9999, "認知機能検査経過日数（当事者B）": 0, "運転練習の方法（当事者A）": 5, "運転練習の方法（当事者B）": 0, "field_69": null }, "geometry": { "type": "Point", "coordinates": [ 132.486466900000011, 34.379725 ] } },
{ "type": "Feature", "properties": { "資料区分": 1, "都道府県コード": 73, "警察署等コード": 103, "本票番号": 138, "事故内容": 2, "死者数": 0, "負傷者数": 1, "路線コード": 38020, "地点コード": 0, "市区町村コード": 103, "発生日時　　年": 2024, "発生日時　　月": 5, "発生日時　　日": 22, "発生日時　　時": 8, "発生日時　　分": 15, "昼夜": 12, "日の出時刻　　時": 5, "日の出時刻　　分": 3, "日の入り時刻　　時": 19, "日の入り時刻　　分": 11, "天候": 1, "地形": 1, "路面状態": 1, "道路形状": 14, "信号機": 7, "一時停止規制　標識（当事者A）": 0, "一時停止規制　表示（当事者A）": 0, "一時停止規制　標識（当事者B）": 0, "一時停止規制　表示（当事者B）": 0, "車道幅員": 2, "道路線形": 9, "衝突地点": 1, "ゾーン規制": 70, "中央分離帯施設等": 1, "歩車道区分": 2, "事故類型": 1, "年齢（当事者A）": 1, "年齢（当事者B）": 45, "当事者種別（当事者A）": 51, "当事者種別（当事者B）": 61, "用途別（当事者A）": 41, "用途別（当事者B）": 0, "車両形状等（当事者A）": 0, "車両形状等（当事者B）": 0, "オートマチック車（当事者A）": 0, "オートマチック車（当事者B）": 0, "サポカー（当事者A）": 0, "サポカー（当事者B）": 0, "速度規制（指定のみ）（当事者A）": 0, "速度規制（指定のみ）（当事者B）": 0, "車両の衝突部位（当事者A）": 40, "車両の衝突部位（当事者B）": 0, "車両の損壊程度（当事者A）": 3, "車両の損壊程度（当事者B）": 0, "エアバッグの装備（当事者A）": 0, "エアバッグの装備（当事者B）": 0, "サイドエアバッグの装備（当事者A）": 0, "サイドエアバッグの装備（当事者B）": 0, "人身損傷程度（当事者A）": 4, "人身損傷程度（当事者B）": 2, "地点　緯度（北緯）": 34.37825, "地点　経度（東経）": 132.4735278, "曜日(発生年月日)": 4, "祝日(発生年月日)": 3, "認知機能検査経過日数（当事者A）": 0, "認知機能検査経過日数（当事者B）": 0, "運転練習の方法（当事者A）": 0, "運転練習の方法（当事者B）": 0, "field_69": null }, "geometry": { "type": "Point", "coordinates": [ 132.4735278, 34.37825 ] } },
{ "type": "Feature", "properties": { "資料区分": 1, "都道府県コード": 73, "警察署等コード": 103, "本票番号": 144, "事故内容": 2, "死者数": 0, "負傷者数": 1, "路線コード": 37030, "地点コード": 0, "市区町村コード": 103, "発生日時　　年": 2024, "発生日時　　月": 6, "発生日時　　日": 20, "発生日時　　時": 16, "発生日時　　分": 11, "昼夜": 12, "日の出時刻　　時": 4, "日の出時刻　　分": 58, "日の入り時刻　　時": 19, "日の入り時刻　　分": 26, "天候": 2, "地形": 1, "路面状態": 1, "道路形状": 1, "信号機": 7, "一時停止規制　標識（当事者A）": 9, "一時停止規制　表示（当事者A）": 22, "一時停止規制　標識（当事者B）": 0, "一時停止規制　表示（当事者B）": 0, "車道幅員": 15, "道路線形": 9, "衝突地点": 30, "ゾーン規制": 70, "中央分離帯施設等": 4, "歩車道区分": 2, "事故類型": 1, "年齢（当事者A）": 35, "年齢（当事者B）": 1, "当事者種別（当事者A）": 13, "当事者種別（当事者B）": 61, "用途別（当事者A）": 31, "用途別（当事者B）": 0, "車両形状等（当事者A）": 11, "車両形状等（当事者B）": 0, "オートマチック車（当事者A）": 1, "オートマチック車（当事者B）": 0, "サポカー（当事者A）": 11, "サポカー（当事者B）": 0, "速度規制（指定のみ）（当事者A）": 2, "速度規制（指定のみ）（当事者B）": 0, "車両の衝突部位（当事者A）": 10, "車両の衝突部位（当事者B）": 0, "車両の損壊程度（当事者A）": 3, "車両の損壊程度（当事者B）": 0, "エアバッグの装備（当事者A）": 2, "エアバッグの装備（当事者B）": 0, "サイドエアバッグの装備（当事者A）": 2, "サイドエアバッグの装備（当事者B）": 0, "人身損傷程度（当事者A）": 4, "人身損傷程度（当事者B）": 2, "地点　緯度（北緯）": 34.35752778, "地点　経度（東経）": 132.4603611, "曜日(発生年月日)": 5, "祝日(発生年月日)": 3, "認知機能検査経過日数（当事者A）": 9999, "認知機能検査経過日数（当事者B）": 0, "運転練習の方法（当事者A）": 1, "運転練習の方法（当事者B）": 0, "field_69": null }, "geometry": { "type": "Point", "coordinates": [ 132.4603611, 34.35752778 ] } },
{ "type": "Feature", "properties": { "資料区分": 1, "都道府県コード": 73, "警察署等コード": 104, "本票番号": 66, "事故内容": 2, "死者数": 0, "負傷者数": 1, "路線コード": 37040, "地点コード": 0, "市区町村コード": 202, "発生日時　　年": 2024, "発生日時　　月": 5, "発生日時　　日": 31, "発生日時　　時": 20, "発生日時　　分": 22, "昼夜": 22, "日の出時刻　　時": 4, "日の出時刻　　分": 59, "日の入り時刻　　時": 19, "日の入り時刻　　分": 17, "天候": 2, "地形": 1, "路面状態": 1, "道路形状": 1, "信号機": 1, "一時停止規制　標識（当事者A）": 9, "一時停止規制　表示（当事者A）": 22, "一時停止規制　標識（当事者B）": 0, "一時停止規制　表示（当事者B）": 0, "車道幅員": 15, "道路線形": 7, "衝突地点": 30, "ゾーン規制": 70, "中央分離帯施設等": 5, "歩車道区分": 2, "事故類型": 1, "年齢（当事者A）": 45, "年齢（当事者B）": 25, "当事者種別（当事者A）": 4, "当事者種別（当事者B）": 61, "用途別（当事者A）": 31, "用途別（当事者B）": 0, "車両形状等（当事者A）": 1, "車両形状等（当事者B）": 0, "オートマチック車（当事者A）": 1, "オートマチック車（当事者B）": 0, "サポカー（当事者A）": 11, "サポカー（当事者B）": 0, "速度規制（指定のみ）（当事者A）": 3, "速度規制（指定のみ）（当事者B）": 0, "車両の衝突部位（当事者A）": 50, "車両の衝突部位（当事者B）": 0, "車両の損壊程度（当事者A）": 3, "車両の損壊程度（当事者B）": 0, "エアバッグの装備（当事者A）": 2, "エアバッグの装備（当事者B）": 0, "サイドエアバッグの装備（当事者A）": 2, "サイドエアバッグの装備（当事者B）": 0, "人身損傷程度（当事者A）": 4, "人身損傷程度（当事者B）": 2, "地点　緯度（北緯）": 34.24343583, "地点　経度（東経）": 132.5506228, "曜日(発生年月日)": 6, "祝日(発生年月日)": 3, "認知機能検査経過日数（当事者A）": 9999, "認知機能検査経過日数（当事者B）": 0, "運転練習の方法（当事者A）": 1, "運転練習の方法（当事者B）": 0, "field_69": null }, "geometry": { "type": "Point", "coordinates": [ 132.550622800000014, 34.24343583 ] } },
{ "type": "Feature", "properties": { "資料区分": 1, "都道府県コード": 73, "警察署等コード": 104, "本票番号": 67, "事故内容": 2, "死者数": 0, "負傷者数": 1, "路線コード": 37040, "地点コード": 0, "市区町村コード": 202, "発生日時　　年": 2024, "発生日時　　月": 6, "発生日時　　日": 2, "発生日時　　時": 19, "発生日時　　分": 11, "昼夜": 13, "日の出時刻　　時": 4, "日の出時刻　　分": 59, "日の入り時刻　　時": 19, "日の入り時刻　　分": 18, "天候": 1, "地形": 1, "路面状態": 1, "道路形状": 1, "信号機": 1, "一時停止規制　標識（当事者A）": 9, "一時停止規制　表示（当事者A）": 22, "一時停止規制　標識（当事者B）": 0, "一時停止規制　表示（当事者B）": 0, "車道幅員": 15, "道路線形": 9, "衝突地点": 30, "ゾーン規制": 70, "中央分離帯施設等": 5, "歩車道区分": 2, "事故類型": 1, "年齢（当事者A）": 1, "年齢（当事者B）": 75, "当事者種別（当事者A）": 35, "当事者種別（当事者B）": 61, "用途別（当事者A）": 31, "用途別（当事者B）": 0, "車両形状等（当事者A）": 0, "車両形状等（当事者B）": 0, "オートマチック車（当事者A）": 0, "オートマチック車（当事者B）": 0, "サポカー（当事者A）": 11, "サポカー（当事者B）": 0, "速度規制（指定のみ）（当事者A）": 2, "速度規制（指定のみ）（当事者B）": 0, "車両の衝突部位（当事者A）": 0, "車両の衝突部位（当事者B）": 0, "車両の損壊程度（当事者A）": 3, "車両の損壊程度（当事者B）": 0, "エアバッグの装備（当事者A）": 0, "エアバッグの装備（当事者B）": 0, "サイドエアバッグの装備（当事者A）": 0, "サイドエアバッグの装備（当事者B）": 0, "人身損傷程度（当事者A）": 4, "人身損傷程度（当事者B）": 2, "地点　緯度（北緯）": 34.2508125, "地点　経度（東経）": 132.5676075, "曜日(発生年月日)": 1, "祝日(発生年月日)": 3, "認知機能検査経過日数（当事者A）": 9999, "認知機能検査経過日数（当事者B）": 0, "運転練習の方法（当事者A）": 1, "運転練習の方法（当事者B）": 0, "field_69": null }, "geometry": { "type": "Point", "coordinates": [ 132.5676075, 34.2508125 ] } },
{ "type": "Feature", "properties": { "資料区分": 1, "都道府県コード": 73, "警察署等コード": 104, "本票番号": 73, "事故内容": 2, "死者数": 0, "負傷者数": 1, "路線コード": 37040, "地点コード": 0, "市区町村コード": 202, "発生日時　　年": 2024, "発生日時　　月": 6, "発生日時　　日": 12, "発生日時　　時": 7, "発生日時　　分": 55, "昼夜": 12, "日の出時刻　　時": 4, "日の出時刻　　分": 57, "日の入り時刻　　時": 19, "日の入り時刻　　分": 23, "天候": 1, "地形": 1, "路面状態": 1, "道路形状": 1, "信号機": 7, "一時停止規制　標識（当事者A）": 9, "一時停止規制　表示（当事者A）": 22, "一時停止規制　標識（当事者B）": 0, "一時停止規制　表示（当事者B）": 0, "車道幅員": 11, "道路線形": 8, "衝突地点": 30, "ゾーン規制": 70, "中央分離帯施設等": 5, "歩車道区分": 3, "事故類型": 1, "年齢（当事者A）": 75, "年齢（当事者B）": 1, "当事者種別（当事者A）": 3, "当事者種別（当事者B）": 61, "用途別（当事者A）": 1, "用途別（当事者B）": 0, "車両形状等（当事者A）": 1, "車両形状等（当事者B）": 0, "オートマチック車（当事者A）": 1, "オートマチック車（当事者B）": 0, "サポカー（当事者A）": 11, "サポカー（当事者B）": 0, "速度規制（指定のみ）（当事者A）": 2, "速度規制（指定のみ）（当事者B）": 0, "車両の衝突部位（当事者A）": 30, "車両の衝突部位（当事者B）": 0, "車両の損壊程度（当事者A）": 3, "車両の損壊程度（当事者B）": 0, "エアバッグの装備（当事者A）": 2, "エアバッグの装備（当事者B）": 0, "サイドエアバッグの装備（当事者A）": 2, "サイドエアバッグの装備（当事者B）": 0, "人身損傷程度（当事者A）": 4, "人身損傷程度（当事者B）": 2, "地点　緯度（北緯）": 34.25388667, "地点　経度（東経）": 132.5655319, "曜日(発生年月日)": 4, "祝日(発生年月日)": 3, "認知機能検査経過日数（当事者A）": 509, "認知機能検査経過日数（当事者B）": 0, "運転練習の方法（当事者A）": 9, "運転練習の方法（当事者B）": 0, "field_69": null }, "geometry": { "type": "Point", "coordinates": [ 132.5655319, 34.25388667 ] } },
{ "type": "Feature", "properties": { "資料区分": 1, "都道府県コード": 73, "警察署等コード": 107, "本票番号": 32, "事故内容": 2, "死者数": 0, "負傷者数": 1, "路線コード": 37070, "地点コード": 0, "市区町村コード": 304, "発生日時　　年": 2024, "発生日時　　月": 2, "発生日時　　日": 9, "発生日時　　時": 18, "発生日時　　分": 45, "昼夜": 21, "日の出時刻　　時": 7, "日の出時刻　　分": 1, "日の入り時刻　　時": 17, "日の入り時刻　　分": 47, "天候": 1, "地形": 1, "路面状態": 1, "道路形状": 1, "信号機": 7, "一時停止規制　標識（当事者A）": 9, "一時停止規制　表示（当事者A）": 22, "一時停止規制　標識（当事者B）": 0, "一時停止規制　表示（当事者B）": 0, "車道幅員": 14, "道路線形": 9, "衝突地点": 30, "ゾーン規制": 70, "中央分離帯施設等": 4, "歩車道区分": 2, "事故類型": 1, "年齢（当事者A）": 75, "年齢（当事者B）": 75, "当事者種別（当事者A）": 4, "当事者種別（当事者B）": 61, "用途別（当事者A）": 31, "用途別（当事者B）": 0, "車両形状等（当事者A）": 1, "車両形状等（当事者B）": 0, "オートマチック車（当事者A）": 1, "オートマチック車（当事者B）": 0, "サポカー（当事者A）": 11, "サポカー（当事者B）": 0, "速度規制（指定のみ）（当事者A）": 3, "速度規制（指定のみ）（当事者B）": 0, "車両の衝突部位（当事者A）": 50, "車両の衝突部位（当事者B）": 0, "車両の損壊程度（当事者A）": 3, "車両の損壊程度（当事者B）": 0, "エアバッグの装備（当事者A）": 2, "エアバッグの装備（当事者B）": 0, "サイドエアバッグの装備（当事者A）": 2, "サイドエアバッグの装備（当事者B）": 0, "人身損傷程度（当事者A）": 4, "人身損傷程度（当事者B）": 2, "地点　緯度（北緯）": 34.36406333, "地点　経度（東経）": 132.5420475, "曜日(発生年月日)": 6, "祝日(発生年月日)": 3, "認知機能検査経過日数（当事者A）": 213, "認知機能検査経過日数（当事者B）": 0, "運転練習の方法（当事者A）": 9, "運転練習の方法（当事者B）": 0, "field_69": null }, "geometry": { "type": "Point", "coordinates": [ 132.5420475, 34.36406333 ] } },
{ "type": "Feature", "properties": { "資料区分": 1, "都道府県コード": 73, "警察署等コード": 107, "本票番号": 39, "事故内容": 2, "死者数": 0, "負傷者数": 1, "路線コード": 37070, "地点コード": 0, "市区町村コード": 107, "発生日時　　年": 2024, "発生日時　　月": 3, "発生日時　　日": 15, "発生日時　　時": 7, "発生日時　　分": 26, "昼夜": 12, "日の出時刻　　時": 6, "日の出時刻　　分": 20, "日の入り時刻　　時": 18, "日の入り時刻　　分": 17, "天候": 1, "地形": 1, "路面状態": 1, "道路形状": 7, "信号機": 7, "一時停止規制　標識（当事者A）": 0, "一時停止規制　表示（当事者A）": 0, "一時停止規制　標識（当事者B）": 0, "一時停止規制　表示（当事者B）": 0, "車道幅員": 1, "道路線形": 9, "衝突地点": 1, "ゾーン規制": 70, "中央分離帯施設等": 5, "歩車道区分": 4, "事故類型": 1, "年齢（当事者A）": 65, "年齢（当事者B）": 1, "当事者種別（当事者A）": 4, "当事者種別（当事者B）": 61, "用途別（当事者A）": 31, "用途別（当事者B）": 0, "車両形状等（当事者A）": 1, "車両形状等（当事者B）": 0, "オートマチック車（当事者A）": 1, "オートマチック車（当事者B）": 0, "サポカー（当事者A）": 11, "サポカー（当事者B）": 0, "速度規制（指定のみ）（当事者A）": 10, "速度規制（指定のみ）（当事者B）": 0, "車両の衝突部位（当事者A）": 80, "車両の衝突部位（当事者B）": 0, "車両の損壊程度（当事者A）": 4, "車両の損壊程度（当事者B）": 0, "エアバッグの装備（当事者A）": 2, "エアバッグの装備（当事者B）": 0, "サイドエアバッグの装備（当事者A）": 2, "サイドエアバッグの装備（当事者B）": 0, "人身損傷程度（当事者A）": 4, "人身損傷程度（当事者B）": 2, "地点　緯度（北緯）": 34.34940222, "地点　経度（東経）": 132.5276261, "曜日(発生年月日)": 6, "祝日(発生年月日)": 3, "認知機能検査経過日数（当事者A）": 9999, "認知機能検査経過日数（当事者B）": 0, "運転練習の方法（当事者A）": 9, "運転練習の方法（当事者B）": 0, "field_69": null }, "geometry": { "type": "Point", "coordinates": [ 132.5276261, 34.34940222 ] } },
{ "type": "Feature", "properties": { "資料区分": 1, "都道府県コード": 73, "警察署等コード": 108, "本票番号": 57, "事故内容": 2, "死者数": 0, "負傷者数": 1, "路線コード": 99000, "地点コード": 0, "市区町村コード": 213, "発生日時　　年": 2024, "発生日時　　月": 5, "発生日時　　日": 23, "発生日時　　時": 16, "発生日時　　分": 25, "昼夜": 12, "日の出時刻　　時": 5, "日の出時刻　　分": 3, "日の入り時刻　　時": 19, "日の入り時刻　　分": 11, "天候": 2, "地形": 1, "路面状態": 1, "道路形状": 0, "信号機": 7, "一時停止規制　標識（当事者A）": 0, "一時停止規制　表示（当事者A）": 0, "一時停止規制　標識（当事者B）": 0, "一時停止規制　表示（当事者B）": 0, "車道幅員": 0, "道路線形": 0, "衝突地点": 20, "ゾーン規制": 70, "中央分離帯施設等": 0, "歩車道区分": 4, "事故類型": 1, "年齢（当事者A）": 65, "年齢（当事者B）": 55, "当事者種別（当事者A）": 4, "当事者種別（当事者B）": 61, "用途別（当事者A）": 31, "用途別（当事者B）": 0, "車両形状等（当事者A）": 1, "車両形状等（当事者B）": 0, "オートマチック車（当事者A）": 1, "オートマチック車（当事者B）": 0, "サポカー（当事者A）": 11, "サポカー（当事者B）": 0, "速度規制（指定のみ）（当事者A）": 10, "速度規制（指定のみ）（当事者B）": 0, "車両の衝突部位（当事者A）": 30, "車両の衝突部位（当事者B）": 0, "車両の損壊程度（当事者A）": 4, "車両の損壊程度（当事者B）": 0, "エアバッグの装備（当事者A）": 2, "エアバッグの装備（当事者B）": 0, "サイドエアバッグの装備（当事者A）": 2, "サイドエアバッグの装備（当事者B）": 0, "人身損傷程度（当事者A）": 4, "人身損傷程度（当事者B）": 2, "地点　緯度（北緯）": 34.35431639, "地点　経度（東経）": 132.3351681, "曜日(発生年月日)": 5, "祝日(発生年月日)": 3, "認知機能検査経過日数（当事者A）": 9999, "認知機能検査経過日数（当事者B）": 0, "運転練習の方法（当事者A）": 9, "運転練習の方法（当事者B）": 0, "field_69": null }, "geometry": { "type": "Point", "coordinates": [ 132.3351681, 34.35431639 ] } },
{ "type": "Feature", "properties": { "資料区分": 1, "都道府県コード": 73, "警察署等コード": 108, "本票番号": 58, "事故内容": 2, "死者数": 0, "負傷者数": 2, "路線コード": 20, "地点コード": 3538, "市区町村コード": 213, "発生日時　　年": 2024, "発生日時　　月": 5, "発生日時　　日": 28, "発生日時　　時": 3, "発生日時　　分": 36, "昼夜": 22, "日の出時刻　　時": 5, "日の出時刻　　分": 0, "日の入り時刻　　時": 19, "日の入り時刻　　分": 15, "天候": 3, "地形": 2, "路面状態": 2, "道路形状": 13, "信号機": 7, "一時停止規制　標識（当事者A）": 0, "一時停止規制　表示（当事者A）": 0, "一時停止規制　標識（当事者B）": 0, "一時停止規制　表示（当事者B）": 0, "車道幅員": 5, "道路線形": 6, "衝突地点": 1, "ゾーン規制": 70, "中央分離帯施設等": 1, "歩車道区分": 4, "事故類型": 1, "年齢（当事者A）": 45, "年齢（当事者B）": 75, "当事者種別（当事者A）": 35, "当事者種別（当事者B）": 61, "用途別（当事者A）": 31, "用途別（当事者B）": 0, "車両形状等（当事者A）": 0, "車両形状等（当事者B）": 0, "オートマチック車（当事者A）": 0, "オートマチック車（当事者B）": 0, "サポカー（当事者A）": 11, "サポカー（当事者B）": 0, "速度規制（指定のみ）（当事者A）": 4, "速度規制（指定のみ）（当事者B）": 0, "車両の衝突部位（当事者A）": 10, "車両の衝突部位（当事者B）": 0, "車両の損壊程度（当事者A）": 3, "車両の損壊程度（当事者B）": 0, "エアバッグの装備（当事者A）": 0, "エアバッグの装備（当事者B）": 0, "サイドエアバッグの装備（当事者A）": 0, "サイドエアバッグの装備（当事者B）": 0, "人身損傷程度（当事者A）": 2, "人身損傷程度（当事者B）": 2, "地点　緯度（北緯）": 34.32691278, "地点　経度（東経）": 132.3181894, "曜日(発生年月日)": 3, "祝日(発生年月日)": 3, "認知機能検査経過日数（当事者A）": 9999, "認知機能検査経過日数（当事者B）": 0, "運転練習の方法（当事者A）": 1, "運転練習の方法（当事者B）": 0, "field_69": null }, "geometry": { "type": "Point", "coordinates": [ 132.3181894, 34.32691278 ] } },
{ "type": "Feature", "properties": { "資料区分": 1, "都道府県コード": 73, "警察署等コード": 110, "本票番号": 22, "事故内容": 2, "死者数": 0, "負傷者数": 1, "路線コード": 99000, "地点コード": 0, "市区町村コード": 431, "発生日時　　年": 2024, "発生日時　　月": 5, "発生日時　　日": 27, "発生日時　　時": 8, "発生日時　　分": 35, "昼夜": 12, "日の出時刻　　時": 5, "日の出時刻　　分": 1, "日の入り時刻　　時": 19, "日の入り時刻　　分": 14, "天候": 2, "地形": 3, "路面状態": 2, "道路形状": 0, "信号機": 7, "一時停止規制　標識（当事者A）": 0, "一時停止規制　表示（当事者A）": 0, "一時停止規制　標識（当事者B）": 0, "一時停止規制　表示（当事者B）": 0, "車道幅員": 0, "道路線形": 0, "衝突地点": 20, "ゾーン規制": 70, "中央分離帯施設等": 0, "歩車道区分": 4, "事故類型": 1, "年齢（当事者A）": 45, "年齢（当事者B）": 65, "当事者種別（当事者A）": 3, "当事者種別（当事者B）": 61, "用途別（当事者A）": 31, "用途別（当事者B）": 0, "車両形状等（当事者A）": 1, "車両形状等（当事者B）": 0, "オートマチック車（当事者A）": 1, "オートマチック車（当事者B）": 0, "サポカー（当事者A）": 11, "サポカー（当事者B）": 0, "速度規制（指定のみ）（当事者A）": 10, "速度規制（指定のみ）（当事者B）": 0, "車両の衝突部位（当事者A）": 30, "車両の衝突部位（当事者B）": 0, "車両の損壊程度（当事者A）": 4, "車両の損壊程度（当事者B）": 0, "エアバッグの装備（当事者A）": 2, "エアバッグの装備（当事者B）": 0, "サイドエアバッグの装備（当事者A）": 2, "サイドエアバッグの装備（当事者B）": 0, "人身損傷程度（当事者A）": 4, "人身損傷程度（当事者B）": 2, "地点　緯度（北緯）": 34.248825, "地点　経度（東経）": 132.8772889, "曜日(発生年月日)": 2, "祝日(発生年月日)": 3, "認知機能検査経過日数（当事者A）": 9999, "認知機能検査経過日数（当事者B）": 0, "運転練習の方法（当事者A）": 9, "運転練習の方法（当事者B）": 0, "field_69": null }, "geometry": { "type": "Point", "coordinates": [ 132.8772889, 34.248825 ] } },
{ "type": "Feature", "properties": { "資料区分": 1, "都道府県コード": 73, "警察署等コード": 112, "本票番号": 135, "事故内容": 2, "死者数": 0, "負傷者数": 1, "路線コード": 37120, "地点コード": 0, "市区町村コード": 212, "発生日時　　年": 2024, "発生日時　　月": 4, "発生日時　　日": 24, "発生日時　　時": 13, "発生日時　　分": 30, "昼夜": 12, "日の出時刻　　時": 5, "日の出時刻　　分": 28, "日の入り時刻　　時": 18, "日の入り時刻　　分": 49, "天候": 2, "地形": 1, "路面状態": 2, "道路形状": 14, "信号機": 7, "一時停止規制　標識（当事者A）": 0, "一時停止規制　表示（当事者A）": 0, "一時停止規制　標識（当事者B）": 0, "一時停止規制　表示（当事者B）": 0, "車道幅員": 2, "道路線形": 9, "衝突地点": 1, "ゾーン規制": 70, "中央分離帯施設等": 5, "歩車道区分": 4, "事故類型": 1, "年齢（当事者A）": 75, "年齢（当事者B）": 1, "当事者種別（当事者A）": 4, "当事者種別（当事者B）": 61, "用途別（当事者A）": 31, "用途別（当事者B）": 0, "車両形状等（当事者A）": 1, "車両形状等（当事者B）": 0, "オートマチック車（当事者A）": 1, "オートマチック車（当事者B）": 0, "サポカー（当事者A）": 11, "サポカー（当事者B）": 0, "速度規制（指定のみ）（当事者A）": 3, "速度規制（指定のみ）（当事者B）": 0, "車両の衝突部位（当事者A）": 80, "車両の衝突部位（当事者B）": 0, "車両の損壊程度（当事者A）": 3, "車両の損壊程度（当事者B）": 0, "エアバッグの装備（当事者A）": 2, "エアバッグの装備（当事者B）": 0, "サイドエアバッグの装備（当事者A）": 2, "サイドエアバッグの装備（当事者B）": 0, "人身損傷程度（当事者A）": 4, "人身損傷程度（当事者B）": 2, "地点　緯度（北緯）": 34.42874583, "地点　経度（東経）": 132.7167389, "曜日(発生年月日)": 4, "祝日(発生年月日)": 3, "認知機能検査経過日数（当事者A）": 469, "認知機能検査経過日数（当事者B）": 0, "運転練習の方法（当事者A）": 9, "運転練習の方法（当事者B）": 0, "field_69": null }, "geometry": { "type": "Point", "coordinates": [ 132.7167389, 34.42874583 ] } },
{ "type": "Feature", "properties": { "資料区分": 1, "都道府県コード": 73, "警察署等コード": 114, "本票番号": 111, "事故内容": 2, "死者数": 0, "負傷者数": 1, "路線コード": 37140, "地点コード": 0, "市区町村コード": 106, "発生日時　　年": 2024, "発生日時　　月": 6, "発生日時　　日": 3, "発生日時　　時": 15, "発生日時　　分": 44, "昼夜": 12, "日の出時刻　　時": 4, "日の出時刻　　分": 58, "日の入り時刻　　時": 19, "日の入り時刻　　分": 18, "天候": 1, "地形": 2, "路面状態": 1, "道路形状": 1, "信号機": 7, "一時停止規制　標識（当事者A）": 9, "一時停止規制　表示（当事者A）": 22, "一時停止規制　標識（当事者B）": 0, "一時停止規制　表示（当事者B）": 0, "車道幅員": 15, "道路線形": 9, "衝突地点": 30, "ゾーン規制": 70, "中央分離帯施設等": 5, "歩車道区分": 2, "事故類型": 1, "年齢（当事者A）": 45, "年齢（当事者B）": 65, "当事者種別（当事者A）": 14, "当事者種別（当事者B）": 61, "用途別（当事者A）": 31, "用途別（当事者B）": 0, "車両形状等（当事者A）": 11, "車両形状等（当事者B）": 0, "オートマチック車（当事者A）": 1, "オートマチック車（当事者B）": 0, "サポカー（当事者A）": 11, "サポカー（当事者B）": 0, "速度規制（指定のみ）（当事者A）": 10, "速度規制（指定のみ）（当事者B）": 0, "車両の衝突部位（当事者A）": 10, "車両の衝突部位（当事者B）": 0, "車両の損壊程度（当事者A）": 3, "車両の損壊程度（当事者B）": 0, "エアバッグの装備（当事者A）": 2, "エアバッグの装備（当事者B）": 0, "サイドエアバッグの装備（当事者A）": 2, "サイドエアバッグの装備（当事者B）": 0, "人身損傷程度（当事者A）": 4, "人身損傷程度（当事者B）": 2, "地点　緯度（北緯）": 34.51579139, "地点　経度（東経）": 132.4979264, "曜日(発生年月日)": 2, "祝日(発生年月日)": 3, "認知機能検査経過日数（当事者A）": 9999, "認知機能検査経過日数（当事者B）": 0, "運転練習の方法（当事者A）": 1, "運転練習の方法（当事者B）": 0, "field_69": null }, "geometry": { "type": "Point", "coordinates": [ 132.497926400000011, 34.51579139 ] } },
{ "type": "Feature", "properties": { "資料区分": 1, "都道府県コード": 73, "警察署等コード": 114, "本票番号": 116, "事故内容": 2, "死者数": 0, "負傷者数": 1, "路線コード": 99000, "地点コード": 0, "市区町村コード": 106, "発生日時　　年": 2024, "発生日時　　月": 6, "発生日時　　日": 1, "発生日時　　時": 11, "発生日時　　分": 17, "昼夜": 12, "日の出時刻　　時": 4, "日の出時刻　　分": 59, "日の入り時刻　　時": 19, "日の入り時刻　　分": 17, "天候": 1, "地形": 2, "路面状態": 1, "道路形状": 0, "信号機": 7, "一時停止規制　標識（当事者A）": 0, "一時停止規制　表示（当事者A）": 0, "一時停止規制　標識（当事者B）": 0, "一時停止規制　表示（当事者B）": 0, "車道幅員": 0, "道路線形": 0, "衝突地点": 20, "ゾーン規制": 70, "中央分離帯施設等": 0, "歩車道区分": 4, "事故類型": 1, "年齢（当事者A）": 75, "年齢（当事者B）": 65, "当事者種別（当事者A）": 4, "当事者種別（当事者B）": 61, "用途別（当事者A）": 31, "用途別（当事者B）": 0, "車両形状等（当事者A）": 1, "車両形状等（当事者B）": 0, "オートマチック車（当事者A）": 1, "オートマチック車（当事者B）": 0, "サポカー（当事者A）": 11, "サポカー（当事者B）": 0, "速度規制（指定のみ）（当事者A）": 1, "速度規制（指定のみ）（当事者B）": 0, "車両の衝突部位（当事者A）": 0, "車両の衝突部位（当事者B）": 0, "車両の損壊程度（当事者A）": 4, "車両の損壊程度（当事者B）": 0, "エアバッグの装備（当事者A）": 2, "エアバッグの装備（当事者B）": 0, "サイドエアバッグの装備（当事者A）": 2, "サイドエアバッグの装備（当事者B）": 0, "人身損傷程度（当事者A）": 4, "人身損傷程度（当事者B）": 2, "地点　緯度（北緯）": 34.46465556, "地点　経度（東経）": 132.5040906, "曜日(発生年月日)": 7, "祝日(発生年月日)": 3, "認知機能検査経過日数（当事者A）": 597, "認知機能検査経過日数（当事者B）": 0, "運転練習の方法（当事者A）": 9, "運転練習の方法（当事者B）": 0, "field_69": null }, "geometry": { "type": "Point", "coordinates": [ 132.504090600000012, 34.46465556 ] } },
{ "type": "Feature", "properties": { "資料区分": 1, "都道府県コード": 73, "警察署等コード": 114, "本票番号": 123, "事故内容": 2, "死者数": 0, "負傷者数": 1, "路線コード": 37140, "地点コード": 0, "市区町村コード": 106, "発生日時　　年": 2024, "発生日時　　月": 6, "発生日時　　日": 24, "発生日時　　時": 5, "発生日時　　分": 53, "昼夜": 11, "日の出時刻　　時": 4, "日の出時刻　　分": 59, "日の入り時刻　　時": 19, "日の入り時刻　　分": 26, "天候": 2, "地形": 2, "路面状態": 1, "道路形状": 1, "信号機": 3, "一時停止規制　標識（当事者A）": 9, "一時停止規制　表示（当事者A）": 21, "一時停止規制　標識（当事者B）": 0, "一時停止規制　表示（当事者B）": 0, "車道幅員": 15, "道路線形": 9, "衝突地点": 30, "ゾーン規制": 70, "中央分離帯施設等": 4, "歩車道区分": 2, "事故類型": 1, "年齢（当事者A）": 25, "年齢（当事者B）": 65, "当事者種別（当事者A）": 4, "当事者種別（当事者B）": 61, "用途別（当事者A）": 31, "用途別（当事者B）": 0, "車両形状等（当事者A）": 1, "車両形状等（当事者B）": 0, "オートマチック車（当事者A）": 1, "オートマチック車（当事者B）": 0, "サポカー（当事者A）": 11, "サポカー（当事者B）": 0, "速度規制（指定のみ）（当事者A）": 2, "速度規制（指定のみ）（当事者B）": 0, "車両の衝突部位（当事者A）": 10, "車両の衝突部位（当事者B）": 0, "車両の損壊程度（当事者A）": 3, "車両の損壊程度（当事者B）": 0, "エアバッグの装備（当事者A）": 2, "エアバッグの装備（当事者B）": 0, "サイドエアバッグの装備（当事者A）": 2, "サイドエアバッグの装備（当事者B）": 0, "人身損傷程度（当事者A）": 4, "人身損傷程度（当事者B）": 2, "地点　緯度（北緯）": 34.46964167, "地点　経度（東経）": 132.4996756, "曜日(発生年月日)": 2, "祝日(発生年月日)": 3, "認知機能検査経過日数（当事者A）": 9999, "認知機能検査経過日数（当事者B）": 0, "運転練習の方法（当事者A）": 1, "運転練習の方法（当事者B）": 0, "field_69": null }, "geometry": { "type": "Point", "coordinates": [ 132.499675599999989, 34.46964167 ] } },
{ "type": "Feature", "properties": { "資料区分": 1, "都道府県コード": 73, "警察署等コード": 117, "本票番号": 63, "事故内容": 2, "死者数": 0, "負傷者数": 2, "路線コード": 4860, "地点コード": 0, "市区町村コード": 205, "発生日時　　年": 2024, "発生日時　　月": 5, "発生日時　　日": 3, "発生日時　　時": 18, "発生日時　　分": 40, "昼夜": 13, "日の出時刻　　時": 5, "日の出時刻　　分": 18, "日の入り時刻　　時": 18, "日の入り時刻　　分": 56, "天候": 1, "地形": 3, "路面状態": 1, "道路形状": 14, "信号機": 7, "一時停止規制　標識（当事者A）": 0, "一時停止規制　表示（当事者A）": 0, "一時停止規制　標識（当事者B）": 0, "一時停止規制　表示（当事者B）": 0, "車道幅員": 3, "道路線形": 9, "衝突地点": 1, "ゾーン規制": 70, "中央分離帯施設等": 4, "歩車道区分": 2, "事故類型": 1, "年齢（当事者A）": 45, "年齢（当事者B）": 65, "当事者種別（当事者A）": 31, "当事者種別（当事者B）": 61, "用途別（当事者A）": 31, "用途別（当事者B）": 0, "車両形状等（当事者A）": 0, "車両形状等（当事者B）": 0, "オートマチック車（当事者A）": 0, "オートマチック車（当事者B）": 0, "サポカー（当事者A）": 11, "サポカー（当事者B）": 0, "速度規制（指定のみ）（当事者A）": 4, "速度規制（指定のみ）（当事者B）": 0, "車両の衝突部位（当事者A）": 10, "車両の衝突部位（当事者B）": 0, "車両の損壊程度（当事者A）": 3, "車両の損壊程度（当事者B）": 0, "エアバッグの装備（当事者A）": 0, "エアバッグの装備（当事者B）": 0, "サイドエアバッグの装備（当事者A）": 0, "サイドエアバッグの装備（当事者B）": 0, "人身損傷程度（当事者A）": 2, "人身損傷程度（当事者B）": 2, "地点　緯度（北緯）": 34.53021611, "地点　経度（東経）": 133.1705839, "曜日(発生年月日)": 6, "祝日(発生年月日)": 1, "認知機能検査経過日数（当事者A）": 9999, "認知機能検査経過日数（当事者B）": 0, "運転練習の方法（当事者A）": 9, "運転練習の方法（当事者B）": 0, "field_69": null }, "geometry": { "type": "Point", "coordinates": [ 133.1705839, 34.53021611 ] } },
{ "type": "Feature", "properties": { "資料区分": 1, "都道府県コード": 73, "警察署等コード": 121, "本票番号": 236, "事故内容": 2, "死者数": 0, "負傷者数": 1, "路線コード": 37210, "地点コード": 0, "市区町村コード": 207, "発生日時　　年": 2024, "発生日時　　月": 5, "発生日時　　日": 19, "発生日時　　時": 17, "発生日時　　分": 25, "昼夜": 12, "日の出時刻　　時": 5, "日の出時刻　　分": 5, "日の入り時刻　　時": 19, "日の入り時刻　　分": 8, "天候": 2, "地形": 2, "路面状態": 1, "道路形状": 1, "信号機": 7, "一時停止規制　標識（当事者A）": 9, "一時停止規制　表示（当事者A）": 22, "一時停止規制　標識（当事者B）": 0, "一時停止規制　表示（当事者B）": 0, "車道幅員": 14, "道路線形": 9, "衝突地点": 30, "ゾーン規制": 70, "中央分離帯施設等": 4, "歩車道区分": 2, "事故類型": 1, "年齢（当事者A）": 25, "年齢（当事者B）": 1, "当事者種別（当事者A）": 3, "当事者種別（当事者B）": 61, "用途別（当事者A）": 31, "用途別（当事者B）": 0, "車両形状等（当事者A）": 1, "車両形状等（当事者B）": 0, "オートマチック車（当事者A）": 1, "オートマチック車（当事者B）": 0, "サポカー（当事者A）": 11, "サポカー（当事者B）": 0, "速度規制（指定のみ）（当事者A）": 3, "速度規制（指定のみ）（当事者B）": 0, "車両の衝突部位（当事者A）": 50, "車両の衝突部位（当事者B）": 0, "車両の損壊程度（当事者A）": 3, "車両の損壊程度（当事者B）": 0, "エアバッグの装備（当事者A）": 2, "エアバッグの装備（当事者B）": 0, "サイドエアバッグの装備（当事者A）": 2, "サイドエアバッグの装備（当事者B）": 0, "人身損傷程度（当事者A）": 4, "人身損傷程度（当事者B）": 2, "地点　緯度（北緯）": 34.49576667, "地点　経度（東経）": 133.375825, "曜日(発生年月日)": 1, "祝日(発生年月日)": 3, "認知機能検査経過日数（当事者A）": 9999, "認知機能検査経過日数（当事者B）": 0, "運転練習の方法（当事者A）": 1, "運転練習の方法（当事者B）": 0, "field_69": null }, "geometry": { "type": "Point", "coordinates": [ 133.375825, 34.49576667 ] } },
{ "type": "Feature", "properties": { "資料区分": 1, "都道府県コード": 73, "警察署等コード": 121, "本票番号": 260, "事故内容": 2, "死者数": 0, "負傷者数": 1, "路線コード": 37210, "地点コード": 0, "市区町村コード": 207, "発生日時　　年": 2024, "発生日時　　月": 6, "発生日時　　日": 14, "発生日時　　時": 17, "発生日時　　分": 20, "昼夜": 12, "日の出時刻　　時": 4, "日の出時刻　　分": 57, "日の入り時刻　　時": 19, "日の入り時刻　　分": 24, "天候": 1, "地形": 3, "路面状態": 1, "道路形状": 1, "信号機": 7, "一時停止規制　標識（当事者A）": 9, "一時停止規制　表示（当事者A）": 22, "一時停止規制　標識（当事者B）": 0, "一時停止規制　表示（当事者B）": 0, "車道幅員": 15, "道路線形": 8, "衝突地点": 30, "ゾーン規制": 70, "中央分離帯施設等": 5, "歩車道区分": 3, "事故類型": 1, "年齢（当事者A）": 35, "年齢（当事者B）": 25, "当事者種別（当事者A）": 3, "当事者種別（当事者B）": 61, "用途別（当事者A）": 31, "用途別（当事者B）": 0, "車両形状等（当事者A）": 1, "車両形状等（当事者B）": 0, "オートマチック車（当事者A）": 1, "オートマチック車（当事者B）": 0, "サポカー（当事者A）": 11, "サポカー（当事者B）": 0, "速度規制（指定のみ）（当事者A）": 10, "速度規制（指定のみ）（当事者B）": 0, "車両の衝突部位（当事者A）": 10, "車両の衝突部位（当事者B）": 0, "車両の損壊程度（当事者A）": 3, "車両の損壊程度（当事者B）": 0, "エアバッグの装備（当事者A）": 2, "エアバッグの装備（当事者B）": 0, "サイドエアバッグの装備（当事者A）": 2, "サイドエアバッグの装備（当事者B）": 0, "人身損傷程度（当事者A）": 4, "人身損傷程度（当事者B）": 2, "地点　緯度（北緯）": 34.51704222, "地点　経度（東経）": 133.4016917, "曜日(発生年月日)": 6, "祝日(発生年月日)": 3, "認知機能検査経過日数（当事者A）": 9999, "認知機能検査経過日数（当事者B）": 0, "運転練習の方法（当事者A）": 1, "運転練習の方法（当事者B）": 0, "field_69": null }, "geometry": { "type": "Point", "coordinates": [ 133.401691699999986, 34.51704222 ] } },
{ "type": "Feature", "properties": { "資料区分": 1, "都道府県コード": 73, "警察署等コード": 125, "本票番号": 8, "事故内容": 2, "死者数": 0, "負傷者数": 1, "路線コード": 4320, "地点コード": 0, "市区町村コード": 462, "発生日時　　年": 2024, "発生日時　　月": 6, "発生日時　　日": 2, "発生日時　　時": 10, "発生日時　　分": 42, "昼夜": 12, "日の出時刻　　時": 4, "日の出時刻　　分": 59, "日の入り時刻　　時": 19, "日の入り時刻　　分": 18, "天候": 1, "地形": 3, "路面状態": 1, "道路形状": 1, "信号機": 7, "一時停止規制　標識（当事者A）": 9, "一時停止規制　表示（当事者A）": 22, "一時停止規制　標識（当事者B）": 0, "一時停止規制　表示（当事者B）": 0, "車道幅員": 15, "道路線形": 9, "衝突地点": 30, "ゾーン規制": 70, "中央分離帯施設等": 4, "歩車道区分": 2, "事故類型": 1, "年齢（当事者A）": 65, "年齢（当事者B）": 75, "当事者種別（当事者A）": 3, "当事者種別（当事者B）": 61, "用途別（当事者A）": 31, "用途別（当事者B）": 0, "車両形状等（当事者A）": 1, "車両形状等（当事者B）": 0, "オートマチック車（当事者A）": 1, "オートマチック車（当事者B）": 0, "サポカー（当事者A）": 11, "サポカー（当事者B）": 0, "速度規制（指定のみ）（当事者A）": 4, "速度規制（指定のみ）（当事者B）": 0, "車両の衝突部位（当事者A）": 10, "車両の衝突部位（当事者B）": 0, "車両の損壊程度（当事者A）": 4, "車両の損壊程度（当事者B）": 0, "エアバッグの装備（当事者A）": 2, "エアバッグの装備（当事者B）": 0, "サイドエアバッグの装備（当事者A）": 2, "サイドエアバッグの装備（当事者B）": 0, "人身損傷程度（当事者A）": 4, "人身損傷程度（当事者B）": 2, "地点　緯度（北緯）": 34.58839722, "地点　経度（東経）": 133.0628592, "曜日(発生年月日)": 1, "祝日(発生年月日)": 3, "認知機能検査経過日数（当事者A）": 9999, "認知機能検査経過日数（当事者B）": 0, "運転練習の方法（当事者A）": 9, "運転練習の方法（当事者B）": 0, "field_69": null }, "geometry": { "type": "Point", "coordinates": [ 133.0628592, 34.58839722 ] } },
{ "type": "Feature", "properties": { "資料区分": 1, "都道府県コード": 73, "警察署等コード": 126, "本票番号": 140, "事故内容": 2, "死者数": 0, "負傷者数": 2, "路線コード": 37260, "地点コード": 0, "市区町村コード": 105, "発生日時　　年": 2024, "発生日時　　月": 3, "発生日時　　日": 31, "発生日時　　時": 10, "発生日時　　分": 15, "昼夜": 12, "日の出時刻　　時": 5, "日の出時刻　　分": 58, "日の入り時刻　　時": 18, "日の入り時刻　　分": 29, "天候": 2, "地形": 1, "路面状態": 1, "道路形状": 1, "信号機": 7, "一時停止規制　標識（当事者A）": 9, "一時停止規制　表示（当事者A）": 22, "一時停止規制　標識（当事者B）": 0, "一時停止規制　表示（当事者B）": 0, "車道幅員": 15, "道路線形": 9, "衝突地点": 30, "ゾーン規制": 70, "中央分離帯施設等": 5, "歩車道区分": 2, "事故類型": 1, "年齢（当事者A）": 75, "年齢（当事者B）": 45, "当事者種別（当事者A）": 4, "当事者種別（当事者B）": 61, "用途別（当事者A）": 31, "用途別（当事者B）": 0, "車両形状等（当事者A）": 1, "車両形状等（当事者B）": 0, "オートマチック車（当事者A）": 1, "オートマチック車（当事者B）": 0, "サポカー（当事者A）": 11, "サポカー（当事者B）": 0, "速度規制（指定のみ）（当事者A）": 2, "速度規制（指定のみ）（当事者B）": 0, "車両の衝突部位（当事者A）": 30, "車両の衝突部位（当事者B）": 0, "車両の損壊程度（当事者A）": 4, "車両の損壊程度（当事者B）": 0, "エアバッグの装備（当事者A）": 2, "エアバッグの装備（当事者B）": 0, "サイドエアバッグの装備（当事者A）": 2, "サイドエアバッグの装備（当事者B）": 0, "人身損傷程度（当事者A）": 4, "人身損傷程度（当事者B）": 2, "地点　緯度（北緯）": 34.48571528, "地点　経度（東経）": 132.5060211, "曜日(発生年月日)": 1, "祝日(発生年月日)": 3, "認知機能検査経過日数（当事者A）": 500, "認知機能検査経過日数（当事者B）": 0, "運転練習の方法（当事者A）": 9, "運転練習の方法（当事者B）": 0, "field_69": null }, "geometry": { "type": "Point", "coordinates": [ 132.5060211, 34.48571528 ] } },
{ "type": "Feature", "properties": { "資料区分": 1, "都道府県コード": 73, "警察署等コード": 126, "本票番号": 158, "事故内容": 2, "死者数": 0, "負傷者数": 1, "路線コード": 99000, "地点コード": 0, "市区町村コード": 105, "発生日時　　年": 2024, "発生日時　　月": 4, "発生日時　　日": 30, "発生日時　　時": 9, "発生日時　　分": 23, "昼夜": 12, "日の出時刻　　時": 5, "日の出時刻　　分": 22, "日の入り時刻　　時": 18, "日の入り時刻　　分": 54, "天候": 2, "地形": 2, "路面状態": 1, "道路形状": 0, "信号機": 7, "一時停止規制　標識（当事者A）": 0, "一時停止規制　表示（当事者A）": 0, "一時停止規制　標識（当事者B）": 0, "一時停止規制　表示（当事者B）": 0, "車道幅員": 0, "道路線形": 0, "衝突地点": 20, "ゾーン規制": 70, "中央分離帯施設等": 0, "歩車道区分": 4, "事故類型": 1, "年齢（当事者A）": 35, "年齢（当事者B）": 65, "当事者種別（当事者A）": 3, "当事者種別（当事者B）": 61, "用途別（当事者A）": 31, "用途別（当事者B）": 0, "車両形状等（当事者A）": 1, "車両形状等（当事者B）": 0, "オートマチック車（当事者A）": 1, "オートマチック車（当事者B）": 0, "サポカー（当事者A）": 11, "サポカー（当事者B）": 0, "速度規制（指定のみ）（当事者A）": 10, "速度規制（指定のみ）（当事者B）": 0, "車両の衝突部位（当事者A）": 50, "車両の衝突部位（当事者B）": 0, "車両の損壊程度（当事者A）": 4, "車両の損壊程度（当事者B）": 0, "エアバッグの装備（当事者A）": 2, "エアバッグの装備（当事者B）": 0, "サイドエアバッグの装備（当事者A）": 2, "サイドエアバッグの装備（当事者B）": 0, "人身損傷程度（当事者A）": 4, "人身損傷程度（当事者B）": 2, "地点　緯度（北緯）": 34.44158806, "地点　経度（東経）": 132.4597581, "曜日(発生年月日)": 3, "祝日(発生年月日)": 3, "認知機能検査経過日数（当事者A）": 9999, "認知機能検査経過日数（当事者B）": 0, "運転練習の方法（当事者A）": 1, "運転練習の方法（当事者B）": 0, "field_69": null }, "geometry": { "type": "Point", "coordinates": [ 132.459758099999988, 34.44158806 ] } },
{ "type": "Feature", "properties": { "資料区分": 1, "都道府県コード": 73, "警察署等コード": 126, "本票番号": 174, "事故内容": 2, "死者数": 0, "負傷者数": 1, "路線コード": 24590, "地点コード": 0, "市区町村コード": 105, "発生日時　　年": 2024, "発生日時　　月": 6, "発生日時　　日": 21, "発生日時　　時": 9, "発生日時　　分": 10, "昼夜": 12, "日の出時刻　　時": 4, "日の出時刻　　分": 58, "日の入り時刻　　時": 19, "日の入り時刻　　分": 26, "天候": 2, "地形": 1, "路面状態": 1, "道路形状": 14, "信号機": 7, "一時停止規制　標識（当事者A）": 0, "一時停止規制　表示（当事者A）": 0, "一時停止規制　標識（当事者B）": 0, "一時停止規制　表示（当事者B）": 0, "車道幅員": 3, "道路線形": 9, "衝突地点": 1, "ゾーン規制": 70, "中央分離帯施設等": 5, "歩車道区分": 4, "事故類型": 1, "年齢（当事者A）": 25, "年齢（当事者B）": 45, "当事者種別（当事者A）": 3, "当事者種別（当事者B）": 61, "用途別（当事者A）": 31, "用途別（当事者B）": 0, "車両形状等（当事者A）": 1, "車両形状等（当事者B）": 0, "オートマチック車（当事者A）": 1, "オートマチック車（当事者B）": 0, "サポカー（当事者A）": 11, "サポカー（当事者B）": 0, "速度規制（指定のみ）（当事者A）": 2, "速度規制（指定のみ）（当事者B）": 0, "車両の衝突部位（当事者A）": 40, "車両の衝突部位（当事者B）": 0, "車両の損壊程度（当事者A）": 3, "車両の損壊程度（当事者B）": 0, "エアバッグの装備（当事者A）": 2, "エアバッグの装備（当事者B）": 0, "サイドエアバッグの装備（当事者A）": 2, "サイドエアバッグの装備（当事者B）": 0, "人身損傷程度（当事者A）": 4, "人身損傷程度（当事者B）": 2, "地点　緯度（北緯）": 34.45621528, "地点　経度（東経）": 132.4754844, "曜日(発生年月日)": 6, "祝日(発生年月日)": 3, "認知機能検査経過日数（当事者A）": 9999, "認知機能検査経過日数（当事者B）": 0, "運転練習の方法（当事者A）": 1, "運転練習の方法（当事者B）": 0, "field_69": null }, "geometry": { "type": "Point", "coordinates": [ 132.4754844, 34.45621528 ] } },
{ "type": "Feature", "properties": { "資料区分": 1, "都道府県コード": 73, "警察署等コード": 127, "本票番号": 129, "事故内容": 2, "死者数": 0, "負傷者数": 1, "路線コード": 37270, "地点コード": 0, "市区町村コード": 104, "発生日時　　年": 2024, "発生日時　　月": 6, "発生日時　　日": 11, "発生日時　　時": 8, "発生日時　　分": 8, "昼夜": 12, "日の出時刻　　時": 4, "日の出時刻　　分": 57, "日の入り時刻　　時": 19, "日の入り時刻　　分": 23, "天候": 2, "地形": 1, "路面状態": 1, "道路形状": 1, "信号機": 7, "一時停止規制　標識（当事者A）": 1, "一時停止規制　表示（当事者A）": 21, "一時停止規制　標識（当事者B）": 0, "一時停止規制　表示（当事者B）": 0, "車道幅員": 15, "道路線形": 9, "衝突地点": 30, "ゾーン規制": 70, "中央分離帯施設等": 4, "歩車道区分": 2, "事故類型": 1, "年齢（当事者A）": 45, "年齢（当事者B）": 35, "当事者種別（当事者A）": 3, "当事者種別（当事者B）": 61, "用途別（当事者A）": 31, "用途別（当事者B）": 0, "車両形状等（当事者A）": 1, "車両形状等（当事者B）": 0, "オートマチック車（当事者A）": 1, "オートマチック車（当事者B）": 0, "サポカー（当事者A）": 11, "サポカー（当事者B）": 0, "速度規制（指定のみ）（当事者A）": 1, "速度規制（指定のみ）（当事者B）": 0, "車両の衝突部位（当事者A）": 10, "車両の衝突部位（当事者B）": 0, "車両の損壊程度（当事者A）": 3, "車両の損壊程度（当事者B）": 0, "エアバッグの装備（当事者A）": 2, "エアバッグの装備（当事者B）": 0, "サイドエアバッグの装備（当事者A）": 2, "サイドエアバッグの装備（当事者B）": 0, "人身損傷程度（当事者A）": 4, "人身損傷程度（当事者B）": 2, "地点　緯度（北緯）": 34.41024417, "地点　経度（東経）": 132.4556486, "曜日(発生年月日)": 3, "祝日(発生年月日)": 3, "認知機能検査経過日数（当事者A）": 9999, "認知機能検査経過日数（当事者B）": 0, "運転練習の方法（当事者A）": 1, "運転練習の方法（当事者B）": 0, "field_69": null }, "geometry": { "type": "Point", "coordinates": [ 132.455648599999989, 34.41024417 ] } },
{ "type": "Feature", "properties": { "資料区分": 1, "都道府県コード": 73, "警察署等コード": 127, "本票番号": 131, "事故内容": 2, "死者数": 0, "負傷者数": 1, "路線コード": 37270, "地点コード": 0, "市区町村コード": 104, "発生日時　　年": 2024, "発生日時　　月": 5, "発生日時　　日": 13, "発生日時　　時": 13, "発生日時　　分": 58, "昼夜": 12, "日の出時刻　　時": 5, "日の出時刻　　分": 10, "日の入り時刻　　時": 19, "日の入り時刻　　分": 4, "天候": 1, "地形": 1, "路面状態": 1, "道路形状": 1, "信号機": 7, "一時停止規制　標識（当事者A）": 9, "一時停止規制　表示（当事者A）": 22, "一時停止規制　標識（当事者B）": 0, "一時停止規制　表示（当事者B）": 0, "車道幅員": 11, "道路線形": 9, "衝突地点": 30, "ゾーン規制": 70, "中央分離帯施設等": 5, "歩車道区分": 4, "事故類型": 1, "年齢（当事者A）": 75, "年齢（当事者B）": 75, "当事者種別（当事者A）": 3, "当事者種別（当事者B）": 61, "用途別（当事者A）": 31, "用途別（当事者B）": 0, "車両形状等（当事者A）": 1, "車両形状等（当事者B）": 0, "オートマチック車（当事者A）": 1, "オートマチック車（当事者B）": 0, "サポカー（当事者A）": 11, "サポカー（当事者B）": 0, "速度規制（指定のみ）（当事者A）": 2, "速度規制（指定のみ）（当事者B）": 0, "車両の衝突部位（当事者A）": 50, "車両の衝突部位（当事者B）": 0, "車両の損壊程度（当事者A）": 3, "車両の損壊程度（当事者B）": 0, "エアバッグの装備（当事者A）": 2, "エアバッグの装備（当事者B）": 0, "サイドエアバッグの装備（当事者A）": 2, "サイドエアバッグの装備（当事者B）": 0, "人身損傷程度（当事者A）": 4, "人身損傷程度（当事者B）": 2, "地点　緯度（北緯）": 34.38652806, "地点　経度（東経）": 132.4104631, "曜日(発生年月日)": 2, "祝日(発生年月日)": 3, "認知機能検査経過日数（当事者A）": 907, "認知機能検査経過日数（当事者B）": 0, "運転練習の方法（当事者A）": 9, "運転練習の方法（当事者B）": 0, "field_69": null }, "geometry": { "type": "Point", "coordinates": [ 132.410463099999987, 34.38652806 ] } },
{ "type": "Feature", "properties": { "資料区分": 1, "都道府県コード": 73, "警察署等コード": 129, "本票番号": 92, "事故内容": 2, "死者数": 0, "負傷者数": 2, "路線コード": 14410, "地点コード": 0, "市区町村コード": 108, "発生日時　　年": 2024, "発生日時　　月": 2, "発生日時　　日": 15, "発生日時　　時": 19, "発生日時　　分": 25, "昼夜": 22, "日の出時刻　　時": 6, "日の出時刻　　分": 55, "日の入り時刻　　時": 17, "日の入り時刻　　分": 53, "天候": 3, "地形": 3, "路面状態": 2, "道路形状": 1, "信号機": 7, "一時停止規制　標識（当事者A）": 9, "一時停止規制　表示（当事者A）": 22, "一時停止規制　標識（当事者B）": 0, "一時停止規制　表示（当事者B）": 0, "車道幅員": 14, "道路線形": 9, "衝突地点": 30, "ゾーン規制": 70, "中央分離帯施設等": 4, "歩車道区分": 2, "事故類型": 1, "年齢（当事者A）": 45, "年齢（当事者B）": 65, "当事者種別（当事者A）": 4, "当事者種別（当事者B）": 61, "用途別（当事者A）": 31, "用途別（当事者B）": 0, "車両形状等（当事者A）": 1, "車両形状等（当事者B）": 0, "オートマチック車（当事者A）": 1, "オートマチック車（当事者B）": 0, "サポカー（当事者A）": 11, "サポカー（当事者B）": 0, "速度規制（指定のみ）（当事者A）": 3, "速度規制（指定のみ）（当事者B）": 0, "車両の衝突部位（当事者A）": 10, "車両の衝突部位（当事者B）": 0, "車両の損壊程度（当事者A）": 3, "車両の損壊程度（当事者B）": 0, "エアバッグの装備（当事者A）": 2, "エアバッグの装備（当事者B）": 0, "サイドエアバッグの装備（当事者A）": 2, "サイドエアバッグの装備（当事者B）": 0, "人身損傷程度（当事者A）": 4, "人身損傷程度（当事者B）": 2, "地点　緯度（北緯）": 34.39609444, "地点　経度（東経）": 132.3586914, "曜日(発生年月日)": 5, "祝日(発生年月日)": 3, "認知機能検査経過日数（当事者A）": 9999, "認知機能検査経過日数（当事者B）": 0, "運転練習の方法（当事者A）": 1, "運転練習の方法（当事者B）": 0, "field_69": null }, "geometry": { "type": "Point", "coordinates": [ 132.3586914, 34.39609444 ] } },
{ "type": "Feature", "properties": { "資料区分": 1, "都道府県コード": 73, "警察署等コード": 129, "本票番号": 94, "事故内容": 2, "死者数": 0, "負傷者数": 1, "路線コード": 37290, "地点コード": 0, "市区町村コード": 108, "発生日時　　年": 2024, "発生日時　　月": 4, "発生日時　　日": 27, "発生日時　　時": 17, "発生日時　　分": 11, "昼夜": 12, "日の出時刻　　時": 5, "日の出時刻　　分": 25, "日の入り時刻　　時": 18, "日の入り時刻　　分": 51, "天候": 1, "地形": 3, "路面状態": 1, "道路形状": 14, "信号機": 7, "一時停止規制　標識（当事者A）": 0, "一時停止規制　表示（当事者A）": 0, "一時停止規制　標識（当事者B）": 0, "一時停止規制　表示（当事者B）": 0, "車道幅員": 3, "道路線形": 8, "衝突地点": 1, "ゾーン規制": 70, "中央分離帯施設等": 4, "歩車道区分": 2, "事故類型": 1, "年齢（当事者A）": 55, "年齢（当事者B）": 75, "当事者種別（当事者A）": 3, "当事者種別（当事者B）": 61, "用途別（当事者A）": 31, "用途別（当事者B）": 0, "車両形状等（当事者A）": 1, "車両形状等（当事者B）": 0, "オートマチック車（当事者A）": 1, "オートマチック車（当事者B）": 0, "サポカー（当事者A）": 11, "サポカー（当事者B）": 0, "速度規制（指定のみ）（当事者A）": 10, "速度規制（指定のみ）（当事者B）": 0, "車両の衝突部位（当事者A）": 10, "車両の衝突部位（当事者B）": 0, "車両の損壊程度（当事者A）": 3, "車両の損壊程度（当事者B）": 0, "エアバッグの装備（当事者A）": 2, "エアバッグの装備（当事者B）": 0, "サイドエアバッグの装備（当事者A）": 2, "サイドエアバッグの装備（当事者B）": 0, "人身損傷程度（当事者A）": 4, "人身損傷程度（当事者B）": 2, "地点　緯度（北緯）": 34.39645528, "地点　経度（東経）": 132.3416036, "曜日(発生年月日)": 7, "祝日(発生年月日)": 3, "認知機能検査経過日数（当事者A）": 9999, "認知機能検査経過日数（当事者B）": 0, "運転練習の方法（当事者A）": 9, "運転練習の方法（当事者B）": 0, "field_69": null }, "geometry": { "type": "Point", "coordinates": [ 132.341603600000013, 34.39645528 ] } },
{ "type": "Feature", "properties": { "資料区分": 1, "都道府県コード": 73, "警察署等コード": 102, "本票番号": 210, "事故内容": 2, "死者数": 0, "負傷者数": 1, "路線コード": 37020, "地点コード": 0, "市区町村コード": 101, "発生日時　　年": 2024, "発生日時　　月": 5, "発生日時　　日": 27, "発生日時　　時": 12, "発生日時　　分": 48, "昼夜": 12, "日の出時刻　　時": 5, "日の出時刻　　分": 1, "日の入り時刻　　時": 19, "日の入り時刻　　分": 14, "天候": 2, "地形": 1, "路面状態": 1, "道路形状": 1, "信号機": 7, "一時停止規制　標識（当事者A）": 9, "一時停止規制　表示（当事者A）": 22, "一時停止規制　標識（当事者B）": 0, "一時停止規制　表示（当事者B）": 0, "車道幅員": 15, "道路線形": 9, "衝突地点": 30, "ゾーン規制": 70, "中央分離帯施設等": 5, "歩車道区分": 2, "事故類型": 1, "年齢（当事者A）": 35, "年齢（当事者B）": 55, "当事者種別（当事者A）": 4, "当事者種別（当事者B）": 61, "用途別（当事者A）": 31, "用途別（当事者B）": 0, "車両形状等（当事者A）": 1, "車両形状等（当事者B）": 0, "オートマチック車（当事者A）": 1, "オートマチック車（当事者B）": 0, "サポカー（当事者A）": 11, "サポカー（当事者B）": 0, "速度規制（指定のみ）（当事者A）": 3, "速度規制（指定のみ）（当事者B）": 0, "車両の衝突部位（当事者A）": 10, "車両の衝突部位（当事者B）": 0, "車両の損壊程度（当事者A）": 3, "車両の損壊程度（当事者B）": 0, "エアバッグの装備（当事者A）": 2, "エアバッグの装備（当事者B）": 0, "サイドエアバッグの装備（当事者A）": 2, "サイドエアバッグの装備（当事者B）": 0, "人身損傷程度（当事者A）": 4, "人身損傷程度（当事者B）": 2, "地点　緯度（北緯）": 34.391615, "地点　経度（東経）": 132.4550944, "曜日(発生年月日)": 2, "祝日(発生年月日)": 3, "認知機能検査経過日数（当事者A）": 9999, "認知機能検査経過日数（当事者B）": 0, "運転練習の方法（当事者A）": 1, "運転練習の方法（当事者B）": 0, "field_69": null }, "geometry": { "type": "Point", "coordinates": [ 132.4550944, 34.391615 ] } },
{ "type": "Feature", "properties": { "資料区分": 1, "都道府県コード": 73, "警察署等コード": 102, "本票番号": 216, "事故内容": 2, "死者数": 0, "負傷者数": 1, "路線コード": 37020, "地点コード": 0, "市区町村コード": 101, "発生日時　　年": 2024, "発生日時　　月": 6, "発生日時　　日": 22, "発生日時　　時": 1, "発生日時　　分": 7, "昼夜": 22, "日の出時刻　　時": 4, "日の出時刻　　分": 58, "日の入り時刻　　時": 19, "日の入り時刻　　分": 26, "天候": 1, "地形": 1, "路面状態": 1, "道路形状": 14, "信号機": 7, "一時停止規制　標識（当事者A）": 0, "一時停止規制　表示（当事者A）": 0, "一時停止規制　標識（当事者B）": 0, "一時停止規制　表示（当事者B）": 0, "車道幅員": 4, "道路線形": 9, "衝突地点": 1, "ゾーン規制": 70, "中央分離帯施設等": 5, "歩車道区分": 3, "事故類型": 1, "年齢（当事者A）": 65, "年齢（当事者B）": 35, "当事者種別（当事者A）": 3, "当事者種別（当事者B）": 61, "用途別（当事者A）": 1, "用途別（当事者B）": 0, "車両形状等（当事者A）": 1, "車両形状等（当事者B）": 0, "オートマチック車（当事者A）": 1, "オートマチック車（当事者B）": 0, "サポカー（当事者A）": 11, "サポカー（当事者B）": 0, "速度規制（指定のみ）（当事者A）": 10, "速度規制（指定のみ）（当事者B）": 0, "車両の衝突部位（当事者A）": 20, "車両の衝突部位（当事者B）": 0, "車両の損壊程度（当事者A）": 3, "車両の損壊程度（当事者B）": 0, "エアバッグの装備（当事者A）": 2, "エアバッグの装備（当事者B）": 0, "サイドエアバッグの装備（当事者A）": 2, "サイドエアバッグの装備（当事者B）": 0, "人身損傷程度（当事者A）": 4, "人身損傷程度（当事者B）": 2, "地点　緯度（北緯）": 34.39223611, "地点　経度（東経）": 132.4655486, "曜日(発生年月日)": 7, "祝日(発生年月日)": 3, "認知機能検査経過日数（当事者A）": 9999, "認知機能検査経過日数（当事者B）": 0, "運転練習の方法（当事者A）": 9, "運転練習の方法（当事者B）": 0, "field_69": null }, "geometry": { "type": "Point", "coordinates": [ 132.4655486, 34.39223611 ] } },
{ "type": "Feature", "properties": { "資料区分": 1, "都道府県コード": 73, "警察署等コード": 102, "本票番号": 219, "事故内容": 2, "死者数": 0, "負傷者数": 1, "路線コード": 99000, "地点コード": 0, "市区町村コード": 101, "発生日時　　年": 2024, "発生日時　　月": 6, "発生日時　　日": 9, "発生日時　　時": 13, "発生日時　　分": 5, "昼夜": 12, "日の出時刻　　時": 4, "日の出時刻　　分": 57, "日の入り時刻　　時": 19, "日の入り時刻　　分": 22, "天候": 3, "地形": 1, "路面状態": 2, "道路形状": 0, "信号機": 7, "一時停止規制　標識（当事者A）": 0, "一時停止規制　表示（当事者A）": 0, "一時停止規制　標識（当事者B）": 0, "一時停止規制　表示（当事者B）": 0, "車道幅員": 0, "道路線形": 0, "衝突地点": 20, "ゾーン規制": 70, "中央分離帯施設等": 0, "歩車道区分": 4, "事故類型": 1, "年齢（当事者A）": 35, "年齢（当事者B）": 65, "当事者種別（当事者A）": 3, "当事者種別（当事者B）": 61, "用途別（当事者A）": 31, "用途別（当事者B）": 0, "車両形状等（当事者A）": 1, "車両形状等（当事者B）": 0, "オートマチック車（当事者A）": 1, "オートマチック車（当事者B）": 0, "サポカー（当事者A）": 11, "サポカー（当事者B）": 0, "速度規制（指定のみ）（当事者A）": 10, "速度規制（指定のみ）（当事者B）": 0, "車両の衝突部位（当事者A）": 70, "車両の衝突部位（当事者B）": 0, "車両の損壊程度（当事者A）": 3, "車両の損壊程度（当事者B）": 0, "エアバッグの装備（当事者A）": 2, "エアバッグの装備（当事者B）": 0, "サイドエアバッグの装備（当事者A）": 2, "サイドエアバッグの装備（当事者B）": 0, "人身損傷程度（当事者A）": 4, "人身損傷程度（当事者B）": 2, "地点　緯度（北緯）": 34.38416667, "地点　経度（東経）": 132.4575, "曜日(発生年月日)": 1, "祝日(発生年月日)": 3, "認知機能検査経過日数（当事者A）": 9999, "認知機能検査経過日数（当事者B）": 0, "運転練習の方法（当事者A）": 1, "運転練習の方法（当事者B）": 0, "field_69": null }, "geometry": { "type": "Point", "coordinates": [ 132.4575, 34.38416667 ] } },
{ "type": "Feature", "properties": { "資料区分": 1, "都道府県コード": 73, "警察署等コード": 102, "本票番号": 226, "事故内容": 2, "死者数": 0, "負傷者数": 1, "路線コード": 38070, "地点コード": 0, "市区町村コード": 101, "発生日時　　年": 2024, "発生日時　　月": 6, "発生日時　　日": 8, "発生日時　　時": 20, "発生日時　　分": 43, "昼夜": 22, "日の出時刻　　時": 4, "日の出時刻　　分": 57, "日の入り時刻　　時": 19, "日の入り時刻　　分": 21, "天候": 3, "地形": 1, "路面状態": 2, "道路形状": 1, "信号機": 1, "一時停止規制　標識（当事者A）": 9, "一時停止規制　表示（当事者A）": 22, "一時停止規制　標識（当事者B）": 0, "一時停止規制　表示（当事者B）": 0, "車道幅員": 19, "道路線形": 9, "衝突地点": 30, "ゾーン規制": 70, "中央分離帯施設等": 5, "歩車道区分": 2, "事故類型": 1, "年齢（当事者A）": 35, "年齢（当事者B）": 45, "当事者種別（当事者A）": 4, "当事者種別（当事者B）": 61, "用途別（当事者A）": 31, "用途別（当事者B）": 0, "車両形状等（当事者A）": 1, "車両形状等（当事者B）": 0, "オートマチック車（当事者A）": 1, "オートマチック車（当事者B）": 0, "サポカー（当事者A）": 11, "サポカー（当事者B）": 0, "速度規制（指定のみ）（当事者A）": 4, "速度規制（指定のみ）（当事者B）": 0, "車両の衝突部位（当事者A）": 10, "車両の衝突部位（当事者B）": 0, "車両の損壊程度（当事者A）": 3, "車両の損壊程度（当事者B）": 0, "エアバッグの装備（当事者A）": 2, "エアバッグの装備（当事者B）": 0, "サイドエアバッグの装備（当事者A）": 2, "サイドエアバッグの装備（当事者B）": 0, "人身損傷程度（当事者A）": 4, "人身損傷程度（当事者B）": 2, "地点　緯度（北緯）": 34.39255556, "地点　経度（東経）": 132.4439333, "曜日(発生年月日)": 7, "祝日(発生年月日)": 3, "認知機能検査経過日数（当事者A）": 9999, "認知機能検査経過日数（当事者B）": 0, "運転練習の方法（当事者A）": 1, "運転練習の方法（当事者B）": 0, "field_69": null }, "geometry": { "type": "Point", "coordinates": [ 132.4439333, 34.39255556 ] } },
{ "type": "Feature", "properties": { "資料区分": 1, "都道府県コード": 73, "警察署等コード": 102, "本票番号": 234, "事故内容": 2, "死者数": 0, "負傷者数": 1, "路線コード": 37020, "地点コード": 0, "市区町村コード": 101, "発生日時　　年": 2024, "発生日時　　月": 7, "発生日時　　日": 9, "発生日時　　時": 16, "発生日時　　分": 25, "昼夜": 12, "日の出時刻　　時": 5, "日の出時刻　　分": 5, "日の入り時刻　　時": 19, "日の入り時刻　　分": 25, "天候": 1, "地形": 1, "路面状態": 1, "道路形状": 14, "信号機": 7, "一時停止規制　標識（当事者A）": 0, "一時停止規制　表示（当事者A）": 0, "一時停止規制　標識（当事者B）": 0, "一時停止規制　表示（当事者B）": 0, "車道幅員": 3, "道路線形": 9, "衝突地点": 1, "ゾーン規制": 70, "中央分離帯施設等": 5, "歩車道区分": 2, "事故類型": 1, "年齢（当事者A）": 75, "年齢（当事者B）": 55, "当事者種別（当事者A）": 3, "当事者種別（当事者B）": 61, "用途別（当事者A）": 31, "用途別（当事者B）": 0, "車両形状等（当事者A）": 1, "車両形状等（当事者B）": 0, "オートマチック車（当事者A）": 1, "オートマチック車（当事者B）": 0, "サポカー（当事者A）": 11, "サポカー（当事者B）": 0, "速度規制（指定のみ）（当事者A）": 10, "速度規制（指定のみ）（当事者B）": 0, "車両の衝突部位（当事者A）": 50, "車両の衝突部位（当事者B）": 0, "車両の損壊程度（当事者A）": 3, "車両の損壊程度（当事者B）": 0, "エアバッグの装備（当事者A）": 2, "エアバッグの装備（当事者B）": 0, "サイドエアバッグの装備（当事者A）": 2, "サイドエアバッグの装備（当事者B）": 0, "人身損傷程度（当事者A）": 4, "人身損傷程度（当事者B）": 2, "地点　緯度（北緯）": 34.39109333, "地点　経度（東経）": 132.4572139, "曜日(発生年月日)": 3, "祝日(発生年月日)": 3, "認知機能検査経過日数（当事者A）": 960, "認知機能検査経過日数（当事者B）": 0, "運転練習の方法（当事者A）": 9, "運転練習の方法（当事者B）": 0, "field_69": null }, "geometry": { "type": "Point", "coordinates": [ 132.4572139, 34.39109333 ] } },
{ "type": "Feature", "properties": { "資料区分": 1, "都道府県コード": 73, "警察署等コード": 102, "本票番号": 237, "事故内容": 2, "死者数": 0, "負傷者数": 1, "路線コード": 38050, "地点コード": 0, "市区町村コード": 101, "発生日時　　年": 2024, "発生日時　　月": 6, "発生日時　　日": 27, "発生日時　　時": 2, "発生日時　　分": 20, "昼夜": 22, "日の出時刻　　時": 5, "日の出時刻　　分": 0, "日の入り時刻　　時": 19, "日の入り時刻　　分": 27, "天候": 1, "地形": 1, "路面状態": 1, "道路形状": 7, "信号機": 7, "一時停止規制　標識（当事者A）": 0, "一時停止規制　表示（当事者A）": 0, "一時停止規制　標識（当事者B）": 0, "一時停止規制　表示（当事者B）": 0, "車道幅員": 5, "道路線形": 9, "衝突地点": 1, "ゾーン規制": 70, "中央分離帯施設等": 4, "歩車道区分": 2, "事故類型": 1, "年齢（当事者A）": 65, "年齢（当事者B）": 25, "当事者種別（当事者A）": 3, "当事者種別（当事者B）": 61, "用途別（当事者A）": 1, "用途別（当事者B）": 0, "車両形状等（当事者A）": 1, "車両形状等（当事者B）": 0, "オートマチック車（当事者A）": 1, "オートマチック車（当事者B）": 0, "サポカー（当事者A）": 11, "サポカー（当事者B）": 0, "速度規制（指定のみ）（当事者A）": 4, "速度規制（指定のみ）（当事者B）": 0, "車両の衝突部位（当事者A）": 40, "車両の衝突部位（当事者B）": 0, "車両の損壊程度（当事者A）": 4, "車両の損壊程度（当事者B）": 0, "エアバッグの装備（当事者A）": 2, "エアバッグの装備（当事者B）": 0, "サイドエアバッグの装備（当事者A）": 2, "サイドエアバッグの装備（当事者B）": 0, "人身損傷程度（当事者A）": 4, "人身損傷程度（当事者B）": 2, "地点　緯度（北緯）": 34.39107194, "地点　経度（東経）": 132.4627281, "曜日(発生年月日)": 5, "祝日(発生年月日)": 3, "認知機能検査経過日数（当事者A）": 9999, "認知機能検査経過日数（当事者B）": 0, "運転練習の方法（当事者A）": 9, "運転練習の方法（当事者B）": 0, "field_69": null }, "geometry": { "type": "Point", "coordinates": [ 132.4627281, 34.39107194 ] } },
{ "type": "Feature", "properties": { "資料区分": 1, "都道府県コード": 73, "警察署等コード": 102, "本票番号": 240, "事故内容": 2, "死者数": 0, "負傷者数": 1, "路線コード": 37020, "地点コード": 0, "市区町村コード": 101, "発生日時　　年": 2024, "発生日時　　月": 7, "発生日時　　日": 22, "発生日時　　時": 16, "発生日時　　分": 15, "昼夜": 12, "日の出時刻　　時": 5, "日の出時刻　　分": 14, "日の入り時刻　　時": 19, "日の入り時刻　　分": 19, "天候": 1, "地形": 1, "路面状態": 1, "道路形状": 7, "信号機": 1, "一時停止規制　標識（当事者A）": 0, "一時停止規制　表示（当事者A）": 0, "一時停止規制　標識（当事者B）": 0, "一時停止規制　表示（当事者B）": 0, "車道幅員": 3, "道路線形": 9, "衝突地点": 1, "ゾーン規制": 70, "中央分離帯施設等": 5, "歩車道区分": 2, "事故類型": 1, "年齢（当事者A）": 1, "年齢（当事者B）": 25, "当事者種別（当事者A）": 51, "当事者種別（当事者B）": 61, "用途別（当事者A）": 41, "用途別（当事者B）": 0, "車両形状等（当事者A）": 0, "車両形状等（当事者B）": 0, "オートマチック車（当事者A）": 0, "オートマチック車（当事者B）": 0, "サポカー（当事者A）": 0, "サポカー（当事者B）": 0, "速度規制（指定のみ）（当事者A）": 0, "速度規制（指定のみ）（当事者B）": 0, "車両の衝突部位（当事者A）": 10, "車両の衝突部位（当事者B）": 0, "車両の損壊程度（当事者A）": 4, "車両の損壊程度（当事者B）": 0, "エアバッグの装備（当事者A）": 0, "エアバッグの装備（当事者B）": 0, "サイドエアバッグの装備（当事者A）": 0, "サイドエアバッグの装備（当事者B）": 0, "人身損傷程度（当事者A）": 4, "人身損傷程度（当事者B）": 2, "地点　緯度（北緯）": 34.385075, "地点　経度（東経）": 132.4517639, "曜日(発生年月日)": 2, "祝日(発生年月日)": 3, "認知機能検査経過日数（当事者A）": 0, "認知機能検査経過日数（当事者B）": 0, "運転練習の方法（当事者A）": 0, "運転練習の方法（当事者B）": 0, "field_69": null }, "geometry": { "type": "Point", "coordinates": [ 132.4517639, 34.385075 ] } },
{ "type": "Feature", "properties": { "資料区分": 1, "都道府県コード": 73, "警察署等コード": 102, "本票番号": 241, "事故内容": 2, "死者数": 0, "負傷者数": 1, "路線コード": 37020, "地点コード": 0, "市区町村コード": 101, "発生日時　　年": 2024, "発生日時　　月": 6, "発生日時　　日": 26, "発生日時　　時": 7, "発生日時　　分": 0, "昼夜": 12, "日の出時刻　　時": 5, "日の出時刻　　分": 0, "日の入り時刻　　時": 19, "日の入り時刻　　分": 26, "天候": 2, "地形": 1, "路面状態": 1, "道路形状": 1, "信号機": 7, "一時停止規制　標識（当事者A）": 1, "一時停止規制　表示（当事者A）": 22, "一時停止規制　標識（当事者B）": 0, "一時停止規制　表示（当事者B）": 0, "車道幅員": 15, "道路線形": 9, "衝突地点": 30, "ゾーン規制": 70, "中央分離帯施設等": 5, "歩車道区分": 3, "事故類型": 1, "年齢（当事者A）": 75, "年齢（当事者B）": 45, "当事者種別（当事者A）": 3, "当事者種別（当事者B）": 61, "用途別（当事者A）": 31, "用途別（当事者B）": 0, "車両形状等（当事者A）": 1, "車両形状等（当事者B）": 0, "オートマチック車（当事者A）": 1, "オートマチック車（当事者B）": 0, "サポカー（当事者A）": 11, "サポカー（当事者B）": 0, "速度規制（指定のみ）（当事者A）": 10, "速度規制（指定のみ）（当事者B）": 0, "車両の衝突部位（当事者A）": 10, "車両の衝突部位（当事者B）": 0, "車両の損壊程度（当事者A）": 3, "車両の損壊程度（当事者B）": 0, "エアバッグの装備（当事者A）": 2, "エアバッグの装備（当事者B）": 0, "サイドエアバッグの装備（当事者A）": 2, "サイドエアバッグの装備（当事者B）": 0, "人身損傷程度（当事者A）": 4, "人身損傷程度（当事者B）": 2, "地点　緯度（北緯）": 34.38249194, "地点　経度（東経）": 132.4526911, "曜日(発生年月日)": 4, "祝日(発生年月日)": 3, "認知機能検査経過日数（当事者A）": 139, "認知機能検査経過日数（当事者B）": 0, "運転練習の方法（当事者A）": 9, "運転練習の方法（当事者B）": 0, "field_69": null }, "geometry": { "type": "Point", "coordinates": [ 132.45269110000001, 34.38249194 ] } },
{ "type": "Feature", "properties": { "資料区分": 1, "都道府県コード": 73, "警察署等コード": 104, "本票番号": 85, "事故内容": 2, "死者数": 0, "負傷者数": 1, "路線コード": 37040, "地点コード": 0, "市区町村コード": 202, "発生日時　　年": 2024, "発生日時　　月": 6, "発生日時　　日": 28, "発生日時　　時": 22, "発生日時　　分": 37, "昼夜": 22, "日の出時刻　　時": 5, "日の出時刻　　分": 0, "日の入り時刻　　時": 19, "日の入り時刻　　分": 27, "天候": 2, "地形": 1, "路面状態": 1, "道路形状": 14, "信号機": 7, "一時停止規制　標識（当事者A）": 0, "一時停止規制　表示（当事者A）": 0, "一時停止規制　標識（当事者B）": 0, "一時停止規制　表示（当事者B）": 0, "車道幅員": 6, "道路線形": 9, "衝突地点": 1, "ゾーン規制": 70, "中央分離帯施設等": 5, "歩車道区分": 4, "事故類型": 1, "年齢（当事者A）": 55, "年齢（当事者B）": 35, "当事者種別（当事者A）": 3, "当事者種別（当事者B）": 61, "用途別（当事者A）": 1, "用途別（当事者B）": 0, "車両形状等（当事者A）": 1, "車両形状等（当事者B）": 0, "オートマチック車（当事者A）": 1, "オートマチック車（当事者B）": 0, "サポカー（当事者A）": 11, "サポカー（当事者B）": 0, "速度規制（指定のみ）（当事者A）": 10, "速度規制（指定のみ）（当事者B）": 0, "車両の衝突部位（当事者A）": 20, "車両の衝突部位（当事者B）": 0, "車両の損壊程度（当事者A）": 3, "車両の損壊程度（当事者B）": 0, "エアバッグの装備（当事者A）": 2, "エアバッグの装備（当事者B）": 0, "サイドエアバッグの装備（当事者A）": 2, "サイドエアバッグの装備（当事者B）": 0, "人身損傷程度（当事者A）": 4, "人身損傷程度（当事者B）": 2, "地点　緯度（北緯）": 34.24504611, "地点　経度（東経）": 132.5652628, "曜日(発生年月日)": 6, "祝日(発生年月日)": 3, "認知機能検査経過日数（当事者A）": 9999, "認知機能検査経過日数（当事者B）": 0, "運転練習の方法（当事者A）": 9, "運転練習の方法（当事者B）": 0, "field_69": null }, "geometry": { "type": "Point", "coordinates": [ 132.5652628, 34.24504611 ] } },
{ "type": "Feature", "properties": { "資料区分": 1, "都道府県コード": 73, "警察署等コード": 107, "本票番号": 89, "事故内容": 2, "死者数": 0, "負傷者数": 1, "路線コード": 14340, "地点コード": 0, "市区町村コード": 107, "発生日時　　年": 2024, "発生日時　　月": 7, "発生日時　　日": 27, "発生日時　　時": 19, "発生日時　　分": 48, "昼夜": 21, "日の出時刻　　時": 5, "日の出時刻　　分": 17, "日の入り時刻　　時": 19, "日の入り時刻　　分": 16, "天候": 1, "地形": 2, "路面状態": 1, "道路形状": 14, "信号機": 7, "一時停止規制　標識（当事者A）": 0, "一時停止規制　表示（当事者A）": 0, "一時停止規制　標識（当事者B）": 0, "一時停止規制　表示（当事者B）": 0, "車道幅員": 3, "道路線形": 9, "衝突地点": 1, "ゾーン規制": 70, "中央分離帯施設等": 4, "歩車道区分": 3, "事故類型": 1, "年齢（当事者A）": 75, "年齢（当事者B）": 45, "当事者種別（当事者A）": 3, "当事者種別（当事者B）": 61, "用途別（当事者A）": 31, "用途別（当事者B）": 0, "車両形状等（当事者A）": 1, "車両形状等（当事者B）": 0, "オートマチック車（当事者A）": 1, "オートマチック車（当事者B）": 0, "サポカー（当事者A）": 11, "サポカー（当事者B）": 0, "速度規制（指定のみ）（当事者A）": 3, "速度規制（指定のみ）（当事者B）": 0, "車両の衝突部位（当事者A）": 80, "車両の衝突部位（当事者B）": 0, "車両の損壊程度（当事者A）": 3, "車両の損壊程度（当事者B）": 0, "エアバッグの装備（当事者A）": 2, "エアバッグの装備（当事者B）": 0, "サイドエアバッグの装備（当事者A）": 2, "サイドエアバッグの装備（当事者B）": 0, "人身損傷程度（当事者A）": 4, "人身損傷程度（当事者B）": 2, "地点　緯度（北緯）": 34.3528375, "地点　経度（東経）": 132.5388544, "曜日(発生年月日)": 7, "祝日(発生年月日)": 3, "認知機能検査経過日数（当事者A）": 177, "認知機能検査経過日数（当事者B）": 0, "運転練習の方法（当事者A）": 1, "運転練習の方法（当事者B）": 0, "field_69": null }, "geometry": { "type": "Point", "coordinates": [ 132.5388544, 34.3528375 ] } },
{ "type": "Feature", "properties": { "資料区分": 1, "都道府県コード": 73, "警察署等コード": 112, "本票番号": 168, "事故内容": 2, "死者数": 0, "負傷者数": 1, "路線コード": 37120, "地点コード": 0, "市区町村コード": 212, "発生日時　　年": 2024, "発生日時　　月": 6, "発生日時　　日": 28, "発生日時　　時": 18, "発生日時　　分": 5, "昼夜": 12, "日の出時刻　　時": 5, "日の出時刻　　分": 0, "日の入り時刻　　時": 19, "日の入り時刻　　分": 27, "天候": 2, "地形": 3, "路面状態": 1, "道路形状": 14, "信号機": 7, "一時停止規制　標識（当事者A）": 0, "一時停止規制　表示（当事者A）": 0, "一時停止規制　標識（当事者B）": 0, "一時停止規制　表示（当事者B）": 0, "車道幅員": 2, "道路線形": 9, "衝突地点": 1, "ゾーン規制": 70, "中央分離帯施設等": 5, "歩車道区分": 3, "事故類型": 1, "年齢（当事者A）": 25, "年齢（当事者B）": 1, "当事者種別（当事者A）": 3, "当事者種別（当事者B）": 61, "用途別（当事者A）": 31, "用途別（当事者B）": 0, "車両形状等（当事者A）": 1, "車両形状等（当事者B）": 0, "オートマチック車（当事者A）": 1, "オートマチック車（当事者B）": 0, "サポカー（当事者A）": 11, "サポカー（当事者B）": 0, "速度規制（指定のみ）（当事者A）": 3, "速度規制（指定のみ）（当事者B）": 0, "車両の衝突部位（当事者A）": 40, "車両の衝突部位（当事者B）": 0, "車両の損壊程度（当事者A）": 3, "車両の損壊程度（当事者B）": 0, "エアバッグの装備（当事者A）": 2, "エアバッグの装備（当事者B）": 0, "サイドエアバッグの装備（当事者A）": 2, "サイドエアバッグの装備（当事者B）": 0, "人身損傷程度（当事者A）": 4, "人身損傷程度（当事者B）": 2, "地点　緯度（北緯）": 34.41734306, "地点　経度（東経）": 132.6933375, "曜日(発生年月日)": 6, "祝日(発生年月日)": 3, "認知機能検査経過日数（当事者A）": 9999, "認知機能検査経過日数（当事者B）": 0, "運転練習の方法（当事者A）": 9, "運転練習の方法（当事者B）": 0, "field_69": null }, "geometry": { "type": "Point", "coordinates": [ 132.693337500000013, 34.41734306 ] } },
{ "type": "Feature", "properties": { "資料区分": 1, "都道府県コード": 73, "警察署等コード": 112, "本票番号": 176, "事故内容": 2, "死者数": 0, "負傷者数": 1, "路線コード": 37120, "地点コード": 0, "市区町村コード": 212, "発生日時　　年": 2024, "発生日時　　月": 6, "発生日時　　日": 17, "発生日時　　時": 17, "発生日時　　分": 13, "昼夜": 12, "日の出時刻　　時": 4, "日の出時刻　　分": 57, "日の入り時刻　　時": 19, "日の入り時刻　　分": 25, "天候": 3, "地形": 3, "路面状態": 2, "道路形状": 14, "信号機": 7, "一時停止規制　標識（当事者A）": 0, "一時停止規制　表示（当事者A）": 0, "一時停止規制　標識（当事者B）": 0, "一時停止規制　表示（当事者B）": 0, "車道幅員": 3, "道路線形": 9, "衝突地点": 1, "ゾーン規制": 70, "中央分離帯施設等": 5, "歩車道区分": 3, "事故類型": 1, "年齢（当事者A）": 45, "年齢（当事者B）": 55, "当事者種別（当事者A）": 3, "当事者種別（当事者B）": 61, "用途別（当事者A）": 31, "用途別（当事者B）": 0, "車両形状等（当事者A）": 1, "車両形状等（当事者B）": 0, "オートマチック車（当事者A）": 1, "オートマチック車（当事者B）": 0, "サポカー（当事者A）": 11, "サポカー（当事者B）": 0, "速度規制（指定のみ）（当事者A）": 2, "速度規制（指定のみ）（当事者B）": 0, "車両の衝突部位（当事者A）": 40, "車両の衝突部位（当事者B）": 0, "車両の損壊程度（当事者A）": 3, "車両の損壊程度（当事者B）": 0, "エアバッグの装備（当事者A）": 2, "エアバッグの装備（当事者B）": 0, "サイドエアバッグの装備（当事者A）": 2, "サイドエアバッグの装備（当事者B）": 0, "人身損傷程度（当事者A）": 4, "人身損傷程度（当事者B）": 2, "地点　緯度（北緯）": 34.45091556, "地点　経度（東経）": 132.7920689, "曜日(発生年月日)": 2, "祝日(発生年月日)": 3, "認知機能検査経過日数（当事者A）": 9999, "認知機能検査経過日数（当事者B）": 0, "運転練習の方法（当事者A）": 1, "運転練習の方法（当事者B）": 0, "field_69": null }, "geometry": { "type": "Point", "coordinates": [ 132.7920689, 34.45091556 ] } },
{ "type": "Feature", "properties": { "資料区分": 1, "都道府県コード": 73, "警察署等コード": 114, "本票番号": 135, "事故内容": 2, "死者数": 0, "負傷者数": 1, "路線コード": 37140, "地点コード": 0, "市区町村コード": 106, "発生日時　　年": 2024, "発生日時　　月": 7, "発生日時　　日": 8, "発生日時　　時": 10, "発生日時　　分": 3, "昼夜": 12, "日の出時刻　　時": 5, "日の出時刻　　分": 5, "日の入り時刻　　時": 19, "日の入り時刻　　分": 25, "天候": 1, "地形": 1, "路面状態": 1, "道路形状": 1, "信号機": 1, "一時停止規制　標識（当事者A）": 9, "一時停止規制　表示（当事者A）": 22, "一時停止規制　標識（当事者B）": 0, "一時停止規制　表示（当事者B）": 0, "車道幅員": 15, "道路線形": 8, "衝突地点": 30, "ゾーン規制": 70, "中央分離帯施設等": 5, "歩車道区分": 2, "事故類型": 1, "年齢（当事者A）": 65, "年齢（当事者B）": 75, "当事者種別（当事者A）": 3, "当事者種別（当事者B）": 61, "用途別（当事者A）": 31, "用途別（当事者B）": 0, "車両形状等（当事者A）": 1, "車両形状等（当事者B）": 0, "オートマチック車（当事者A）": 1, "オートマチック車（当事者B）": 0, "サポカー（当事者A）": 11, "サポカー（当事者B）": 0, "速度規制（指定のみ）（当事者A）": 3, "速度規制（指定のみ）（当事者B）": 0, "車両の衝突部位（当事者A）": 10, "車両の衝突部位（当事者B）": 0, "車両の損壊程度（当事者A）": 3, "車両の損壊程度（当事者B）": 0, "エアバッグの装備（当事者A）": 2, "エアバッグの装備（当事者B）": 0, "サイドエアバッグの装備（当事者A）": 2, "サイドエアバッグの装備（当事者B）": 0, "人身損傷程度（当事者A）": 4, "人身損傷程度（当事者B）": 2, "地点　緯度（北緯）": 34.52128, "地点　経度（東経）": 132.4989225, "曜日(発生年月日)": 2, "祝日(発生年月日)": 3, "認知機能検査経過日数（当事者A）": 9999, "認知機能検査経過日数（当事者B）": 0, "運転練習の方法（当事者A）": 9, "運転練習の方法（当事者B）": 0, "field_69": null }, "geometry": { "type": "Point", "coordinates": [ 132.4989225, 34.52128 ] } },
{ "type": "Feature", "properties": { "資料区分": 1, "都道府県コード": 73, "警察署等コード": 114, "本票番号": 140, "事故内容": 2, "死者数": 0, "負傷者数": 1, "路線コード": 99000, "地点コード": 0, "市区町村コード": 106, "発生日時　　年": 2024, "発生日時　　月": 7, "発生日時　　日": 17, "発生日時　　時": 11, "発生日時　　分": 26, "昼夜": 12, "日の出時刻　　時": 5, "日の出時刻　　分": 10, "日の入り時刻　　時": 19, "日の入り時刻　　分": 22, "天候": 2, "地形": 3, "路面状態": 1, "道路形状": 0, "信号機": 7, "一時停止規制　標識（当事者A）": 0, "一時停止規制　表示（当事者A）": 0, "一時停止規制　標識（当事者B）": 0, "一時停止規制　表示（当事者B）": 0, "車道幅員": 0, "道路線形": 0, "衝突地点": 20, "ゾーン規制": 70, "中央分離帯施設等": 0, "歩車道区分": 2, "事故類型": 1, "年齢（当事者A）": 75, "年齢（当事者B）": 65, "当事者種別（当事者A）": 3, "当事者種別（当事者B）": 61, "用途別（当事者A）": 31, "用途別（当事者B）": 0, "車両形状等（当事者A）": 1, "車両形状等（当事者B）": 0, "オートマチック車（当事者A）": 1, "オートマチック車（当事者B）": 0, "サポカー（当事者A）": 11, "サポカー（当事者B）": 0, "速度規制（指定のみ）（当事者A）": 10, "速度規制（指定のみ）（当事者B）": 0, "車両の衝突部位（当事者A）": 50, "車両の衝突部位（当事者B）": 0, "車両の損壊程度（当事者A）": 4, "車両の損壊程度（当事者B）": 0, "エアバッグの装備（当事者A）": 2, "エアバッグの装備（当事者B）": 0, "サイドエアバッグの装備（当事者A）": 2, "サイドエアバッグの装備（当事者B）": 0, "人身損傷程度（当事者A）": 4, "人身損傷程度（当事者B）": 2, "地点　緯度（北緯）": 34.53558472, "地点　経度（東経）": 132.4778244, "曜日(発生年月日)": 4, "祝日(発生年月日)": 3, "認知機能検査経過日数（当事者A）": 837, "認知機能検査経過日数（当事者B）": 0, "運転練習の方法（当事者A）": 9, "運転練習の方法（当事者B）": 0, "field_69": null }, "geometry": { "type": "Point", "coordinates": [ 132.4778244, 34.53558472 ] } },
{ "type": "Feature", "properties": { "資料区分": 1, "都道府県コード": 73, "警察署等コード": 120, "本票番号": 85, "事故内容": 2, "死者数": 0, "負傷者数": 1, "路線コード": 37200, "地点コード": 0, "市区町村コード": 207, "発生日時　　年": 2024, "発生日時　　月": 6, "発生日時　　日": 11, "発生日時　　時": 10, "発生日時　　分": 52, "昼夜": 12, "日の出時刻　　時": 4, "日の出時刻　　分": 57, "日の入り時刻　　時": 19, "日の入り時刻　　分": 23, "天候": 1, "地形": 1, "路面状態": 1, "道路形状": 7, "信号機": 7, "一時停止規制　標識（当事者A）": 0, "一時停止規制　表示（当事者A）": 0, "一時停止規制　標識（当事者B）": 0, "一時停止規制　表示（当事者B）": 0, "車道幅員": 3, "道路線形": 9, "衝突地点": 1, "ゾーン規制": 70, "中央分離帯施設等": 4, "歩車道区分": 2, "事故類型": 1, "年齢（当事者A）": 75, "年齢（当事者B）": 55, "当事者種別（当事者A）": 4, "当事者種別（当事者B）": 61, "用途別（当事者A）": 31, "用途別（当事者B）": 0, "車両形状等（当事者A）": 1, "車両形状等（当事者B）": 0, "オートマチック車（当事者A）": 1, "オートマチック車（当事者B）": 0, "サポカー（当事者A）": 11, "サポカー（当事者B）": 0, "速度規制（指定のみ）（当事者A）": 2, "速度規制（指定のみ）（当事者B）": 0, "車両の衝突部位（当事者A）": 10, "車両の衝突部位（当事者B）": 0, "車両の損壊程度（当事者A）": 3, "車両の損壊程度（当事者B）": 0, "エアバッグの装備（当事者A）": 2, "エアバッグの装備（当事者B）": 0, "サイドエアバッグの装備（当事者A）": 2, "サイドエアバッグの装備（当事者B）": 0, "人身損傷程度（当事者A）": 4, "人身損傷程度（当事者B）": 2, "地点　緯度（北緯）": 34.44770306, "地点　経度（東経）": 133.2510194, "曜日(発生年月日)": 3, "祝日(発生年月日)": 3, "認知機能検査経過日数（当事者A）": 145, "認知機能検査経過日数（当事者B）": 0, "運転練習の方法（当事者A）": 9, "運転練習の方法（当事者B）": 0, "field_69": null }, "geometry": { "type": "Point", "coordinates": [ 133.2510194, 34.44770306 ] } },
{ "type": "Feature", "properties": { "資料区分": 1, "都道府県コード": 73, "警察署等コード": 120, "本票番号": 105, "事故内容": 1, "死者数": 1, "負傷者数": 0, "路線コード": 14470, "地点コード": 0, "市区町村コード": 207, "発生日時　　年": 2024, "発生日時　　月": 7, "発生日時　　日": 26, "発生日時　　時": 19, "発生日時　　分": 40, "昼夜": 21, "日の出時刻　　時": 5, "日の出時刻　　分": 17, "日の入り時刻　　時": 19, "日の入り時刻　　分": 16, "天候": 1, "地形": 3, "路面状態": 1, "道路形状": 14, "信号機": 7, "一時停止規制　標識（当事者A）": 0, "一時停止規制　表示（当事者A）": 0, "一時停止規制　標識（当事者B）": 0, "一時停止規制　表示（当事者B）": 0, "車道幅員": 3, "道路線形": 8, "衝突地点": 1, "ゾーン規制": 70, "中央分離帯施設等": 4, "歩車道区分": 2, "事故類型": 1, "年齢（当事者A）": 35, "年齢（当事者B）": 75, "当事者種別（当事者A）": 3, "当事者種別（当事者B）": 61, "用途別（当事者A）": 31, "用途別（当事者B）": 0, "車両形状等（当事者A）": 1, "車両形状等（当事者B）": 0, "オートマチック車（当事者A）": 1, "オートマチック車（当事者B）": 0, "サポカー（当事者A）": 11, "サポカー（当事者B）": 0, "速度規制（指定のみ）（当事者A）": 4, "速度規制（指定のみ）（当事者B）": 0, "車両の衝突部位（当事者A）": 10, "車両の衝突部位（当事者B）": 0, "車両の損壊程度（当事者A）": 3, "車両の損壊程度（当事者B）": 0, "エアバッグの装備（当事者A）": 2, "エアバッグの装備（当事者B）": 0, "サイドエアバッグの装備（当事者A）": 2, "サイドエアバッグの装備（当事者B）": 0, "人身損傷程度（当事者A）": 4, "人身損傷程度（当事者B）": 1, "地点　緯度（北緯）": 34.41896611, "地点　経度（東経）": 133.2830067, "曜日(発生年月日)": 6, "祝日(発生年月日)": 3, "認知機能検査経過日数（当事者A）": 9999, "認知機能検査経過日数（当事者B）": 0, "運転練習の方法（当事者A）": 1, "運転練習の方法（当事者B）": 0, "field_69": null }, "geometry": { "type": "Point", "coordinates": [ 133.283006699999987, 34.41896611 ] } },
{ "type": "Feature", "properties": { "資料区分": 1, "都道府県コード": 73, "警察署等コード": 121, "本票番号": 290, "事故内容": 2, "死者数": 0, "負傷者数": 1, "路線コード": 14760, "地点コード": 0, "市区町村コード": 207, "発生日時　　年": 2024, "発生日時　　月": 6, "発生日時　　日": 25, "発生日時　　時": 10, "発生日時　　分": 55, "昼夜": 12, "日の出時刻　　時": 4, "日の出時刻　　分": 59, "日の入り時刻　　時": 19, "日の入り時刻　　分": 26, "天候": 2, "地形": 2, "路面状態": 1, "道路形状": 1, "信号機": 1, "一時停止規制　標識（当事者A）": 9, "一時停止規制　表示（当事者A）": 22, "一時停止規制　標識（当事者B）": 0, "一時停止規制　表示（当事者B）": 0, "車道幅員": 15, "道路線形": 9, "衝突地点": 30, "ゾーン規制": 70, "中央分離帯施設等": 4, "歩車道区分": 2, "事故類型": 1, "年齢（当事者A）": 65, "年齢（当事者B）": 75, "当事者種別（当事者A）": 3, "当事者種別（当事者B）": 61, "用途別（当事者A）": 31, "用途別（当事者B）": 0, "車両形状等（当事者A）": 1, "車両形状等（当事者B）": 0, "オートマチック車（当事者A）": 1, "オートマチック車（当事者B）": 0, "サポカー（当事者A）": 11, "サポカー（当事者B）": 0, "速度規制（指定のみ）（当事者A）": 2, "速度規制（指定のみ）（当事者B）": 0, "車両の衝突部位（当事者A）": 10, "車両の衝突部位（当事者B）": 0, "車両の損壊程度（当事者A）": 3, "車両の損壊程度（当事者B）": 0, "エアバッグの装備（当事者A）": 2, "エアバッグの装備（当事者B）": 0, "サイドエアバッグの装備（当事者A）": 2, "サイドエアバッグの装備（当事者B）": 0, "人身損傷程度（当事者A）": 4, "人身損傷程度（当事者B）": 2, "地点　緯度（北緯）": 34.5039275, "地点　経度（東経）": 133.4239681, "曜日(発生年月日)": 3, "祝日(発生年月日)": 3, "認知機能検査経過日数（当事者A）": 9999, "認知機能検査経過日数（当事者B）": 0, "運転練習の方法（当事者A）": 9, "運転練習の方法（当事者B）": 0, "field_69": null }, "geometry": { "type": "Point", "coordinates": [ 133.4239681, 34.5039275 ] } },
{ "type": "Feature", "properties": { "資料区分": 1, "都道府県コード": 73, "警察署等コード": 121, "本票番号": 294, "事故内容": 2, "死者数": 0, "負傷者数": 1, "路線コード": 37210, "地点コード": 0, "市区町村コード": 207, "発生日時　　年": 2024, "発生日時　　月": 7, "発生日時　　日": 1, "発生日時　　時": 16, "発生日時　　分": 0, "昼夜": 12, "日の出時刻　　時": 5, "日の出時刻　　分": 1, "日の入り時刻　　時": 19, "日の入り時刻　　分": 27, "天候": 3, "地形": 1, "路面状態": 1, "道路形状": 14, "信号機": 7, "一時停止規制　標識（当事者A）": 0, "一時停止規制　表示（当事者A）": 0, "一時停止規制　標識（当事者B）": 0, "一時停止規制　表示（当事者B）": 0, "車道幅員": 2, "道路線形": 8, "衝突地点": 1, "ゾーン規制": 70, "中央分離帯施設等": 5, "歩車道区分": 3, "事故類型": 1, "年齢（当事者A）": 75, "年齢（当事者B）": 45, "当事者種別（当事者A）": 3, "当事者種別（当事者B）": 61, "用途別（当事者A）": 31, "用途別（当事者B）": 0, "車両形状等（当事者A）": 1, "車両形状等（当事者B）": 0, "オートマチック車（当事者A）": 1, "オートマチック車（当事者B）": 0, "サポカー（当事者A）": 11, "サポカー（当事者B）": 0, "速度規制（指定のみ）（当事者A）": 10, "速度規制（指定のみ）（当事者B）": 0, "車両の衝突部位（当事者A）": 20, "車両の衝突部位（当事者B）": 0, "車両の損壊程度（当事者A）": 4, "車両の損壊程度（当事者B）": 0, "エアバッグの装備（当事者A）": 2, "エアバッグの装備（当事者B）": 0, "サイドエアバッグの装備（当事者A）": 2, "サイドエアバッグの装備（当事者B）": 0, "人身損傷程度（当事者A）": 4, "人身損傷程度（当事者B）": 2, "地点　緯度（北緯）": 34.505445, "地点　経度（東経）": 133.3574189, "曜日(発生年月日)": 2, "祝日(発生年月日)": 3, "認知機能検査経過日数（当事者A）": 231, "認知機能検査経過日数（当事者B）": 0, "運転練習の方法（当事者A）": 9, "運転練習の方法（当事者B）": 0, "field_69": null }, "geometry": { "type": "Point", "coordinates": [ 133.3574189, 34.505445 ] } },
{ "type": "Feature", "properties": { "資料区分": 1, "都道府県コード": 73, "警察署等コード": 121, "本票番号": 299, "事故内容": 2, "死者数": 0, "負傷者数": 1, "路線コード": 23790, "地点コード": 0, "市区町村コード": 207, "発生日時　　年": 2024, "発生日時　　月": 5, "発生日時　　日": 18, "発生日時　　時": 15, "発生日時　　分": 9, "昼夜": 12, "日の出時刻　　時": 5, "日の出時刻　　分": 6, "日の入り時刻　　時": 19, "日の入り時刻　　分": 8, "天候": 1, "地形": 1, "路面状態": 1, "道路形状": 14, "信号機": 7, "一時停止規制　標識（当事者A）": 0, "一時停止規制　表示（当事者A）": 0, "一時停止規制　標識（当事者B）": 0, "一時停止規制　表示（当事者B）": 0, "車道幅員": 6, "道路線形": 9, "衝突地点": 1, "ゾーン規制": 70, "中央分離帯施設等": 4, "歩車道区分": 2, "事故類型": 1, "年齢（当事者A）": 75, "年齢（当事者B）": 75, "当事者種別（当事者A）": 3, "当事者種別（当事者B）": 61, "用途別（当事者A）": 31, "用途別（当事者B）": 0, "車両形状等（当事者A）": 1, "車両形状等（当事者B）": 0, "オートマチック車（当事者A）": 1, "オートマチック車（当事者B）": 0, "サポカー（当事者A）": 11, "サポカー（当事者B）": 0, "速度規制（指定のみ）（当事者A）": 3, "速度規制（指定のみ）（当事者B）": 0, "車両の衝突部位（当事者A）": 30, "車両の衝突部位（当事者B）": 0, "車両の損壊程度（当事者A）": 3, "車両の損壊程度（当事者B）": 0, "エアバッグの装備（当事者A）": 2, "エアバッグの装備（当事者B）": 0, "サイドエアバッグの装備（当事者A）": 2, "サイドエアバッグの装備（当事者B）": 0, "人身損傷程度（当事者A）": 4, "人身損傷程度（当事者B）": 2, "地点　緯度（北緯）": 34.50473917, "地点　経度（東経）": 133.3993408, "曜日(発生年月日)": 7, "祝日(発生年月日)": 3, "認知機能検査経過日数（当事者A）": 172, "認知機能検査経過日数（当事者B）": 0, "運転練習の方法（当事者A）": 9, "運転練習の方法（当事者B）": 0, "field_69": null }, "geometry": { "type": "Point", "coordinates": [ 133.3993408, 34.50473917 ] } },
{ "type": "Feature", "properties": { "資料区分": 1, "都道府県コード": 73, "警察署等コード": 121, "本票番号": 308, "事故内容": 2, "死者数": 0, "負傷者数": 1, "路線コード": 37210, "地点コード": 0, "市区町村コード": 207, "発生日時　　年": 2024, "発生日時　　月": 7, "発生日時　　日": 11, "発生日時　　時": 19, "発生日時　　分": 40, "昼夜": 21, "日の出時刻　　時": 5, "日の出時刻　　分": 6, "日の入り時刻　　時": 19, "日の入り時刻　　分": 25, "天候": 2, "地形": 1, "路面状態": 1, "道路形状": 14, "信号機": 7, "一時停止規制　標識（当事者A）": 0, "一時停止規制　表示（当事者A）": 0, "一時停止規制　標識（当事者B）": 0, "一時停止規制　表示（当事者B）": 0, "車道幅員": 3, "道路線形": 9, "衝突地点": 1, "ゾーン規制": 70, "中央分離帯施設等": 5, "歩車道区分": 2, "事故類型": 1, "年齢（当事者A）": 55, "年齢（当事者B）": 75, "当事者種別（当事者A）": 4, "当事者種別（当事者B）": 61, "用途別（当事者A）": 31, "用途別（当事者B）": 0, "車両形状等（当事者A）": 1, "車両形状等（当事者B）": 0, "オートマチック車（当事者A）": 1, "オートマチック車（当事者B）": 0, "サポカー（当事者A）": 11, "サポカー（当事者B）": 0, "速度規制（指定のみ）（当事者A）": 3, "速度規制（指定のみ）（当事者B）": 0, "車両の衝突部位（当事者A）": 10, "車両の衝突部位（当事者B）": 0, "車両の損壊程度（当事者A）": 3, "車両の損壊程度（当事者B）": 0, "エアバッグの装備（当事者A）": 2, "エアバッグの装備（当事者B）": 0, "サイドエアバッグの装備（当事者A）": 2, "サイドエアバッグの装備（当事者B）": 0, "人身損傷程度（当事者A）": 4, "人身損傷程度（当事者B）": 2, "地点　緯度（北緯）": 34.46472889, "地点　経度（東経）": 133.3732153, "曜日(発生年月日)": 5, "祝日(発生年月日)": 3, "認知機能検査経過日数（当事者A）": 9999, "認知機能検査経過日数（当事者B）": 0, "運転練習の方法（当事者A）": 9, "運転練習の方法（当事者B）": 0, "field_69": null }, "geometry": { "type": "Point", "coordinates": [ 133.3732153, 34.46472889 ] } },
{ "type": "Feature", "properties": { "資料区分": 1, "都道府県コード": 73, "警察署等コード": 121, "本票番号": 318, "事故内容": 2, "死者数": 0, "負傷者数": 1, "路線コード": 37210, "地点コード": 0, "市区町村コード": 207, "発生日時　　年": 2024, "発生日時　　月": 7, "発生日時　　日": 14, "発生日時　　時": 11, "発生日時　　分": 28, "昼夜": 12, "日の出時刻　　時": 5, "日の出時刻　　分": 8, "日の入り時刻　　時": 19, "日の入り時刻　　分": 24, "天候": 3, "地形": 1, "路面状態": 2, "道路形状": 14, "信号機": 7, "一時停止規制　標識（当事者A）": 0, "一時停止規制　表示（当事者A）": 0, "一時停止規制　標識（当事者B）": 0, "一時停止規制　表示（当事者B）": 0, "車道幅員": 3, "道路線形": 9, "衝突地点": 1, "ゾーン規制": 1, "中央分離帯施設等": 5, "歩車道区分": 4, "事故類型": 1, "年齢（当事者A）": 45, "年齢（当事者B）": 75, "当事者種別（当事者A）": 3, "当事者種別（当事者B）": 61, "用途別（当事者A）": 31, "用途別（当事者B）": 0, "車両形状等（当事者A）": 1, "車両形状等（当事者B）": 0, "オートマチック車（当事者A）": 1, "オートマチック車（当事者B）": 0, "サポカー（当事者A）": 11, "サポカー（当事者B）": 0, "速度規制（指定のみ）（当事者A）": 2, "速度規制（指定のみ）（当事者B）": 0, "車両の衝突部位（当事者A）": 30, "車両の衝突部位（当事者B）": 0, "車両の損壊程度（当事者A）": 3, "車両の損壊程度（当事者B）": 0, "エアバッグの装備（当事者A）": 2, "エアバッグの装備（当事者B）": 0, "サイドエアバッグの装備（当事者A）": 2, "サイドエアバッグの装備（当事者B）": 0, "人身損傷程度（当事者A）": 4, "人身損傷程度（当事者B）": 2, "地点　緯度（北緯）": 34.48754306, "地点　経度（東経）": 133.3681536, "曜日(発生年月日)": 1, "祝日(発生年月日)": 2, "認知機能検査経過日数（当事者A）": 9999, "認知機能検査経過日数（当事者B）": 0, "運転練習の方法（当事者A）": 1, "運転練習の方法（当事者B）": 0, "field_69": null }, "geometry": { "type": "Point", "coordinates": [ 133.3681536, 34.48754306 ] } },
{ "type": "Feature", "properties": { "資料区分": 1, "都道府県コード": 73, "警察署等コード": 121, "本票番号": 319, "事故内容": 2, "死者数": 0, "負傷者数": 1, "路線コード": 37210, "地点コード": 0, "市区町村コード": 207, "発生日時　　年": 2024, "発生日時　　月": 7, "発生日時　　日": 3, "発生日時　　時": 17, "発生日時　　分": 53, "昼夜": 12, "日の出時刻　　時": 5, "日の出時刻　　分": 2, "日の入り時刻　　時": 19, "日の入り時刻　　分": 26, "天候": 1, "地形": 2, "路面状態": 1, "道路形状": 1, "信号機": 7, "一時停止規制　標識（当事者A）": 9, "一時停止規制　表示（当事者A）": 22, "一時停止規制　標識（当事者B）": 0, "一時停止規制　表示（当事者B）": 0, "車道幅員": 14, "道路線形": 7, "衝突地点": 30, "ゾーン規制": 70, "中央分離帯施設等": 4, "歩車道区分": 2, "事故類型": 1, "年齢（当事者A）": 1, "年齢（当事者B）": 75, "当事者種別（当事者A）": 4, "当事者種別（当事者B）": 61, "用途別（当事者A）": 31, "用途別（当事者B）": 0, "車両形状等（当事者A）": 1, "車両形状等（当事者B）": 0, "オートマチック車（当事者A）": 1, "オートマチック車（当事者B）": 0, "サポカー（当事者A）": 11, "サポカー（当事者B）": 0, "速度規制（指定のみ）（当事者A）": 3, "速度規制（指定のみ）（当事者B）": 0, "車両の衝突部位（当事者A）": 80, "車両の衝突部位（当事者B）": 0, "車両の損壊程度（当事者A）": 3, "車両の損壊程度（当事者B）": 0, "エアバッグの装備（当事者A）": 2, "エアバッグの装備（当事者B）": 0, "サイドエアバッグの装備（当事者A）": 2, "サイドエアバッグの装備（当事者B）": 0, "人身損傷程度（当事者A）": 4, "人身損傷程度（当事者B）": 2, "地点　緯度（北緯）": 34.51118833, "地点　経度（東経）": 133.4024086, "曜日(発生年月日)": 4, "祝日(発生年月日)": 3, "認知機能検査経過日数（当事者A）": 9999, "認知機能検査経過日数（当事者B）": 0, "運転練習の方法（当事者A）": 1, "運転練習の方法（当事者B）": 0, "field_69": null }, "geometry": { "type": "Point", "coordinates": [ 133.4024086, 34.51118833 ] } },
{ "type": "Feature", "properties": { "資料区分": 1, "都道府県コード": 73, "警察署等コード": 122, "本票番号": 25, "事故内容": 2, "死者数": 0, "負傷者数": 1, "路線コード": 4860, "地点コード": 0, "市区町村コード": 208, "発生日時　　年": 2024, "発生日時　　月": 7, "発生日時　　日": 2, "発生日時　　時": 4, "発生日時　　分": 36, "昼夜": 23, "日の出時刻　　時": 5, "日の出時刻　　分": 2, "日の入り時刻　　時": 19, "日の入り時刻　　分": 26, "天候": 3, "地形": 2, "路面状態": 2, "道路形状": 1, "信号機": 3, "一時停止規制　標識（当事者A）": 9, "一時停止規制　表示（当事者A）": 22, "一時停止規制　標識（当事者B）": 0, "一時停止規制　表示（当事者B）": 0, "車道幅員": 15, "道路線形": 9, "衝突地点": 30, "ゾーン規制": 70, "中央分離帯施設等": 4, "歩車道区分": 2, "事故類型": 1, "年齢（当事者A）": 25, "年齢（当事者B）": 75, "当事者種別（当事者A）": 3, "当事者種別（当事者B）": 61, "用途別（当事者A）": 31, "用途別（当事者B）": 0, "車両形状等（当事者A）": 1, "車両形状等（当事者B）": 0, "オートマチック車（当事者A）": 1, "オートマチック車（当事者B）": 0, "サポカー（当事者A）": 11, "サポカー（当事者B）": 0, "速度規制（指定のみ）（当事者A）": 4, "速度規制（指定のみ）（当事者B）": 0, "車両の衝突部位（当事者A）": 80, "車両の衝突部位（当事者B）": 0, "車両の損壊程度（当事者A）": 3, "車両の損壊程度（当事者B）": 0, "エアバッグの装備（当事者A）": 2, "エアバッグの装備（当事者B）": 0, "サイドエアバッグの装備（当事者A）": 2, "サイドエアバッグの装備（当事者B）": 0, "人身損傷程度（当事者A）": 4, "人身損傷程度（当事者B）": 2, "地点　緯度（北緯）": 34.56855833, "地点　経度（東経）": 133.23734, "曜日(発生年月日)": 3, "祝日(発生年月日)": 3, "認知機能検査経過日数（当事者A）": 9999, "認知機能検査経過日数（当事者B）": 0, "運転練習の方法（当事者A）": 1, "運転練習の方法（当事者B）": 0, "field_69": null }, "geometry": { "type": "Point", "coordinates": [ 133.23734, 34.56855833 ] } },
{ "type": "Feature", "properties": { "資料区分": 1, "都道府県コード": 73, "警察署等コード": 123, "本票番号": 16, "事故内容": 2, "死者数": 0, "負傷者数": 1, "路線コード": 37230, "地点コード": 0, "市区町村コード": 210, "発生日時　　年": 2024, "発生日時　　月": 6, "発生日時　　日": 18, "発生日時　　時": 18, "発生日時　　分": 13, "昼夜": 12, "日の出時刻　　時": 4, "日の出時刻　　分": 58, "日の入り時刻　　時": 19, "日の入り時刻　　分": 25, "天候": 1, "地形": 2, "路面状態": 1, "道路形状": 1, "信号機": 1, "一時停止規制　標識（当事者A）": 9, "一時停止規制　表示（当事者A）": 22, "一時停止規制　標識（当事者B）": 0, "一時停止規制　表示（当事者B）": 0, "車道幅員": 15, "道路線形": 9, "衝突地点": 30, "ゾーン規制": 70, "中央分離帯施設等": 4, "歩車道区分": 2, "事故類型": 1, "年齢（当事者A）": 55, "年齢（当事者B）": 1, "当事者種別（当事者A）": 4, "当事者種別（当事者B）": 61, "用途別（当事者A）": 31, "用途別（当事者B）": 0, "車両形状等（当事者A）": 1, "車両形状等（当事者B）": 0, "オートマチック車（当事者A）": 1, "オートマチック車（当事者B）": 0, "サポカー（当事者A）": 11, "サポカー（当事者B）": 0, "速度規制（指定のみ）（当事者A）": 3, "速度規制（指定のみ）（当事者B）": 0, "車両の衝突部位（当事者A）": 10, "車両の衝突部位（当事者B）": 0, "車両の損壊程度（当事者A）": 3, "車両の損壊程度（当事者B）": 0, "エアバッグの装備（当事者A）": 2, "エアバッグの装備（当事者B）": 0, "サイドエアバッグの装備（当事者A）": 2, "サイドエアバッグの装備（当事者B）": 0, "人身損傷程度（当事者A）": 4, "人身損傷程度（当事者B）": 2, "地点　緯度（北緯）": 34.85391972, "地点　経度（東経）": 133.0124353, "曜日(発生年月日)": 3, "祝日(発生年月日)": 3, "認知機能検査経過日数（当事者A）": 9999, "認知機能検査経過日数（当事者B）": 0, "運転練習の方法（当事者A）": 9, "運転練習の方法（当事者B）": 0, "field_69": null }, "geometry": { "type": "Point", "coordinates": [ 133.0124353, 34.85391972 ] } },
{ "type": "Feature", "properties": { "資料区分": 1, "都道府県コード": 73, "警察署等コード": 126, "本票番号": 189, "事故内容": 2, "死者数": 0, "負傷者数": 1, "路線コード": 37260, "地点コード": 0, "市区町村コード": 105, "発生日時　　年": 2024, "発生日時　　月": 7, "発生日時　　日": 11, "発生日時　　時": 22, "発生日時　　分": 25, "昼夜": 22, "日の出時刻　　時": 5, "日の出時刻　　分": 6, "日の入り時刻　　時": 19, "日の入り時刻　　分": 25, "天候": 3, "地形": 2, "路面状態": 2, "道路形状": 1, "信号機": 7, "一時停止規制　標識（当事者A）": 9, "一時停止規制　表示（当事者A）": 22, "一時停止規制　標識（当事者B）": 0, "一時停止規制　表示（当事者B）": 0, "車道幅員": 11, "道路線形": 9, "衝突地点": 30, "ゾーン規制": 70, "中央分離帯施設等": 5, "歩車道区分": 4, "事故類型": 1, "年齢（当事者A）": 65, "年齢（当事者B）": 25, "当事者種別（当事者A）": 3, "当事者種別（当事者B）": 61, "用途別（当事者A）": 1, "用途別（当事者B）": 0, "車両形状等（当事者A）": 1, "車両形状等（当事者B）": 0, "オートマチック車（当事者A）": 1, "オートマチック車（当事者B）": 0, "サポカー（当事者A）": 11, "サポカー（当事者B）": 0, "速度規制（指定のみ）（当事者A）": 10, "速度規制（指定のみ）（当事者B）": 0, "車両の衝突部位（当事者A）": 60, "車両の衝突部位（当事者B）": 0, "車両の損壊程度（当事者A）": 4, "車両の損壊程度（当事者B）": 0, "エアバッグの装備（当事者A）": 2, "エアバッグの装備（当事者B）": 0, "サイドエアバッグの装備（当事者A）": 2, "サイドエアバッグの装備（当事者B）": 0, "人身損傷程度（当事者A）": 4, "人身損傷程度（当事者B）": 2, "地点　緯度（北緯）": 34.44134722, "地点　経度（東経）": 132.4795917, "曜日(発生年月日)": 5, "祝日(発生年月日)": 3, "認知機能検査経過日数（当事者A）": 9999, "認知機能検査経過日数（当事者B）": 0, "運転練習の方法（当事者A）": 9, "運転練習の方法（当事者B）": 0, "field_69": null }, "geometry": { "type": "Point", "coordinates": [ 132.479591699999986, 34.44134722 ] } },
{ "type": "Feature", "properties": { "資料区分": 1, "都道府県コード": 73, "警察署等コード": 126, "本票番号": 191, "事故内容": 2, "死者数": 0, "負傷者数": 1, "路線コード": 22770, "地点コード": 0, "市区町村コード": 105, "発生日時　　年": 2024, "発生日時　　月": 6, "発生日時　　日": 3, "発生日時　　時": 16, "発生日時　　分": 7, "昼夜": 12, "日の出時刻　　時": 4, "日の出時刻　　分": 58, "日の入り時刻　　時": 19, "日の入り時刻　　分": 18, "天候": 1, "地形": 1, "路面状態": 1, "道路形状": 14, "信号機": 7, "一時停止規制　標識（当事者A）": 0, "一時停止規制　表示（当事者A）": 0, "一時停止規制　標識（当事者B）": 0, "一時停止規制　表示（当事者B）": 0, "車道幅員": 2, "道路線形": 9, "衝突地点": 1, "ゾーン規制": 70, "中央分離帯施設等": 5, "歩車道区分": 3, "事故類型": 1, "年齢（当事者A）": 45, "年齢（当事者B）": 1, "当事者種別（当事者A）": 14, "当事者種別（当事者B）": 61, "用途別（当事者A）": 31, "用途別（当事者B）": 0, "車両形状等（当事者A）": 11, "車両形状等（当事者B）": 0, "オートマチック車（当事者A）": 1, "オートマチック車（当事者B）": 0, "サポカー（当事者A）": 11, "サポカー（当事者B）": 0, "速度規制（指定のみ）（当事者A）": 2, "速度規制（指定のみ）（当事者B）": 0, "車両の衝突部位（当事者A）": 10, "車両の衝突部位（当事者B）": 0, "車両の損壊程度（当事者A）": 2, "車両の損壊程度（当事者B）": 0, "エアバッグの装備（当事者A）": 2, "エアバッグの装備（当事者B）": 0, "サイドエアバッグの装備（当事者A）": 2, "サイドエアバッグの装備（当事者B）": 0, "人身損傷程度（当事者A）": 4, "人身損傷程度（当事者B）": 2, "地点　緯度（北緯）": 34.43751889, "地点　経度（東経）": 132.4618842, "曜日(発生年月日)": 2, "祝日(発生年月日)": 3, "認知機能検査経過日数（当事者A）": 9999, "認知機能検査経過日数（当事者B）": 0, "運転練習の方法（当事者A）": 5, "運転練習の方法（当事者B）": 0, "field_69": null }, "geometry": { "type": "Point", "coordinates": [ 132.461884199999986, 34.43751889 ] } },
{ "type": "Feature", "properties": { "資料区分": 1, "都道府県コード": 73, "警察署等コード": 126, "本票番号": 193, "事故内容": 2, "死者数": 0, "負傷者数": 1, "路線コード": 21520, "地点コード": 0, "市区町村コード": 105, "発生日時　　年": 2024, "発生日時　　月": 6, "発生日時　　日": 28, "発生日時　　時": 8, "発生日時　　分": 0, "昼夜": 12, "日の出時刻　　時": 5, "日の出時刻　　分": 0, "日の入り時刻　　時": 19, "日の入り時刻　　分": 27, "天候": 3, "地形": 1, "路面状態": 2, "道路形状": 1, "信号機": 1, "一時停止規制　標識（当事者A）": 9, "一時停止規制　表示（当事者A）": 22, "一時停止規制　標識（当事者B）": 0, "一時停止規制　表示（当事者B）": 0, "車道幅員": 15, "道路線形": 7, "衝突地点": 30, "ゾーン規制": 70, "中央分離帯施設等": 5, "歩車道区分": 2, "事故類型": 1, "年齢（当事者A）": 45, "年齢（当事者B）": 1, "当事者種別（当事者A）": 3, "当事者種別（当事者B）": 61, "用途別（当事者A）": 31, "用途別（当事者B）": 0, "車両形状等（当事者A）": 1, "車両形状等（当事者B）": 0, "オートマチック車（当事者A）": 1, "オートマチック車（当事者B）": 0, "サポカー（当事者A）": 11, "サポカー（当事者B）": 0, "速度規制（指定のみ）（当事者A）": 3, "速度規制（指定のみ）（当事者B）": 0, "車両の衝突部位（当事者A）": 50, "車両の衝突部位（当事者B）": 0, "車両の損壊程度（当事者A）": 3, "車両の損壊程度（当事者B）": 0, "エアバッグの装備（当事者A）": 2, "エアバッグの装備（当事者B）": 0, "サイドエアバッグの装備（当事者A）": 2, "サイドエアバッグの装備（当事者B）": 0, "人身損傷程度（当事者A）": 4, "人身損傷程度（当事者B）": 2, "地点　緯度（北緯）": 34.44326056, "地点　経度（東経）": 132.47777, "曜日(発生年月日)": 6, "祝日(発生年月日)": 3, "認知機能検査経過日数（当事者A）": 9999, "認知機能検査経過日数（当事者B）": 0, "運転練習の方法（当事者A）": 1, "運転練習の方法（当事者B）": 0, "field_69": null }, "geometry": { "type": "Point", "coordinates": [ 132.47777, 34.44326056 ] } },
{ "type": "Feature", "properties": { "資料区分": 1, "都道府県コード": 73, "警察署等コード": 126, "本票番号": 195, "事故内容": 2, "死者数": 0, "負傷者数": 1, "路線コード": 14380, "地点コード": 0, "市区町村コード": 105, "発生日時　　年": 2024, "発生日時　　月": 6, "発生日時　　日": 10, "発生日時　　時": 9, "発生日時　　分": 48, "昼夜": 12, "日の出時刻　　時": 4, "日の出時刻　　分": 57, "日の入り時刻　　時": 19, "日の入り時刻　　分": 22, "天候": 2, "地形": 2, "路面状態": 1, "道路形状": 1, "信号機": 1, "一時停止規制　標識（当事者A）": 9, "一時停止規制　表示（当事者A）": 22, "一時停止規制　標識（当事者B）": 0, "一時停止規制　表示（当事者B）": 0, "車道幅員": 15, "道路線形": 9, "衝突地点": 30, "ゾーン規制": 70, "中央分離帯施設等": 1, "歩車道区分": 1, "事故類型": 1, "年齢（当事者A）": 35, "年齢（当事者B）": 55, "当事者種別（当事者A）": 4, "当事者種別（当事者B）": 61, "用途別（当事者A）": 31, "用途別（当事者B）": 0, "車両形状等（当事者A）": 1, "車両形状等（当事者B）": 0, "オートマチック車（当事者A）": 1, "オートマチック車（当事者B）": 0, "サポカー（当事者A）": 11, "サポカー（当事者B）": 0, "速度規制（指定のみ）（当事者A）": 3, "速度規制（指定のみ）（当事者B）": 0, "車両の衝突部位（当事者A）": 10, "車両の衝突部位（当事者B）": 0, "車両の損壊程度（当事者A）": 3, "車両の損壊程度（当事者B）": 0, "エアバッグの装備（当事者A）": 2, "エアバッグの装備（当事者B）": 0, "サイドエアバッグの装備（当事者A）": 2, "サイドエアバッグの装備（当事者B）": 0, "人身損傷程度（当事者A）": 4, "人身損傷程度（当事者B）": 2, "地点　緯度（北緯）": 34.47285139, "地点　経度（東経）": 132.4349569, "曜日(発生年月日)": 2, "祝日(発生年月日)": 3, "認知機能検査経過日数（当事者A）": 9999, "認知機能検査経過日数（当事者B）": 0, "運転練習の方法（当事者A）": 5, "運転練習の方法（当事者B）": 0, "field_69": null }, "geometry": { "type": "Point", "coordinates": [ 132.4349569, 34.47285139 ] } },
{ "type": "Feature", "properties": { "資料区分": 1, "都道府県コード": 73, "警察署等コード": 126, "本票番号": 200, "事故内容": 2, "死者数": 0, "負傷者数": 1, "路線コード": 540, "地点コード": 109, "市区町村コード": 105, "発生日時　　年": 2024, "発生日時　　月": 7, "発生日時　　日": 20, "発生日時　　時": 20, "発生日時　　分": 0, "昼夜": 21, "日の出時刻　　時": 5, "日の出時刻　　分": 12, "日の入り時刻　　時": 19, "日の入り時刻　　分": 21, "天候": 1, "地形": 1, "路面状態": 1, "道路形状": 1, "信号機": 1, "一時停止規制　標識（当事者A）": 9, "一時停止規制　表示（当事者A）": 22, "一時停止規制　標識（当事者B）": 0, "一時停止規制　表示（当事者B）": 0, "車道幅員": 19, "道路線形": 9, "衝突地点": 30, "ゾーン規制": 70, "中央分離帯施設等": 1, "歩車道区分": 2, "事故類型": 1, "年齢（当事者A）": 65, "年齢（当事者B）": 25, "当事者種別（当事者A）": 4, "当事者種別（当事者B）": 61, "用途別（当事者A）": 31, "用途別（当事者B）": 0, "車両形状等（当事者A）": 1, "車両形状等（当事者B）": 0, "オートマチック車（当事者A）": 1, "オートマチック車（当事者B）": 0, "サポカー（当事者A）": 11, "サポカー（当事者B）": 0, "速度規制（指定のみ）（当事者A）": 3, "速度規制（指定のみ）（当事者B）": 0, "車両の衝突部位（当事者A）": 50, "車両の衝突部位（当事者B）": 0, "車両の損壊程度（当事者A）": 4, "車両の損壊程度（当事者B）": 0, "エアバッグの装備（当事者A）": 2, "エアバッグの装備（当事者B）": 0, "サイドエアバッグの装備（当事者A）": 2, "サイドエアバッグの装備（当事者B）": 0, "人身損傷程度（当事者A）": 4, "人身損傷程度（当事者B）": 2, "地点　緯度（北緯）": 34.47598083, "地点　経度（東経）": 132.4885917, "曜日(発生年月日)": 7, "祝日(発生年月日)": 3, "認知機能検査経過日数（当事者A）": 9999, "認知機能検査経過日数（当事者B）": 0, "運転練習の方法（当事者A）": 9, "運転練習の方法（当事者B）": 0, "field_69": null }, "geometry": { "type": "Point", "coordinates": [ 132.4885917, 34.47598083 ] } },
{ "type": "Feature", "properties": { "資料区分": 1, "都道府県コード": 73, "警察署等コード": 127, "本票番号": 137, "事故内容": 2, "死者数": 0, "負傷者数": 1, "路線コード": 37270, "地点コード": 0, "市区町村コード": 104, "発生日時　　年": 2024, "発生日時　　月": 6, "発生日時　　日": 21, "発生日時　　時": 21, "発生日時　　分": 54, "昼夜": 22, "日の出時刻　　時": 4, "日の出時刻　　分": 58, "日の入り時刻　　時": 19, "日の入り時刻　　分": 26, "天候": 1, "地形": 1, "路面状態": 1, "道路形状": 7, "信号機": 1, "一時停止規制　標識（当事者A）": 0, "一時停止規制　表示（当事者A）": 0, "一時停止規制　標識（当事者B）": 0, "一時停止規制　表示（当事者B）": 0, "車道幅員": 5, "道路線形": 9, "衝突地点": 1, "ゾーン規制": 70, "中央分離帯施設等": 1, "歩車道区分": 2, "事故類型": 1, "年齢（当事者A）": 55, "年齢（当事者B）": 1, "当事者種別（当事者A）": 3, "当事者種別（当事者B）": 61, "用途別（当事者A）": 31, "用途別（当事者B）": 0, "車両形状等（当事者A）": 1, "車両形状等（当事者B）": 0, "オートマチック車（当事者A）": 1, "オートマチック車（当事者B）": 0, "サポカー（当事者A）": 11, "サポカー（当事者B）": 0, "速度規制（指定のみ）（当事者A）": 4, "速度規制（指定のみ）（当事者B）": 0, "車両の衝突部位（当事者A）": 50, "車両の衝突部位（当事者B）": 0, "車両の損壊程度（当事者A）": 2, "車両の損壊程度（当事者B）": 0, "エアバッグの装備（当事者A）": 2, "エアバッグの装備（当事者B）": 0, "サイドエアバッグの装備（当事者A）": 2, "サイドエアバッグの装備（当事者B）": 0, "人身損傷程度（当事者A）": 4, "人身損傷程度（当事者B）": 2, "地点　緯度（北緯）": 34.38171389, "地点　経度（東経）": 132.4184581, "曜日(発生年月日)": 6, "祝日(発生年月日)": 3, "認知機能検査経過日数（当事者A）": 9999, "認知機能検査経過日数（当事者B）": 0, "運転練習の方法（当事者A）": 9, "運転練習の方法（当事者B）": 0, "field_69": null }, "geometry": { "type": "Point", "coordinates": [ 132.4184581, 34.38171389 ] } },
{ "type": "Feature", "properties": { "資料区分": 1, "都道府県コード": 73, "警察署等コード": 128, "本票番号": 117, "事故内容": 2, "死者数": 0, "負傷者数": 1, "路線コード": 99000, "地点コード": 0, "市区町村コード": 207, "発生日時　　年": 2024, "発生日時　　月": 7, "発生日時　　日": 3, "発生日時　　時": 20, "発生日時　　分": 41, "昼夜": 22, "日の出時刻　　時": 5, "日の出時刻　　分": 2, "日の入り時刻　　時": 19, "日の入り時刻　　分": 26, "天候": 1, "地形": 3, "路面状態": 1, "道路形状": 0, "信号機": 7, "一時停止規制　標識（当事者A）": 0, "一時停止規制　表示（当事者A）": 0, "一時停止規制　標識（当事者B）": 0, "一時停止規制　表示（当事者B）": 0, "車道幅員": 0, "道路線形": 0, "衝突地点": 20, "ゾーン規制": 70, "中央分離帯施設等": 0, "歩車道区分": 4, "事故類型": 1, "年齢（当事者A）": 55, "年齢（当事者B）": 65, "当事者種別（当事者A）": 3, "当事者種別（当事者B）": 61, "用途別（当事者A）": 31, "用途別（当事者B）": 0, "車両形状等（当事者A）": 1, "車両形状等（当事者B）": 0, "オートマチック車（当事者A）": 1, "オートマチック車（当事者B）": 0, "サポカー（当事者A）": 11, "サポカー（当事者B）": 0, "速度規制（指定のみ）（当事者A）": 10, "速度規制（指定のみ）（当事者B）": 0, "車両の衝突部位（当事者A）": 10, "車両の衝突部位（当事者B）": 0, "車両の損壊程度（当事者A）": 3, "車両の損壊程度（当事者B）": 0, "エアバッグの装備（当事者A）": 2, "エアバッグの装備（当事者B）": 0, "サイドエアバッグの装備（当事者A）": 2, "サイドエアバッグの装備（当事者B）": 0, "人身損傷程度（当事者A）": 4, "人身損傷程度（当事者B）": 2, "地点　緯度（北緯）": 34.54267778, "地点　経度（東経）": 133.3639869, "曜日(発生年月日)": 4, "祝日(発生年月日)": 3, "認知機能検査経過日数（当事者A）": 9999, "認知機能検査経過日数（当事者B）": 0, "運転練習の方法（当事者A）": 1, "運転練習の方法（当事者B）": 0, "field_69": null }, "geometry": { "type": "Point", "coordinates": [ 133.363986899999986, 34.54267778 ] } },
{ "type": "Feature", "properties": { "資料区分": 1, "都道府県コード": 73, "警察署等コード": 129, "本票番号": 27, "事故内容": 2, "死者数": 0, "負傷者数": 1, "路線コード": 21990, "地点コード": 0, "市区町村コード": 108, "発生日時　　年": 2024, "発生日時　　月": 1, "発生日時　　日": 12, "発生日時　　時": 6, "発生日時　　分": 27, "昼夜": 23, "日の出時刻　　時": 7, "日の出時刻　　分": 16, "日の入り時刻　　時": 17, "日の入り時刻　　分": 20, "天候": 1, "地形": 1, "路面状態": 1, "道路形状": 1, "信号機": 7, "一時停止規制　標識（当事者A）": 9, "一時停止規制　表示（当事者A）": 22, "一時停止規制　標識（当事者B）": 0, "一時停止規制　表示（当事者B）": 0, "車道幅員": 18, "道路線形": 9, "衝突地点": 30, "ゾーン規制": 70, "中央分離帯施設等": 4, "歩車道区分": 2, "事故類型": 1, "年齢（当事者A）": 1, "年齢（当事者B）": 25, "当事者種別（当事者A）": 4, "当事者種別（当事者B）": 61, "用途別（当事者A）": 31, "用途別（当事者B）": 0, "車両形状等（当事者A）": 1, "車両形状等（当事者B）": 0, "オートマチック車（当事者A）": 1, "オートマチック車（当事者B）": 0, "サポカー（当事者A）": 11, "サポカー（当事者B）": 0, "速度規制（指定のみ）（当事者A）": 2, "速度規制（指定のみ）（当事者B）": 0, "車両の衝突部位（当事者A）": 50, "車両の衝突部位（当事者B）": 0, "車両の損壊程度（当事者A）": 3, "車両の損壊程度（当事者B）": 0, "エアバッグの装備（当事者A）": 2, "エアバッグの装備（当事者B）": 0, "サイドエアバッグの装備（当事者A）": 2, "サイドエアバッグの装備（当事者B）": 0, "人身損傷程度（当事者A）": 4, "人身損傷程度（当事者B）": 2, "地点　緯度（北緯）": 34.36758194, "地点　経度（東経）": 132.3673978, "曜日(発生年月日)": 6, "祝日(発生年月日)": 3, "認知機能検査経過日数（当事者A）": 9999, "認知機能検査経過日数（当事者B）": 0, "運転練習の方法（当事者A）": 1, "運転練習の方法（当事者B）": 0, "field_69": null }, "geometry": { "type": "Point", "coordinates": [ 132.3673978, 34.36758194 ] } },
{ "type": "Feature", "properties": { "資料区分": 1, "都道府県コード": 73, "警察署等コード": 129, "本票番号": 114, "事故内容": 2, "死者数": 0, "負傷者数": 1, "路線コード": 37290, "地点コード": 0, "市区町村コード": 108, "発生日時　　年": 2024, "発生日時　　月": 4, "発生日時　　日": 17, "発生日時　　時": 14, "発生日時　　分": 15, "昼夜": 12, "日の出時刻　　時": 5, "日の出時刻　　分": 37, "日の入り時刻　　時": 18, "日の入り時刻　　分": 44, "天候": 1, "地形": 1, "路面状態": 1, "道路形状": 14, "信号機": 7, "一時停止規制　標識（当事者A）": 0, "一時停止規制　表示（当事者A）": 0, "一時停止規制　標識（当事者B）": 0, "一時停止規制　表示（当事者B）": 0, "車道幅員": 3, "道路線形": 9, "衝突地点": 1, "ゾーン規制": 70, "中央分離帯施設等": 5, "歩車道区分": 2, "事故類型": 1, "年齢（当事者A）": 75, "年齢（当事者B）": 55, "当事者種別（当事者A）": 4, "当事者種別（当事者B）": 61, "用途別（当事者A）": 31, "用途別（当事者B）": 0, "車両形状等（当事者A）": 1, "車両形状等（当事者B）": 0, "オートマチック車（当事者A）": 1, "オートマチック車（当事者B）": 0, "サポカー（当事者A）": 11, "サポカー（当事者B）": 0, "速度規制（指定のみ）（当事者A）": 10, "速度規制（指定のみ）（当事者B）": 0, "車両の衝突部位（当事者A）": 10, "車両の衝突部位（当事者B）": 0, "車両の損壊程度（当事者A）": 3, "車両の損壊程度（当事者B）": 0, "エアバッグの装備（当事者A）": 2, "エアバッグの装備（当事者B）": 0, "サイドエアバッグの装備（当事者A）": 2, "サイドエアバッグの装備（当事者B）": 0, "人身損傷程度（当事者A）": 4, "人身損傷程度（当事者B）": 2, "地点　緯度（北緯）": 34.38399944, "地点　経度（東経）": 132.3631381, "曜日(発生年月日)": 4, "祝日(発生年月日)": 3, "認知機能検査経過日数（当事者A）": 337, "認知機能検査経過日数（当事者B）": 0, "運転練習の方法（当事者A）": 9, "運転練習の方法（当事者B）": 0, "field_69": null }, "geometry": { "type": "Point", "coordinates": [ 132.363138099999986, 34.38399944 ] } },
{ "type": "Feature", "properties": { "資料区分": 1, "都道府県コード": 73, "警察署等コード": 101, "本票番号": 131, "事故内容": 2, "死者数": 0, "負傷者数": 1, "路線コード": 37010, "地点コード": 0, "市区町村コード": 102, "発生日時　　年": 2024, "発生日時　　月": 7, "発生日時　　日": 9, "発生日時　　時": 17, "発生日時　　分": 38, "昼夜": 12, "日の出時刻　　時": 5, "日の出時刻　　分": 5, "日の入り時刻　　時": 19, "日の入り時刻　　分": 25, "天候": 1, "地形": 1, "路面状態": 1, "道路形状": 1, "信号機": 7, "一時停止規制　標識（当事者A）": 9, "一時停止規制　表示（当事者A）": 22, "一時停止規制　標識（当事者B）": 0, "一時停止規制　表示（当事者B）": 0, "車道幅員": 15, "道路線形": 9, "衝突地点": 30, "ゾーン規制": 1, "中央分離帯施設等": 4, "歩車道区分": 2, "事故類型": 1, "年齢（当事者A）": 55, "年齢（当事者B）": 55, "当事者種別（当事者A）": 4, "当事者種別（当事者B）": 61, "用途別（当事者A）": 31, "用途別（当事者B）": 0, "車両形状等（当事者A）": 1, "車両形状等（当事者B）": 0, "オートマチック車（当事者A）": 1, "オートマチック車（当事者B）": 0, "サポカー（当事者A）": 11, "サポカー（当事者B）": 0, "速度規制（指定のみ）（当事者A）": 2, "速度規制（指定のみ）（当事者B）": 0, "車両の衝突部位（当事者A）": 10, "車両の衝突部位（当事者B）": 0, "車両の損壊程度（当事者A）": 3, "車両の損壊程度（当事者B）": 0, "エアバッグの装備（当事者A）": 2, "エアバッグの装備（当事者B）": 0, "サイドエアバッグの装備（当事者A）": 2, "サイドエアバッグの装備（当事者B）": 0, "人身損傷程度（当事者A）": 4, "人身損傷程度（当事者B）": 2, "地点　緯度（北緯）": 34.39875361, "地点　経度（東経）": 132.4784847, "曜日(発生年月日)": 3, "祝日(発生年月日)": 3, "認知機能検査経過日数（当事者A）": 9999, "認知機能検査経過日数（当事者B）": 0, "運転練習の方法（当事者A）": 9, "運転練習の方法（当事者B）": 0, "field_69": null }, "geometry": { "type": "Point", "coordinates": [ 132.4784847, 34.39875361 ] } },
{ "type": "Feature", "properties": { "資料区分": 1, "都道府県コード": 73, "警察署等コード": 101, "本票番号": 136, "事故内容": 2, "死者数": 0, "負傷者数": 1, "路線コード": 37010, "地点コード": 0, "市区町村コード": 102, "発生日時　　年": 2024, "発生日時　　月": 7, "発生日時　　日": 20, "発生日時　　時": 21, "発生日時　　分": 3, "昼夜": 22, "日の出時刻　　時": 5, "日の出時刻　　分": 12, "日の入り時刻　　時": 19, "日の入り時刻　　分": 21, "天候": 1, "地形": 1, "路面状態": 1, "道路形状": 1, "信号機": 7, "一時停止規制　標識（当事者A）": 9, "一時停止規制　表示（当事者A）": 22, "一時停止規制　標識（当事者B）": 0, "一時停止規制　表示（当事者B）": 0, "車道幅員": 11, "道路線形": 8, "衝突地点": 30, "ゾーン規制": 70, "中央分離帯施設等": 5, "歩車道区分": 2, "事故類型": 1, "年齢（当事者A）": 25, "年齢（当事者B）": 1, "当事者種別（当事者A）": 34, "当事者種別（当事者B）": 61, "用途別（当事者A）": 31, "用途別（当事者B）": 0, "車両形状等（当事者A）": 0, "車両形状等（当事者B）": 0, "オートマチック車（当事者A）": 0, "オートマチック車（当事者B）": 0, "サポカー（当事者A）": 11, "サポカー（当事者B）": 0, "速度規制（指定のみ）（当事者A）": 10, "速度規制（指定のみ）（当事者B）": 0, "車両の衝突部位（当事者A）": 10, "車両の衝突部位（当事者B）": 0, "車両の損壊程度（当事者A）": 3, "車両の損壊程度（当事者B）": 0, "エアバッグの装備（当事者A）": 0, "エアバッグの装備（当事者B）": 0, "サイドエアバッグの装備（当事者A）": 0, "サイドエアバッグの装備（当事者B）": 0, "人身損傷程度（当事者A）": 4, "人身損傷程度（当事者B）": 2, "地点　緯度（北緯）": 34.43156722, "地点　経度（東経）": 132.4890161, "曜日(発生年月日)": 7, "祝日(発生年月日)": 3, "認知機能検査経過日数（当事者A）": 9999, "認知機能検査経過日数（当事者B）": 0, "運転練習の方法（当事者A）": 5, "運転練習の方法（当事者B）": 0, "field_69": null }, "geometry": { "type": "Point", "coordinates": [ 132.489016099999986, 34.43156722 ] } },
{ "type": "Feature", "properties": { "資料区分": 1, "都道府県コード": 73, "警察署等コード": 101, "本票番号": 150, "事故内容": 2, "死者数": 0, "負傷者数": 1, "路線コード": 37010, "地点コード": 0, "市区町村コード": 102, "発生日時　　年": 2024, "発生日時　　月": 8, "発生日時　　日": 27, "発生日時　　時": 16, "発生日時　　分": 11, "昼夜": 12, "日の出時刻　　時": 5, "日の出時刻　　分": 40, "日の入り時刻　　時": 18, "日の入り時刻　　分": 43, "天候": 1, "地形": 3, "路面状態": 1, "道路形状": 7, "信号機": 7, "一時停止規制　標識（当事者A）": 0, "一時停止規制　表示（当事者A）": 0, "一時停止規制　標識（当事者B）": 0, "一時停止規制　表示（当事者B）": 0, "車道幅員": 3, "道路線形": 9, "衝突地点": 1, "ゾーン規制": 1, "中央分離帯施設等": 4, "歩車道区分": 2, "事故類型": 1, "年齢（当事者A）": 55, "年齢（当事者B）": 1, "当事者種別（当事者A）": 3, "当事者種別（当事者B）": 61, "用途別（当事者A）": 31, "用途別（当事者B）": 0, "車両形状等（当事者A）": 1, "車両形状等（当事者B）": 0, "オートマチック車（当事者A）": 1, "オートマチック車（当事者B）": 0, "サポカー（当事者A）": 11, "サポカー（当事者B）": 0, "速度規制（指定のみ）（当事者A）": 2, "速度規制（指定のみ）（当事者B）": 0, "車両の衝突部位（当事者A）": 50, "車両の衝突部位（当事者B）": 0, "車両の損壊程度（当事者A）": 3, "車両の損壊程度（当事者B）": 0, "エアバッグの装備（当事者A）": 2, "エアバッグの装備（当事者B）": 0, "サイドエアバッグの装備（当事者A）": 2, "サイドエアバッグの装備（当事者B）": 0, "人身損傷程度（当事者A）": 4, "人身損傷程度（当事者B）": 2, "地点　緯度（北緯）": 34.39808333, "地点　経度（東経）": 132.4831111, "曜日(発生年月日)": 3, "祝日(発生年月日)": 3, "認知機能検査経過日数（当事者A）": 9999, "認知機能検査経過日数（当事者B）": 0, "運転練習の方法（当事者A）": 9, "運転練習の方法（当事者B）": 0, "field_69": null }, "geometry": { "type": "Point", "coordinates": [ 132.4831111, 34.39808333 ] } },
{ "type": "Feature", "properties": { "資料区分": 1, "都道府県コード": 73, "警察署等コード": 102, "本票番号": 246, "事故内容": 2, "死者数": 0, "負傷者数": 1, "路線コード": 38040, "地点コード": 0, "市区町村コード": 101, "発生日時　　年": 2024, "発生日時　　月": 7, "発生日時　　日": 29, "発生日時　　時": 15, "発生日時　　分": 38, "昼夜": 12, "日の出時刻　　時": 5, "日の出時刻　　分": 18, "日の入り時刻　　時": 19, "日の入り時刻　　分": 14, "天候": 1, "地形": 1, "路面状態": 1, "道路形状": 14, "信号機": 7, "一時停止規制　標識（当事者A）": 0, "一時停止規制　表示（当事者A）": 0, "一時停止規制　標識（当事者B）": 0, "一時停止規制　表示（当事者B）": 0, "車道幅員": 5, "道路線形": 9, "衝突地点": 1, "ゾーン規制": 70, "中央分離帯施設等": 4, "歩車道区分": 2, "事故類型": 1, "年齢（当事者A）": 65, "年齢（当事者B）": 35, "当事者種別（当事者A）": 4, "当事者種別（当事者B）": 61, "用途別（当事者A）": 31, "用途別（当事者B）": 0, "車両形状等（当事者A）": 1, "車両形状等（当事者B）": 0, "オートマチック車（当事者A）": 1, "オートマチック車（当事者B）": 0, "サポカー（当事者A）": 11, "サポカー（当事者B）": 0, "速度規制（指定のみ）（当事者A）": 3, "速度規制（指定のみ）（当事者B）": 0, "車両の衝突部位（当事者A）": 50, "車両の衝突部位（当事者B）": 0, "車両の損壊程度（当事者A）": 4, "車両の損壊程度（当事者B）": 0, "エアバッグの装備（当事者A）": 2, "エアバッグの装備（当事者B）": 0, "サイドエアバッグの装備（当事者A）": 2, "サイドエアバッグの装備（当事者B）": 0, "人身損傷程度（当事者A）": 4, "人身損傷程度（当事者B）": 2, "地点　緯度（北緯）": 34.37207222, "地点　経度（東経）": 132.4479611, "曜日(発生年月日)": 2, "祝日(発生年月日)": 3, "認知機能検査経過日数（当事者A）": 9999, "認知機能検査経過日数（当事者B）": 0, "運転練習の方法（当事者A）": 9, "運転練習の方法（当事者B）": 0, "field_69": null }, "geometry": { "type": "Point", "coordinates": [ 132.447961099999986, 34.37207222 ] } },
{ "type": "Feature", "properties": { "資料区分": 1, "都道府県コード": 73, "警察署等コード": 102, "本票番号": 263, "事故内容": 2, "死者数": 0, "負傷者数": 1, "路線コード": 38030, "地点コード": 0, "市区町村コード": 101, "発生日時　　年": 2024, "発生日時　　月": 8, "発生日時　　日": 8, "発生日時　　時": 15, "発生日時　　分": 20, "昼夜": 12, "日の出時刻　　時": 5, "日の出時刻　　分": 26, "日の入り時刻　　時": 19, "日の入り時刻　　分": 5, "天候": 1, "地形": 1, "路面状態": 1, "道路形状": 1, "信号機": 1, "一時停止規制　標識（当事者A）": 9, "一時停止規制　表示（当事者A）": 22, "一時停止規制　標識（当事者B）": 0, "一時停止規制　表示（当事者B）": 0, "車道幅員": 18, "道路線形": 9, "衝突地点": 30, "ゾーン規制": 70, "中央分離帯施設等": 5, "歩車道区分": 2, "事故類型": 1, "年齢（当事者A）": 45, "年齢（当事者B）": 25, "当事者種別（当事者A）": 3, "当事者種別（当事者B）": 61, "用途別（当事者A）": 31, "用途別（当事者B）": 0, "車両形状等（当事者A）": 1, "車両形状等（当事者B）": 0, "オートマチック車（当事者A）": 1, "オートマチック車（当事者B）": 0, "サポカー（当事者A）": 11, "サポカー（当事者B）": 0, "速度規制（指定のみ）（当事者A）": 3, "速度規制（指定のみ）（当事者B）": 0, "車両の衝突部位（当事者A）": 10, "車両の衝突部位（当事者B）": 0, "車両の損壊程度（当事者A）": 3, "車両の損壊程度（当事者B）": 0, "エアバッグの装備（当事者A）": 2, "エアバッグの装備（当事者B）": 0, "サイドエアバッグの装備（当事者A）": 2, "サイドエアバッグの装備（当事者B）": 0, "人身損傷程度（当事者A）": 4, "人身損傷程度（当事者B）": 2, "地点　緯度（北緯）": 34.39033056, "地点　経度（東経）": 132.445375, "曜日(発生年月日)": 5, "祝日(発生年月日)": 3, "認知機能検査経過日数（当事者A）": 9999, "認知機能検査経過日数（当事者B）": 0, "運転練習の方法（当事者A）": 1, "運転練習の方法（当事者B）": 0, "field_69": null }, "geometry": { "type": "Point", "coordinates": [ 132.445375, 34.39033056 ] } },
{ "type": "Feature", "properties": { "資料区分": 1, "都道府県コード": 73, "警察署等コード": 103, "本票番号": 183, "事故内容": 2, "死者数": 0, "負傷者数": 1, "路線コード": 99000, "地点コード": 0, "市区町村コード": 103, "発生日時　　年": 2024, "発生日時　　月": 8, "発生日時　　日": 15, "発生日時　　時": 9, "発生日時　　分": 45, "昼夜": 12, "日の出時刻　　時": 5, "日の出時刻　　分": 31, "日の入り時刻　　時": 18, "日の入り時刻　　分": 58, "天候": 1, "地形": 2, "路面状態": 1, "道路形状": 0, "信号機": 7, "一時停止規制　標識（当事者A）": 0, "一時停止規制　表示（当事者A）": 0, "一時停止規制　標識（当事者B）": 0, "一時停止規制　表示（当事者B）": 0, "車道幅員": 0, "道路線形": 0, "衝突地点": 20, "ゾーン規制": 70, "中央分離帯施設等": 0, "歩車道区分": 4, "事故類型": 1, "年齢（当事者A）": 55, "年齢（当事者B）": 35, "当事者種別（当事者A）": 4, "当事者種別（当事者B）": 61, "用途別（当事者A）": 31, "用途別（当事者B）": 0, "車両形状等（当事者A）": 1, "車両形状等（当事者B）": 0, "オートマチック車（当事者A）": 1, "オートマチック車（当事者B）": 0, "サポカー（当事者A）": 11, "サポカー（当事者B）": 0, "速度規制（指定のみ）（当事者A）": 10, "速度規制（指定のみ）（当事者B）": 0, "車両の衝突部位（当事者A）": 20, "車両の衝突部位（当事者B）": 0, "車両の損壊程度（当事者A）": 3, "車両の損壊程度（当事者B）": 0, "エアバッグの装備（当事者A）": 2, "エアバッグの装備（当事者B）": 0, "サイドエアバッグの装備（当事者A）": 2, "サイドエアバッグの装備（当事者B）": 0, "人身損傷程度（当事者A）": 4, "人身損傷程度（当事者B）": 2, "地点　緯度（北緯）": 34.37579778, "地点　経度（東経）": 132.4646114, "曜日(発生年月日)": 5, "祝日(発生年月日)": 3, "認知機能検査経過日数（当事者A）": 9999, "認知機能検査経過日数（当事者B）": 0, "運転練習の方法（当事者A）": 1, "運転練習の方法（当事者B）": 0, "field_69": null }, "geometry": { "type": "Point", "coordinates": [ 132.4646114, 34.37579778 ] } },
{ "type": "Feature", "properties": { "資料区分": 1, "都道府県コード": 73, "警察署等コード": 103, "本票番号": 185, "事故内容": 2, "死者数": 0, "負傷者数": 1, "路線コード": 38020, "地点コード": 0, "市区町村コード": 103, "発生日時　　年": 2024, "発生日時　　月": 8, "発生日時　　日": 8, "発生日時　　時": 11, "発生日時　　分": 40, "昼夜": 12, "日の出時刻　　時": 5, "日の出時刻　　分": 26, "日の入り時刻　　時": 19, "日の入り時刻　　分": 5, "天候": 1, "地形": 2, "路面状態": 1, "道路形状": 1, "信号機": 3, "一時停止規制　標識（当事者A）": 9, "一時停止規制　表示（当事者A）": 22, "一時停止規制　標識（当事者B）": 0, "一時停止規制　表示（当事者B）": 0, "車道幅員": 17, "道路線形": 9, "衝突地点": 30, "ゾーン規制": 70, "中央分離帯施設等": 1, "歩車道区分": 2, "事故類型": 1, "年齢（当事者A）": 75, "年齢（当事者B）": 65, "当事者種別（当事者A）": 3, "当事者種別（当事者B）": 61, "用途別（当事者A）": 31, "用途別（当事者B）": 0, "車両形状等（当事者A）": 1, "車両形状等（当事者B）": 0, "オートマチック車（当事者A）": 1, "オートマチック車（当事者B）": 0, "サポカー（当事者A）": 11, "サポカー（当事者B）": 0, "速度規制（指定のみ）（当事者A）": 4, "速度規制（指定のみ）（当事者B）": 0, "車両の衝突部位（当事者A）": 50, "車両の衝突部位（当事者B）": 0, "車両の損壊程度（当事者A）": 3, "車両の損壊程度（当事者B）": 0, "エアバッグの装備（当事者A）": 2, "エアバッグの装備（当事者B）": 0, "サイドエアバッグの装備（当事者A）": 2, "サイドエアバッグの装備（当事者B）": 0, "人身損傷程度（当事者A）": 4, "人身損傷程度（当事者B）": 2, "地点　緯度（北緯）": 34.38153111, "地点　経度（東経）": 132.476955, "曜日(発生年月日)": 5, "祝日(発生年月日)": 3, "認知機能検査経過日数（当事者A）": 316, "認知機能検査経過日数（当事者B）": 0, "運転練習の方法（当事者A）": 9, "運転練習の方法（当事者B）": 0, "field_69": null }, "geometry": { "type": "Point", "coordinates": [ 132.476955, 34.38153111 ] } },
{ "type": "Feature", "properties": { "資料区分": 1, "都道府県コード": 73, "警察署等コード": 104, "本票番号": 101, "事故内容": 2, "死者数": 0, "負傷者数": 1, "路線コード": 4870, "地点コード": 0, "市区町村コード": 202, "発生日時　　年": 2024, "発生日時　　月": 7, "発生日時　　日": 26, "発生日時　　時": 8, "発生日時　　分": 42, "昼夜": 12, "日の出時刻　　時": 5, "日の出時刻　　分": 16, "日の入り時刻　　時": 19, "日の入り時刻　　分": 17, "天候": 1, "地形": 3, "路面状態": 1, "道路形状": 1, "信号機": 7, "一時停止規制　標識（当事者A）": 9, "一時停止規制　表示（当事者A）": 22, "一時停止規制　標識（当事者B）": 0, "一時停止規制　表示（当事者B）": 0, "車道幅員": 15, "道路線形": 5, "衝突地点": 30, "ゾーン規制": 70, "中央分離帯施設等": 4, "歩車道区分": 2, "事故類型": 1, "年齢（当事者A）": 55, "年齢（当事者B）": 55, "当事者種別（当事者A）": 4, "当事者種別（当事者B）": 61, "用途別（当事者A）": 31, "用途別（当事者B）": 0, "車両形状等（当事者A）": 1, "車両形状等（当事者B）": 0, "オートマチック車（当事者A）": 1, "オートマチック車（当事者B）": 0, "サポカー（当事者A）": 11, "サポカー（当事者B）": 0, "速度規制（指定のみ）（当事者A）": 3, "速度規制（指定のみ）（当事者B）": 0, "車両の衝突部位（当事者A）": 10, "車両の衝突部位（当事者B）": 0, "車両の損壊程度（当事者A）": 3, "車両の損壊程度（当事者B）": 0, "エアバッグの装備（当事者A）": 2, "エアバッグの装備（当事者B）": 0, "サイドエアバッグの装備（当事者A）": 2, "サイドエアバッグの装備（当事者B）": 0, "人身損傷程度（当事者A）": 4, "人身損傷程度（当事者B）": 2, "地点　緯度（北緯）": 34.15691806, "地点　経度（東経）": 132.4953386, "曜日(発生年月日)": 6, "祝日(発生年月日)": 3, "認知機能検査経過日数（当事者A）": 9999, "認知機能検査経過日数（当事者B）": 0, "運転練習の方法（当事者A）": 9, "運転練習の方法（当事者B）": 0, "field_69": null }, "geometry": { "type": "Point", "coordinates": [ 132.4953386, 34.15691806 ] } },
{ "type": "Feature", "properties": { "資料区分": 1, "都道府県コード": 73, "警察署等コード": 104, "本票番号": 103, "事故内容": 2, "死者数": 0, "負傷者数": 1, "路線コード": 37040, "地点コード": 0, "市区町村コード": 202, "発生日時　　年": 2024, "発生日時　　月": 7, "発生日時　　日": 30, "発生日時　　時": 15, "発生日時　　分": 28, "昼夜": 12, "日の出時刻　　時": 5, "日の出時刻　　分": 19, "日の入り時刻　　時": 19, "日の入り時刻　　分": 14, "天候": 1, "地形": 2, "路面状態": 1, "道路形状": 1, "信号機": 7, "一時停止規制　標識（当事者A）": 9, "一時停止規制　表示（当事者A）": 22, "一時停止規制　標識（当事者B）": 0, "一時停止規制　表示（当事者B）": 0, "車道幅員": 15, "道路線形": 9, "衝突地点": 30, "ゾーン規制": 70, "中央分離帯施設等": 4, "歩車道区分": 2, "事故類型": 1, "年齢（当事者A）": 65, "年齢（当事者B）": 75, "当事者種別（当事者A）": 4, "当事者種別（当事者B）": 61, "用途別（当事者A）": 31, "用途別（当事者B）": 0, "車両形状等（当事者A）": 1, "車両形状等（当事者B）": 0, "オートマチック車（当事者A）": 1, "オートマチック車（当事者B）": 0, "サポカー（当事者A）": 11, "サポカー（当事者B）": 0, "速度規制（指定のみ）（当事者A）": 2, "速度規制（指定のみ）（当事者B）": 0, "車両の衝突部位（当事者A）": 80, "車両の衝突部位（当事者B）": 0, "車両の損壊程度（当事者A）": 3, "車両の損壊程度（当事者B）": 0, "エアバッグの装備（当事者A）": 2, "エアバッグの装備（当事者B）": 0, "サイドエアバッグの装備（当事者A）": 2, "サイドエアバッグの装備（当事者B）": 0, "人身損傷程度（当事者A）": 4, "人身損傷程度（当事者B）": 2, "地点　緯度（北緯）": 34.24973056, "地点　経度（東経）": 132.56915, "曜日(発生年月日)": 3, "祝日(発生年月日)": 3, "認知機能検査経過日数（当事者A）": 9999, "認知機能検査経過日数（当事者B）": 0, "運転練習の方法（当事者A）": 9, "運転練習の方法（当事者B）": 0, "field_69": null }, "geometry": { "type": "Point", "coordinates": [ 132.56915, 34.24973056 ] } },
{ "type": "Feature", "properties": { "資料区分": 1, "都道府県コード": 73, "警察署等コード": 104, "本票番号": 110, "事故内容": 2, "死者数": 0, "負傷者数": 1, "路線コード": 37040, "地点コード": 0, "市区町村コード": 202, "発生日時　　年": 2024, "発生日時　　月": 8, "発生日時　　日": 24, "発生日時　　時": 10, "発生日時　　分": 12, "昼夜": 12, "日の出時刻　　時": 5, "日の出時刻　　分": 38, "日の入り時刻　　時": 18, "日の入り時刻　　分": 47, "天候": 1, "地形": 1, "路面状態": 1, "道路形状": 1, "信号機": 1, "一時停止規制　標識（当事者A）": 9, "一時停止規制　表示（当事者A）": 22, "一時停止規制　標識（当事者B）": 0, "一時停止規制　表示（当事者B）": 0, "車道幅員": 14, "道路線形": 9, "衝突地点": 30, "ゾーン規制": 70, "中央分離帯施設等": 4, "歩車道区分": 2, "事故類型": 1, "年齢（当事者A）": 65, "年齢（当事者B）": 65, "当事者種別（当事者A）": 3, "当事者種別（当事者B）": 61, "用途別（当事者A）": 31, "用途別（当事者B）": 0, "車両形状等（当事者A）": 1, "車両形状等（当事者B）": 0, "オートマチック車（当事者A）": 1, "オートマチック車（当事者B）": 0, "サポカー（当事者A）": 11, "サポカー（当事者B）": 0, "速度規制（指定のみ）（当事者A）": 3, "速度規制（指定のみ）（当事者B）": 0, "車両の衝突部位（当事者A）": 10, "車両の衝突部位（当事者B）": 0, "車両の損壊程度（当事者A）": 3, "車両の損壊程度（当事者B）": 0, "エアバッグの装備（当事者A）": 2, "エアバッグの装備（当事者B）": 0, "サイドエアバッグの装備（当事者A）": 2, "サイドエアバッグの装備（当事者B）": 0, "人身損傷程度（当事者A）": 4, "人身損傷程度（当事者B）": 2, "地点　緯度（北緯）": 34.24450889, "地点　経度（東経）": 132.5653103, "曜日(発生年月日)": 7, "祝日(発生年月日)": 3, "認知機能検査経過日数（当事者A）": 9999, "認知機能検査経過日数（当事者B）": 0, "運転練習の方法（当事者A）": 1, "運転練習の方法（当事者B）": 0, "field_69": null }, "geometry": { "type": "Point", "coordinates": [ 132.5653103, 34.24450889 ] } },
{ "type": "Feature", "properties": { "資料区分": 1, "都道府県コード": 73, "警察署等コード": 107, "本票番号": 88, "事故内容": 2, "死者数": 0, "負傷者数": 1, "路線コード": 37070, "地点コード": 0, "市区町村コード": 304, "発生日時　　年": 2024, "発生日時　　月": 3, "発生日時　　日": 23, "発生日時　　時": 5, "発生日時　　分": 17, "昼夜": 23, "日の出時刻　　時": 6, "日の出時刻　　分": 9, "日の入り時刻　　時": 18, "日の入り時刻　　分": 23, "天候": 3, "地形": 1, "路面状態": 2, "道路形状": 14, "信号機": 7, "一時停止規制　標識（当事者A）": 0, "一時停止規制　表示（当事者A）": 0, "一時停止規制　標識（当事者B）": 0, "一時停止規制　表示（当事者B）": 0, "車道幅員": 3, "道路線形": 9, "衝突地点": 1, "ゾーン規制": 70, "中央分離帯施設等": 4, "歩車道区分": 2, "事故類型": 1, "年齢（当事者A）": 1, "年齢（当事者B）": 25, "当事者種別（当事者A）": 34, "当事者種別（当事者B）": 61, "用途別（当事者A）": 31, "用途別（当事者B）": 0, "車両形状等（当事者A）": 0, "車両形状等（当事者B）": 0, "オートマチック車（当事者A）": 0, "オートマチック車（当事者B）": 0, "サポカー（当事者A）": 11, "サポカー（当事者B）": 0, "速度規制（指定のみ）（当事者A）": 2, "速度規制（指定のみ）（当事者B）": 0, "車両の衝突部位（当事者A）": 10, "車両の衝突部位（当事者B）": 0, "車両の損壊程度（当事者A）": 3, "車両の損壊程度（当事者B）": 0, "エアバッグの装備（当事者A）": 0, "エアバッグの装備（当事者B）": 0, "サイドエアバッグの装備（当事者A）": 0, "サイドエアバッグの装備（当事者B）": 0, "人身損傷程度（当事者A）": 4, "人身損傷程度（当事者B）": 2, "地点　緯度（北緯）": 34.37750472, "地点　経度（東経）": 132.5495708, "曜日(発生年月日)": 7, "祝日(発生年月日)": 3, "認知機能検査経過日数（当事者A）": 9999, "認知機能検査経過日数（当事者B）": 0, "運転練習の方法（当事者A）": 1, "運転練習の方法（当事者B）": 0, "field_69": null }, "geometry": { "type": "Point", "coordinates": [ 132.5495708, 34.37750472 ] } },
{ "type": "Feature", "properties": { "資料区分": 1, "都道府県コード": 73, "警察署等コード": 107, "本票番号": 96, "事故内容": 2, "死者数": 0, "負傷者数": 1, "路線コード": 20, "地点コード": 3181, "市区町村コード": 107, "発生日時　　年": 2024, "発生日時　　月": 7, "発生日時　　日": 31, "発生日時　　時": 7, "発生日時　　分": 40, "昼夜": 12, "日の出時刻　　時": 5, "日の出時刻　　分": 20, "日の入り時刻　　時": 19, "日の入り時刻　　分": 13, "天候": 1, "地形": 3, "路面状態": 1, "道路形状": 1, "信号機": 7, "一時停止規制　標識（当事者A）": 9, "一時停止規制　表示（当事者A）": 22, "一時停止規制　標識（当事者B）": 0, "一時停止規制　表示（当事者B）": 0, "車道幅員": 15, "道路線形": 9, "衝突地点": 30, "ゾーン規制": 70, "中央分離帯施設等": 4, "歩車道区分": 2, "事故類型": 1, "年齢（当事者A）": 55, "年齢（当事者B）": 55, "当事者種別（当事者A）": 11, "当事者種別（当事者B）": 61, "用途別（当事者A）": 1, "用途別（当事者B）": 0, "車両形状等（当事者A）": 11, "車両形状等（当事者B）": 0, "オートマチック車（当事者A）": 1, "オートマチック車（当事者B）": 0, "サポカー（当事者A）": 11, "サポカー（当事者B）": 0, "速度規制（指定のみ）（当事者A）": 4, "速度規制（指定のみ）（当事者B）": 0, "車両の衝突部位（当事者A）": 50, "車両の衝突部位（当事者B）": 0, "車両の損壊程度（当事者A）": 3, "車両の損壊程度（当事者B）": 0, "エアバッグの装備（当事者A）": 2, "エアバッグの装備（当事者B）": 0, "サイドエアバッグの装備（当事者A）": 2, "サイドエアバッグの装備（当事者B）": 0, "人身損傷程度（当事者A）": 4, "人身損傷程度（当事者B）": 2, "地点　緯度（北緯）": 34.42207528, "地点　経度（東経）": 132.6046475, "曜日(発生年月日)": 4, "祝日(発生年月日)": 3, "認知機能検査経過日数（当事者A）": 9999, "認知機能検査経過日数（当事者B）": 0, "運転練習の方法（当事者A）": 9, "運転練習の方法（当事者B）": 0, "field_69": null }, "geometry": { "type": "Point", "coordinates": [ 132.6046475, 34.42207528 ] } },
{ "type": "Feature", "properties": { "資料区分": 1, "都道府県コード": 73, "警察署等コード": 108, "本票番号": 76, "事故内容": 2, "死者数": 0, "負傷者数": 1, "路線コード": 37080, "地点コード": 0, "市区町村コード": 213, "発生日時　　年": 2024, "発生日時　　月": 5, "発生日時　　日": 4, "発生日時　　時": 11, "発生日時　　分": 38, "昼夜": 12, "日の出時刻　　時": 5, "日の出時刻　　分": 17, "日の入り時刻　　時": 18, "日の入り時刻　　分": 57, "天候": 1, "地形": 1, "路面状態": 1, "道路形状": 7, "信号機": 7, "一時停止規制　標識（当事者A）": 0, "一時停止規制　表示（当事者A）": 0, "一時停止規制　標識（当事者B）": 0, "一時停止規制　表示（当事者B）": 0, "車道幅員": 3, "道路線形": 9, "衝突地点": 1, "ゾーン規制": 70, "中央分離帯施設等": 4, "歩車道区分": 2, "事故類型": 1, "年齢（当事者A）": 45, "年齢（当事者B）": 65, "当事者種別（当事者A）": 3, "当事者種別（当事者B）": 61, "用途別（当事者A）": 31, "用途別（当事者B）": 0, "車両形状等（当事者A）": 1, "車両形状等（当事者B）": 0, "オートマチック車（当事者A）": 1, "オートマチック車（当事者B）": 0, "サポカー（当事者A）": 11, "サポカー（当事者B）": 0, "速度規制（指定のみ）（当事者A）": 3, "速度規制（指定のみ）（当事者B）": 0, "車両の衝突部位（当事者A）": 40, "車両の衝突部位（当事者B）": 0, "車両の損壊程度（当事者A）": 4, "車両の損壊程度（当事者B）": 0, "エアバッグの装備（当事者A）": 2, "エアバッグの装備（当事者B）": 0, "サイドエアバッグの装備（当事者A）": 2, "サイドエアバッグの装備（当事者B）": 0, "人身損傷程度（当事者A）": 4, "人身損傷程度（当事者B）": 2, "地点　緯度（北緯）": 34.31055556, "地点　経度（東経）": 132.3036111, "曜日(発生年月日)": 7, "祝日(発生年月日)": 1, "認知機能検査経過日数（当事者A）": 9999, "認知機能検査経過日数（当事者B）": 0, "運転練習の方法（当事者A）": 5, "運転練習の方法（当事者B）": 0, "field_69": null }, "geometry": { "type": "Point", "coordinates": [ 132.303611100000012, 34.31055556 ] } },
{ "type": "Feature", "properties": { "資料区分": 1, "都道府県コード": 73, "警察署等コード": 108, "本票番号": 80, "事故内容": 2, "死者数": 0, "負傷者数": 1, "路線コード": 37080, "地点コード": 0, "市区町村コード": 213, "発生日時　　年": 2024, "発生日時　　月": 7, "発生日時　　日": 23, "発生日時　　時": 19, "発生日時　　分": 35, "昼夜": 21, "日の出時刻　　時": 5, "日の出時刻　　分": 14, "日の入り時刻　　時": 19, "日の入り時刻　　分": 19, "天候": 1, "地形": 3, "路面状態": 1, "道路形状": 1, "信号機": 7, "一時停止規制　標識（当事者A）": 9, "一時停止規制　表示（当事者A）": 22, "一時停止規制　標識（当事者B）": 0, "一時停止規制　表示（当事者B）": 0, "車道幅員": 15, "道路線形": 9, "衝突地点": 30, "ゾーン規制": 70, "中央分離帯施設等": 4, "歩車道区分": 2, "事故類型": 1, "年齢（当事者A）": 55, "年齢（当事者B）": 45, "当事者種別（当事者A）": 3, "当事者種別（当事者B）": 61, "用途別（当事者A）": 31, "用途別（当事者B）": 0, "車両形状等（当事者A）": 1, "車両形状等（当事者B）": 0, "オートマチック車（当事者A）": 1, "オートマチック車（当事者B）": 0, "サポカー（当事者A）": 11, "サポカー（当事者B）": 0, "速度規制（指定のみ）（当事者A）": 3, "速度規制（指定のみ）（当事者B）": 0, "車両の衝突部位（当事者A）": 50, "車両の衝突部位（当事者B）": 0, "車両の損壊程度（当事者A）": 3, "車両の損壊程度（当事者B）": 0, "エアバッグの装備（当事者A）": 2, "エアバッグの装備（当事者B）": 0, "サイドエアバッグの装備（当事者A）": 2, "サイドエアバッグの装備（当事者B）": 0, "人身損傷程度（当事者A）": 4, "人身損傷程度（当事者B）": 2, "地点　緯度（北緯）": 34.34806139, "地点　経度（東経）": 132.3351947, "曜日(発生年月日)": 3, "祝日(発生年月日)": 3, "認知機能検査経過日数（当事者A）": 9999, "認知機能検査経過日数（当事者B）": 0, "運転練習の方法（当事者A）": 9, "運転練習の方法（当事者B）": 0, "field_69": null }, "geometry": { "type": "Point", "coordinates": [ 132.335194699999988, 34.34806139 ] } },
{ "type": "Feature", "properties": { "資料区分": 1, "都道府県コード": 73, "警察署等コード": 111, "本票番号": 78, "事故内容": 2, "死者数": 0, "負傷者数": 1, "路線コード": 22790, "地点コード": 0, "市区町村コード": 202, "発生日時　　年": 2024, "発生日時　　月": 6, "発生日時　　日": 5, "発生日時　　時": 16, "発生日時　　分": 28, "昼夜": 12, "日の出時刻　　時": 4, "日の出時刻　　分": 58, "日の入り時刻　　時": 19, "日の入り時刻　　分": 20, "天候": 1, "地形": 1, "路面状態": 1, "道路形状": 14, "信号機": 7, "一時停止規制　標識（当事者A）": 0, "一時停止規制　表示（当事者A）": 0, "一時停止規制　標識（当事者B）": 0, "一時停止規制　表示（当事者B）": 0, "車道幅員": 4, "道路線形": 9, "衝突地点": 1, "ゾーン規制": 70, "中央分離帯施設等": 4, "歩車道区分": 2, "事故類型": 1, "年齢（当事者A）": 65, "年齢（当事者B）": 65, "当事者種別（当事者A）": 51, "当事者種別（当事者B）": 61, "用途別（当事者A）": 41, "用途別（当事者B）": 0, "車両形状等（当事者A）": 0, "車両形状等（当事者B）": 0, "オートマチック車（当事者A）": 0, "オートマチック車（当事者B）": 0, "サポカー（当事者A）": 0, "サポカー（当事者B）": 0, "速度規制（指定のみ）（当事者A）": 0, "速度規制（指定のみ）（当事者B）": 0, "車両の衝突部位（当事者A）": 10, "車両の衝突部位（当事者B）": 0, "車両の損壊程度（当事者A）": 4, "車両の損壊程度（当事者B）": 0, "エアバッグの装備（当事者A）": 0, "エアバッグの装備（当事者B）": 0, "サイドエアバッグの装備（当事者A）": 0, "サイドエアバッグの装備（当事者B）": 0, "人身損傷程度（当事者A）": 4, "人身損傷程度（当事者B）": 2, "地点　緯度（北緯）": 34.21971833, "地点　経度（東経）": 132.6207817, "曜日(発生年月日)": 4, "祝日(発生年月日)": 3, "認知機能検査経過日数（当事者A）": 0, "認知機能検査経過日数（当事者B）": 0, "運転練習の方法（当事者A）": 0, "運転練習の方法（当事者B）": 0, "field_69": null }, "geometry": { "type": "Point", "coordinates": [ 132.6207817, 34.21971833 ] } },
{ "type": "Feature", "properties": { "資料区分": 1, "都道府県コード": 73, "警察署等コード": 112, "本票番号": 196, "事故内容": 2, "死者数": 0, "負傷者数": 1, "路線コード": 37120, "地点コード": 0, "市区町村コード": 212, "発生日時　　年": 2024, "発生日時　　月": 7, "発生日時　　日": 23, "発生日時　　時": 18, "発生日時　　分": 45, "昼夜": 13, "日の出時刻　　時": 5, "日の出時刻　　分": 14, "日の入り時刻　　時": 19, "日の入り時刻　　分": 19, "天候": 1, "地形": 3, "路面状態": 1, "道路形状": 7, "信号機": 7, "一時停止規制　標識（当事者A）": 0, "一時停止規制　表示（当事者A）": 0, "一時停止規制　標識（当事者B）": 0, "一時停止規制　表示（当事者B）": 0, "車道幅員": 2, "道路線形": 9, "衝突地点": 1, "ゾーン規制": 70, "中央分離帯施設等": 5, "歩車道区分": 4, "事故類型": 1, "年齢（当事者A）": 75, "年齢（当事者B）": 1, "当事者種別（当事者A）": 4, "当事者種別（当事者B）": 61, "用途別（当事者A）": 31, "用途別（当事者B）": 0, "車両形状等（当事者A）": 1, "車両形状等（当事者B）": 0, "オートマチック車（当事者A）": 1, "オートマチック車（当事者B）": 0, "サポカー（当事者A）": 11, "サポカー（当事者B）": 0, "速度規制（指定のみ）（当事者A）": 2, "速度規制（指定のみ）（当事者B）": 0, "車両の衝突部位（当事者A）": 20, "車両の衝突部位（当事者B）": 0, "車両の損壊程度（当事者A）": 3, "車両の損壊程度（当事者B）": 0, "エアバッグの装備（当事者A）": 2, "エアバッグの装備（当事者B）": 0, "サイドエアバッグの装備（当事者A）": 2, "サイドエアバッグの装備（当事者B）": 0, "人身損傷程度（当事者A）": 4, "人身損傷程度（当事者B）": 2, "地点　緯度（北緯）": 34.42307722, "地点　経度（東経）": 132.7534472, "曜日(発生年月日)": 3, "祝日(発生年月日)": 3, "認知機能検査経過日数（当事者A）": 525, "認知機能検査経過日数（当事者B）": 0, "運転練習の方法（当事者A）": 9, "運転練習の方法（当事者B）": 0, "field_69": null }, "geometry": { "type": "Point", "coordinates": [ 132.753447200000011, 34.42307722 ] } },
{ "type": "Feature", "properties": { "資料区分": 1, "都道府県コード": 73, "警察署等コード": 112, "本票番号": 205, "事故内容": 2, "死者数": 0, "負傷者数": 1, "路線コード": 37120, "地点コード": 0, "市区町村コード": 212, "発生日時　　年": 2024, "発生日時　　月": 6, "発生日時　　日": 28, "発生日時　　時": 20, "発生日時　　分": 0, "昼夜": 21, "日の出時刻　　時": 5, "日の出時刻　　分": 0, "日の入り時刻　　時": 19, "日の入り時刻　　分": 27, "天候": 1, "地形": 3, "路面状態": 1, "道路形状": 1, "信号機": 7, "一時停止規制　標識（当事者A）": 9, "一時停止規制　表示（当事者A）": 22, "一時停止規制　標識（当事者B）": 0, "一時停止規制　表示（当事者B）": 0, "車道幅員": 15, "道路線形": 7, "衝突地点": 30, "ゾーン規制": 70, "中央分離帯施設等": 5, "歩車道区分": 2, "事故類型": 1, "年齢（当事者A）": 55, "年齢（当事者B）": 1, "当事者種別（当事者A）": 14, "当事者種別（当事者B）": 61, "用途別（当事者A）": 31, "用途別（当事者B）": 0, "車両形状等（当事者A）": 11, "車両形状等（当事者B）": 0, "オートマチック車（当事者A）": 1, "オートマチック車（当事者B）": 0, "サポカー（当事者A）": 11, "サポカー（当事者B）": 0, "速度規制（指定のみ）（当事者A）": 3, "速度規制（指定のみ）（当事者B）": 0, "車両の衝突部位（当事者A）": 50, "車両の衝突部位（当事者B）": 0, "車両の損壊程度（当事者A）": 3, "車両の損壊程度（当事者B）": 0, "エアバッグの装備（当事者A）": 2, "エアバッグの装備（当事者B）": 0, "サイドエアバッグの装備（当事者A）": 2, "サイドエアバッグの装備（当事者B）": 0, "人身損傷程度（当事者A）": 4, "人身損傷程度（当事者B）": 2, "地点　緯度（北緯）": 34.41741778, "地点　経度（東経）": 132.7400914, "曜日(発生年月日)": 6, "祝日(発生年月日)": 3, "認知機能検査経過日数（当事者A）": 9999, "認知機能検査経過日数（当事者B）": 0, "運転練習の方法（当事者A）": 9, "運転練習の方法（当事者B）": 0, "field_69": null }, "geometry": { "type": "Point", "coordinates": [ 132.740091400000011, 34.41741778 ] } },
{ "type": "Feature", "properties": { "資料区分": 1, "都道府県コード": 73, "警察署等コード": 114, "本票番号": 149, "事故内容": 2, "死者数": 0, "負傷者数": 1, "路線コード": 37140, "地点コード": 0, "市区町村コード": 106, "発生日時　　年": 2024, "発生日時　　月": 7, "発生日時　　日": 25, "発生日時　　時": 9, "発生日時　　分": 23, "昼夜": 12, "日の出時刻　　時": 5, "日の出時刻　　分": 16, "日の入り時刻　　時": 19, "日の入り時刻　　分": 17, "天候": 1, "地形": 1, "路面状態": 1, "道路形状": 14, "信号機": 7, "一時停止規制　標識（当事者A）": 0, "一時停止規制　表示（当事者A）": 0, "一時停止規制　標識（当事者B）": 0, "一時停止規制　表示（当事者B）": 0, "車道幅員": 3, "道路線形": 9, "衝突地点": 1, "ゾーン規制": 70, "中央分離帯施設等": 5, "歩車道区分": 3, "事故類型": 1, "年齢（当事者A）": 65, "年齢（当事者B）": 65, "当事者種別（当事者A）": 4, "当事者種別（当事者B）": 61, "用途別（当事者A）": 31, "用途別（当事者B）": 0, "車両形状等（当事者A）": 1, "車両形状等（当事者B）": 0, "オートマチック車（当事者A）": 1, "オートマチック車（当事者B）": 0, "サポカー（当事者A）": 11, "サポカー（当事者B）": 0, "速度規制（指定のみ）（当事者A）": 2, "速度規制（指定のみ）（当事者B）": 0, "車両の衝突部位（当事者A）": 40, "車両の衝突部位（当事者B）": 0, "車両の損壊程度（当事者A）": 3, "車両の損壊程度（当事者B）": 0, "エアバッグの装備（当事者A）": 2, "エアバッグの装備（当事者B）": 0, "サイドエアバッグの装備（当事者A）": 2, "サイドエアバッグの装備（当事者B）": 0, "人身損傷程度（当事者A）": 4, "人身損傷程度（当事者B）": 2, "地点　緯度（北緯）": 34.51310083, "地点　経度（東経）": 132.5121344, "曜日(発生年月日)": 5, "祝日(発生年月日)": 3, "認知機能検査経過日数（当事者A）": 9999, "認知機能検査経過日数（当事者B）": 0, "運転練習の方法（当事者A）": 9, "運転練習の方法（当事者B）": 0, "field_69": null }, "geometry": { "type": "Point", "coordinates": [ 132.5121344, 34.51310083 ] } },
{ "type": "Feature", "properties": { "資料区分": 1, "都道府県コード": 73, "警察署等コード": 114, "本票番号": 153, "事故内容": 2, "死者数": 0, "負傷者数": 1, "路線コード": 37140, "地点コード": 0, "市区町村コード": 106, "発生日時　　年": 2024, "発生日時　　月": 6, "発生日時　　日": 19, "発生日時　　時": 15, "発生日時　　分": 10, "昼夜": 12, "日の出時刻　　時": 4, "日の出時刻　　分": 58, "日の入り時刻　　時": 19, "日の入り時刻　　分": 25, "天候": 1, "地形": 1, "路面状態": 1, "道路形状": 14, "信号機": 7, "一時停止規制　標識（当事者A）": 0, "一時停止規制　表示（当事者A）": 0, "一時停止規制　標識（当事者B）": 0, "一時停止規制　表示（当事者B）": 0, "車道幅員": 3, "道路線形": 8, "衝突地点": 1, "ゾーン規制": 70, "中央分離帯施設等": 4, "歩車道区分": 2, "事故類型": 1, "年齢（当事者A）": 25, "年齢（当事者B）": 1, "当事者種別（当事者A）": 3, "当事者種別（当事者B）": 61, "用途別（当事者A）": 31, "用途別（当事者B）": 0, "車両形状等（当事者A）": 1, "車両形状等（当事者B）": 0, "オートマチック車（当事者A）": 1, "オートマチック車（当事者B）": 0, "サポカー（当事者A）": 11, "サポカー（当事者B）": 0, "速度規制（指定のみ）（当事者A）": 3, "速度規制（指定のみ）（当事者B）": 0, "車両の衝突部位（当事者A）": 40, "車両の衝突部位（当事者B）": 0, "車両の損壊程度（当事者A）": 3, "車両の損壊程度（当事者B）": 0, "エアバッグの装備（当事者A）": 2, "エアバッグの装備（当事者B）": 0, "サイドエアバッグの装備（当事者A）": 2, "サイドエアバッグの装備（当事者B）": 0, "人身損傷程度（当事者A）": 4, "人身損傷程度（当事者B）": 2, "地点　緯度（北緯）": 34.47622472, "地点　経度（東経）": 132.5104042, "曜日(発生年月日)": 4, "祝日(発生年月日)": 3, "認知機能検査経過日数（当事者A）": 9999, "認知機能検査経過日数（当事者B）": 0, "運転練習の方法（当事者A）": 1, "運転練習の方法（当事者B）": 0, "field_69": null }, "geometry": { "type": "Point", "coordinates": [ 132.510404200000011, 34.47622472 ] } },
{ "type": "Feature", "properties": { "資料区分": 1, "都道府県コード": 73, "警察署等コード": 114, "本票番号": 156, "事故内容": 2, "死者数": 0, "負傷者数": 1, "路線コード": 37140, "地点コード": 0, "市区町村コード": 106, "発生日時　　年": 2024, "発生日時　　月": 8, "発生日時　　日": 11, "発生日時　　時": 21, "発生日時　　分": 45, "昼夜": 22, "日の出時刻　　時": 5, "日の出時刻　　分": 28, "日の入り時刻　　時": 19, "日の入り時刻　　分": 2, "天候": 1, "地形": 3, "路面状態": 1, "道路形状": 14, "信号機": 7, "一時停止規制　標識（当事者A）": 0, "一時停止規制　表示（当事者A）": 0, "一時停止規制　標識（当事者B）": 0, "一時停止規制　表示（当事者B）": 0, "車道幅員": 3, "道路線形": 8, "衝突地点": 1, "ゾーン規制": 70, "中央分離帯施設等": 5, "歩車道区分": 4, "事故類型": 1, "年齢（当事者A）": 55, "年齢（当事者B）": 25, "当事者種別（当事者A）": 4, "当事者種別（当事者B）": 61, "用途別（当事者A）": 31, "用途別（当事者B）": 0, "車両形状等（当事者A）": 1, "車両形状等（当事者B）": 0, "オートマチック車（当事者A）": 1, "オートマチック車（当事者B）": 0, "サポカー（当事者A）": 11, "サポカー（当事者B）": 0, "速度規制（指定のみ）（当事者A）": 10, "速度規制（指定のみ）（当事者B）": 0, "車両の衝突部位（当事者A）": 50, "車両の衝突部位（当事者B）": 0, "車両の損壊程度（当事者A）": 3, "車両の損壊程度（当事者B）": 0, "エアバッグの装備（当事者A）": 2, "エアバッグの装備（当事者B）": 0, "サイドエアバッグの装備（当事者A）": 2, "サイドエアバッグの装備（当事者B）": 0, "人身損傷程度（当事者A）": 4, "人身損傷程度（当事者B）": 2, "地点　緯度（北緯）": 34.46021389, "地点　経度（東経）": 132.5630167, "曜日(発生年月日)": 1, "祝日(発生年月日)": 1, "認知機能検査経過日数（当事者A）": 9999, "認知機能検査経過日数（当事者B）": 0, "運転練習の方法（当事者A）": 9, "運転練習の方法（当事者B）": 0, "field_69": null }, "geometry": { "type": "Point", "coordinates": [ 132.5630167, 34.46021389 ] } },
{ "type": "Feature", "properties": { "資料区分": 1, "都道府県コード": 73, "警察署等コード": 114, "本票番号": 158, "事故内容": 2, "死者数": 0, "負傷者数": 1, "路線コード": 99000, "地点コード": 0, "市区町村コード": 106, "発生日時　　年": 2024, "発生日時　　月": 8, "発生日時　　日": 15, "発生日時　　時": 18, "発生日時　　分": 34, "昼夜": 13, "日の出時刻　　時": 5, "日の出時刻　　分": 31, "日の入り時刻　　時": 18, "日の入り時刻　　分": 58, "天候": 2, "地形": 3, "路面状態": 1, "道路形状": 0, "信号機": 7, "一時停止規制　標識（当事者A）": 0, "一時停止規制　表示（当事者A）": 0, "一時停止規制　標識（当事者B）": 0, "一時停止規制　表示（当事者B）": 0, "車道幅員": 0, "道路線形": 0, "衝突地点": 20, "ゾーン規制": 70, "中央分離帯施設等": 0, "歩車道区分": 4, "事故類型": 1, "年齢（当事者A）": 25, "年齢（当事者B）": 75, "当事者種別（当事者A）": 3, "当事者種別（当事者B）": 61, "用途別（当事者A）": 31, "用途別（当事者B）": 0, "車両形状等（当事者A）": 1, "車両形状等（当事者B）": 0, "オートマチック車（当事者A）": 1, "オートマチック車（当事者B）": 0, "サポカー（当事者A）": 1, "サポカー（当事者B）": 0, "速度規制（指定のみ）（当事者A）": 10, "速度規制（指定のみ）（当事者B）": 0, "車両の衝突部位（当事者A）": 30, "車両の衝突部位（当事者B）": 0, "車両の損壊程度（当事者A）": 3, "車両の損壊程度（当事者B）": 0, "エアバッグの装備（当事者A）": 2, "エアバッグの装備（当事者B）": 0, "サイドエアバッグの装備（当事者A）": 2, "サイドエアバッグの装備（当事者B）": 0, "人身損傷程度（当事者A）": 4, "人身損傷程度（当事者B）": 2, "地点　緯度（北緯）": 34.50571639, "地点　経度（東経）": 132.4376133, "曜日(発生年月日)": 5, "祝日(発生年月日)": 3, "認知機能検査経過日数（当事者A）": 9999, "認知機能検査経過日数（当事者B）": 0, "運転練習の方法（当事者A）": 1, "運転練習の方法（当事者B）": 0, "field_69": null }, "geometry": { "type": "Point", "coordinates": [ 132.43761330000001, 34.50571639 ] } },
{ "type": "Feature", "properties": { "資料区分": 1, "都道府県コード": 73, "警察署等コード": 114, "本票番号": 163, "事故内容": 2, "死者数": 0, "負傷者数": 1, "路線コード": 37140, "地点コード": 0, "市区町村コード": 106, "発生日時　　年": 2024, "発生日時　　月": 8, "発生日時　　日": 22, "発生日時　　時": 9, "発生日時　　分": 38, "昼夜": 12, "日の出時刻　　時": 5, "日の出時刻　　分": 36, "日の入り時刻　　時": 18, "日の入り時刻　　分": 50, "天候": 1, "地形": 1, "路面状態": 1, "道路形状": 1, "信号機": 7, "一時停止規制　標識（当事者A）": 8, "一時停止規制　表示（当事者A）": 22, "一時停止規制　標識（当事者B）": 0, "一時停止規制　表示（当事者B）": 0, "車道幅員": 14, "道路線形": 8, "衝突地点": 30, "ゾーン規制": 70, "中央分離帯施設等": 5, "歩車道区分": 2, "事故類型": 1, "年齢（当事者A）": 65, "年齢（当事者B）": 55, "当事者種別（当事者A）": 3, "当事者種別（当事者B）": 61, "用途別（当事者A）": 31, "用途別（当事者B）": 0, "車両形状等（当事者A）": 1, "車両形状等（当事者B）": 0, "オートマチック車（当事者A）": 1, "オートマチック車（当事者B）": 0, "サポカー（当事者A）": 11, "サポカー（当事者B）": 0, "速度規制（指定のみ）（当事者A）": 10, "速度規制（指定のみ）（当事者B）": 0, "車両の衝突部位（当事者A）": 10, "車両の衝突部位（当事者B）": 0, "車両の損壊程度（当事者A）": 3, "車両の損壊程度（当事者B）": 0, "エアバッグの装備（当事者A）": 2, "エアバッグの装備（当事者B）": 0, "サイドエアバッグの装備（当事者A）": 2, "サイドエアバッグの装備（当事者B）": 0, "人身損傷程度（当事者A）": 4, "人身損傷程度（当事者B）": 2, "地点　緯度（北緯）": 34.46735472, "地点　経度（東経）": 132.5052028, "曜日(発生年月日)": 5, "祝日(発生年月日)": 3, "認知機能検査経過日数（当事者A）": 9999, "認知機能検査経過日数（当事者B）": 0, "運転練習の方法（当事者A）": 9, "運転練習の方法（当事者B）": 0, "field_69": null }, "geometry": { "type": "Point", "coordinates": [ 132.5052028, 34.46735472 ] } },
{ "type": "Feature", "properties": { "資料区分": 1, "都道府県コード": 73, "警察署等コード": 116, "本票番号": 14, "事故内容": 2, "死者数": 0, "負傷者数": 1, "路線コード": 99000, "地点コード": 0, "市区町村コード": 369, "発生日時　　年": 2024, "発生日時　　月": 8, "発生日時　　日": 9, "発生日時　　時": 12, "発生日時　　分": 40, "昼夜": 12, "日の出時刻　　時": 5, "日の出時刻　　分": 27, "日の入り時刻　　時": 19, "日の入り時刻　　分": 4, "天候": 1, "地形": 2, "路面状態": 1, "道路形状": 0, "信号機": 7, "一時停止規制　標識（当事者A）": 0, "一時停止規制　表示（当事者A）": 0, "一時停止規制　標識（当事者B）": 0, "一時停止規制　表示（当事者B）": 0, "車道幅員": 0, "道路線形": 0, "衝突地点": 20, "ゾーン規制": 70, "中央分離帯施設等": 0, "歩車道区分": 4, "事故類型": 1, "年齢（当事者A）": 35, "年齢（当事者B）": 75, "当事者種別（当事者A）": 4, "当事者種別（当事者B）": 61, "用途別（当事者A）": 31, "用途別（当事者B）": 0, "車両形状等（当事者A）": 1, "車両形状等（当事者B）": 0, "オートマチック車（当事者A）": 1, "オートマチック車（当事者B）": 0, "サポカー（当事者A）": 11, "サポカー（当事者B）": 0, "速度規制（指定のみ）（当事者A）": 10, "速度規制（指定のみ）（当事者B）": 0, "車両の衝突部位（当事者A）": 10, "車両の衝突部位（当事者B）": 0, "車両の損壊程度（当事者A）": 4, "車両の損壊程度（当事者B）": 0, "エアバッグの装備（当事者A）": 2, "エアバッグの装備（当事者B）": 0, "サイドエアバッグの装備（当事者A）": 2, "サイドエアバッグの装備（当事者B）": 0, "人身損傷程度（当事者A）": 4, "人身損傷程度（当事者B）": 2, "地点　緯度（北緯）": 34.67486583, "地点　経度（東経）": 132.5355683, "曜日(発生年月日)": 6, "祝日(発生年月日)": 3, "認知機能検査経過日数（当事者A）": 9999, "認知機能検査経過日数（当事者B）": 0, "運転練習の方法（当事者A）": 1, "運転練習の方法（当事者B）": 0, "field_69": null }, "geometry": { "type": "Point", "coordinates": [ 132.5355683, 34.67486583 ] } },
{ "type": "Feature", "properties": { "資料区分": 1, "都道府県コード": 73, "警察署等コード": 116, "本票番号": 15, "事故内容": 2, "死者数": 0, "負傷者数": 1, "路線コード": 2610, "地点コード": 0, "市区町村コード": 369, "発生日時　　年": 2024, "発生日時　　月": 8, "発生日時　　日": 20, "発生日時　　時": 7, "発生日時　　分": 42, "昼夜": 12, "日の出時刻　　時": 5, "日の出時刻　　分": 35, "日の入り時刻　　時": 18, "日の入り時刻　　分": 52, "天候": 1, "地形": 3, "路面状態": 1, "道路形状": 1, "信号機": 7, "一時停止規制　標識（当事者A）": 9, "一時停止規制　表示（当事者A）": 22, "一時停止規制　標識（当事者B）": 0, "一時停止規制　表示（当事者B）": 0, "車道幅員": 15, "道路線形": 9, "衝突地点": 30, "ゾーン規制": 70, "中央分離帯施設等": 4, "歩車道区分": 2, "事故類型": 1, "年齢（当事者A）": 65, "年齢（当事者B）": 65, "当事者種別（当事者A）": 14, "当事者種別（当事者B）": 61, "用途別（当事者A）": 31, "用途別（当事者B）": 0, "車両形状等（当事者A）": 11, "車両形状等（当事者B）": 0, "オートマチック車（当事者A）": 2, "オートマチック車（当事者B）": 0, "サポカー（当事者A）": 11, "サポカー（当事者B）": 0, "速度規制（指定のみ）（当事者A）": 4, "速度規制（指定のみ）（当事者B）": 0, "車両の衝突部位（当事者A）": 10, "車両の衝突部位（当事者B）": 0, "車両の損壊程度（当事者A）": 3, "車両の損壊程度（当事者B）": 0, "エアバッグの装備（当事者A）": 2, "エアバッグの装備（当事者B）": 0, "サイドエアバッグの装備（当事者A）": 2, "サイドエアバッグの装備（当事者B）": 0, "人身損傷程度（当事者A）": 4, "人身損傷程度（当事者B）": 2, "地点　緯度（北緯）": 34.68393694, "地点　経度（東経）": 132.5309944, "曜日(発生年月日)": 3, "祝日(発生年月日)": 3, "認知機能検査経過日数（当事者A）": 9999, "認知機能検査経過日数（当事者B）": 0, "運転練習の方法（当事者A）": 9, "運転練習の方法（当事者B）": 0, "field_69": null }, "geometry": { "type": "Point", "coordinates": [ 132.5309944, 34.68393694 ] } },
{ "type": "Feature", "properties": { "資料区分": 1, "都道府県コード": 73, "警察署等コード": 120, "本票番号": 112, "事故内容": 2, "死者数": 0, "負傷者数": 1, "路線コード": 37200, "地点コード": 0, "市区町村コード": 207, "発生日時　　年": 2024, "発生日時　　月": 8, "発生日時　　日": 1, "発生日時　　時": 6, "発生日時　　分": 20, "昼夜": 11, "日の出時刻　　時": 5, "日の出時刻　　分": 21, "日の入り時刻　　時": 19, "日の入り時刻　　分": 12, "天候": 1, "地形": 3, "路面状態": 1, "道路形状": 1, "信号機": 7, "一時停止規制　標識（当事者A）": 9, "一時停止規制　表示（当事者A）": 22, "一時停止規制　標識（当事者B）": 0, "一時停止規制　表示（当事者B）": 0, "車道幅員": 15, "道路線形": 9, "衝突地点": 30, "ゾーン規制": 70, "中央分離帯施設等": 4, "歩車道区分": 2, "事故類型": 1, "年齢（当事者A）": 45, "年齢（当事者B）": 75, "当事者種別（当事者A）": 4, "当事者種別（当事者B）": 61, "用途別（当事者A）": 31, "用途別（当事者B）": 0, "車両形状等（当事者A）": 1, "車両形状等（当事者B）": 0, "オートマチック車（当事者A）": 1, "オートマチック車（当事者B）": 0, "サポカー（当事者A）": 11, "サポカー（当事者B）": 0, "速度規制（指定のみ）（当事者A）": 3, "速度規制（指定のみ）（当事者B）": 0, "車両の衝突部位（当事者A）": 10, "車両の衝突部位（当事者B）": 0, "車両の損壊程度（当事者A）": 2, "車両の損壊程度（当事者B）": 0, "エアバッグの装備（当事者A）": 2, "エアバッグの装備（当事者B）": 0, "サイドエアバッグの装備（当事者A）": 2, "サイドエアバッグの装備（当事者B）": 0, "人身損傷程度（当事者A）": 4, "人身損傷程度（当事者B）": 2, "地点　緯度（北緯）": 34.43583333, "地点　経度（東経）": 133.28671, "曜日(発生年月日)": 5, "祝日(発生年月日)": 3, "認知機能検査経過日数（当事者A）": 9999, "認知機能検査経過日数（当事者B）": 0, "運転練習の方法（当事者A）": 1, "運転練習の方法（当事者B）": 0, "field_69": null }, "geometry": { "type": "Point", "coordinates": [ 133.28671, 34.43583333 ] } },
{ "type": "Feature", "properties": { "資料区分": 1, "都道府県コード": 73, "警察署等コード": 121, "本票番号": 343, "事故内容": 2, "死者数": 0, "負傷者数": 1, "路線コード": 37210, "地点コード": 0, "市区町村コード": 207, "発生日時　　年": 2024, "発生日時　　月": 7, "発生日時　　日": 30, "発生日時　　時": 7, "発生日時　　分": 40, "昼夜": 12, "日の出時刻　　時": 5, "日の出時刻　　分": 19, "日の入り時刻　　時": 19, "日の入り時刻　　分": 14, "天候": 1, "地形": 1, "路面状態": 1, "道路形状": 1, "信号機": 7, "一時停止規制　標識（当事者A）": 9, "一時停止規制　表示（当事者A）": 22, "一時停止規制　標識（当事者B）": 0, "一時停止規制　表示（当事者B）": 0, "車道幅員": 11, "道路線形": 9, "衝突地点": 30, "ゾーン規制": 70, "中央分離帯施設等": 5, "歩車道区分": 3, "事故類型": 1, "年齢（当事者A）": 55, "年齢（当事者B）": 1, "当事者種別（当事者A）": 3, "当事者種別（当事者B）": 61, "用途別（当事者A）": 31, "用途別（当事者B）": 0, "車両形状等（当事者A）": 1, "車両形状等（当事者B）": 0, "オートマチック車（当事者A）": 1, "オートマチック車（当事者B）": 0, "サポカー（当事者A）": 11, "サポカー（当事者B）": 0, "速度規制（指定のみ）（当事者A）": 2, "速度規制（指定のみ）（当事者B）": 0, "車両の衝突部位（当事者A）": 10, "車両の衝突部位（当事者B）": 0, "車両の損壊程度（当事者A）": 3, "車両の損壊程度（当事者B）": 0, "エアバッグの装備（当事者A）": 2, "エアバッグの装備（当事者B）": 0, "サイドエアバッグの装備（当事者A）": 2, "サイドエアバッグの装備（当事者B）": 0, "人身損傷程度（当事者A）": 4, "人身損傷程度（当事者B）": 2, "地点　緯度（北緯）": 34.46720472, "地点　経度（東経）": 133.3872275, "曜日(発生年月日)": 3, "祝日(発生年月日)": 3, "認知機能検査経過日数（当事者A）": 9999, "認知機能検査経過日数（当事者B）": 0, "運転練習の方法（当事者A）": 9, "運転練習の方法（当事者B）": 0, "field_69": null }, "geometry": { "type": "Point", "coordinates": [ 133.3872275, 34.46720472 ] } },
{ "type": "Feature", "properties": { "資料区分": 1, "都道府県コード": 73, "警察署等コード": 121, "本票番号": 344, "事故内容": 1, "死者数": 1, "負傷者数": 0, "路線コード": 37210, "地点コード": 0, "市区町村コード": 207, "発生日時　　年": 2024, "発生日時　　月": 8, "発生日時　　日": 7, "発生日時　　時": 13, "発生日時　　分": 9, "昼夜": 12, "日の出時刻　　時": 5, "日の出時刻　　分": 25, "日の入り時刻　　時": 19, "日の入り時刻　　分": 6, "天候": 1, "地形": 1, "路面状態": 1, "道路形状": 11, "信号機": 7, "一時停止規制　標識（当事者A）": 0, "一時停止規制　表示（当事者A）": 0, "一時停止規制　標識（当事者B）": 0, "一時停止規制　表示（当事者B）": 0, "車道幅員": 6, "道路線形": 9, "衝突地点": 1, "ゾーン規制": 70, "中央分離帯施設等": 4, "歩車道区分": 2, "事故類型": 1, "年齢（当事者A）": 45, "年齢（当事者B）": 75, "当事者種別（当事者A）": 4, "当事者種別（当事者B）": 61, "用途別（当事者A）": 31, "用途別（当事者B）": 0, "車両形状等（当事者A）": 1, "車両形状等（当事者B）": 0, "オートマチック車（当事者A）": 1, "オートマチック車（当事者B）": 0, "サポカー（当事者A）": 11, "サポカー（当事者B）": 0, "速度規制（指定のみ）（当事者A）": 3, "速度規制（指定のみ）（当事者B）": 0, "車両の衝突部位（当事者A）": 80, "車両の衝突部位（当事者B）": 0, "車両の損壊程度（当事者A）": 3, "車両の損壊程度（当事者B）": 0, "エアバッグの装備（当事者A）": 2, "エアバッグの装備（当事者B）": 0, "サイドエアバッグの装備（当事者A）": 2, "サイドエアバッグの装備（当事者B）": 0, "人身損傷程度（当事者A）": 4, "人身損傷程度（当事者B）": 1, "地点　緯度（北緯）": 34.49791806, "地点　経度（東経）": 133.3847683, "曜日(発生年月日)": 4, "祝日(発生年月日)": 3, "認知機能検査経過日数（当事者A）": 9999, "認知機能検査経過日数（当事者B）": 0, "運転練習の方法（当事者A）": 1, "運転練習の方法（当事者B）": 0, "field_69": null }, "geometry": { "type": "Point", "coordinates": [ 133.3847683, 34.49791806 ] } },
{ "type": "Feature", "properties": { "資料区分": 1, "都道府県コード": 73, "警察署等コード": 121, "本票番号": 368, "事故内容": 2, "死者数": 0, "負傷者数": 1, "路線コード": 37210, "地点コード": 0, "市区町村コード": 207, "発生日時　　年": 2024, "発生日時　　月": 8, "発生日時　　日": 23, "発生日時　　時": 11, "発生日時　　分": 47, "昼夜": 12, "日の出時刻　　時": 5, "日の出時刻　　分": 37, "日の入り時刻　　時": 18, "日の入り時刻　　分": 48, "天候": 1, "地形": 1, "路面状態": 1, "道路形状": 1, "信号機": 7, "一時停止規制　標識（当事者A）": 1, "一時停止規制　表示（当事者A）": 21, "一時停止規制　標識（当事者B）": 0, "一時停止規制　表示（当事者B）": 0, "車道幅員": 15, "道路線形": 9, "衝突地点": 30, "ゾーン規制": 70, "中央分離帯施設等": 5, "歩車道区分": 3, "事故類型": 1, "年齢（当事者A）": 55, "年齢（当事者B）": 65, "当事者種別（当事者A）": 4, "当事者種別（当事者B）": 61, "用途別（当事者A）": 31, "用途別（当事者B）": 0, "車両形状等（当事者A）": 1, "車両形状等（当事者B）": 0, "オートマチック車（当事者A）": 1, "オートマチック車（当事者B）": 0, "サポカー（当事者A）": 11, "サポカー（当事者B）": 0, "速度規制（指定のみ）（当事者A）": 3, "速度規制（指定のみ）（当事者B）": 0, "車両の衝突部位（当事者A）": 10, "車両の衝突部位（当事者B）": 0, "車両の損壊程度（当事者A）": 4, "車両の損壊程度（当事者B）": 0, "エアバッグの装備（当事者A）": 2, "エアバッグの装備（当事者B）": 0, "サイドエアバッグの装備（当事者A）": 2, "サイドエアバッグの装備（当事者B）": 0, "人身損傷程度（当事者A）": 4, "人身損傷程度（当事者B）": 2, "地点　緯度（北緯）": 34.50516667, "地点　経度（東経）": 133.3945028, "曜日(発生年月日)": 6, "祝日(発生年月日)": 3, "認知機能検査経過日数（当事者A）": 9999, "認知機能検査経過日数（当事者B）": 0, "運転練習の方法（当事者A）": 9, "運転練習の方法（当事者B）": 0, "field_69": null }, "geometry": { "type": "Point", "coordinates": [ 133.3945028, 34.50516667 ] } },
{ "type": "Feature", "properties": { "資料区分": 1, "都道府県コード": 73, "警察署等コード": 122, "本票番号": 29, "事故内容": 2, "死者数": 0, "負傷者数": 1, "路線コード": 99000, "地点コード": 0, "市区町村コード": 208, "発生日時　　年": 2024, "発生日時　　月": 8, "発生日時　　日": 23, "発生日時　　時": 13, "発生日時　　分": 6, "昼夜": 12, "日の出時刻　　時": 5, "日の出時刻　　分": 37, "日の入り時刻　　時": 18, "日の入り時刻　　分": 48, "天候": 1, "地形": 3, "路面状態": 1, "道路形状": 0, "信号機": 7, "一時停止規制　標識（当事者A）": 0, "一時停止規制　表示（当事者A）": 0, "一時停止規制　標識（当事者B）": 0, "一時停止規制　表示（当事者B）": 0, "車道幅員": 0, "道路線形": 0, "衝突地点": 20, "ゾーン規制": 70, "中央分離帯施設等": 0, "歩車道区分": 4, "事故類型": 1, "年齢（当事者A）": 45, "年齢（当事者B）": 75, "当事者種別（当事者A）": 4, "当事者種別（当事者B）": 61, "用途別（当事者A）": 31, "用途別（当事者B）": 0, "車両形状等（当事者A）": 1, "車両形状等（当事者B）": 0, "オートマチック車（当事者A）": 1, "オートマチック車（当事者B）": 0, "サポカー（当事者A）": 11, "サポカー（当事者B）": 0, "速度規制（指定のみ）（当事者A）": 10, "速度規制（指定のみ）（当事者B）": 0, "車両の衝突部位（当事者A）": 30, "車両の衝突部位（当事者B）": 0, "車両の損壊程度（当事者A）": 4, "車両の損壊程度（当事者B）": 0, "エアバッグの装備（当事者A）": 2, "エアバッグの装備（当事者B）": 0, "サイドエアバッグの装備（当事者A）": 2, "サイドエアバッグの装備（当事者B）": 0, "人身損傷程度（当事者A）": 4, "人身損傷程度（当事者B）": 2, "地点　緯度（北緯）": 34.56865778, "地点　経度（東経）": 133.2374692, "曜日(発生年月日)": 6, "祝日(発生年月日)": 3, "認知機能検査経過日数（当事者A）": 9999, "認知機能検査経過日数（当事者B）": 0, "運転練習の方法（当事者A）": 1, "運転練習の方法（当事者B）": 0, "field_69": null }, "geometry": { "type": "Point", "coordinates": [ 133.2374692, 34.56865778 ] } },
{ "type": "Feature", "properties": { "資料区分": 1, "都道府県コード": 73, "警察署等コード": 124, "本票番号": 26, "事故内容": 2, "死者数": 0, "負傷者数": 1, "路線コード": 37240, "地点コード": 0, "市区町村コード": 209, "発生日時　　年": 2024, "発生日時　　月": 8, "発生日時　　日": 5, "発生日時　　時": 14, "発生日時　　分": 35, "昼夜": 12, "日の出時刻　　時": 5, "日の出時刻　　分": 24, "日の入り時刻　　時": 19, "日の入り時刻　　分": 8, "天候": 1, "地形": 3, "路面状態": 1, "道路形状": 1, "信号機": 7, "一時停止規制　標識（当事者A）": 9, "一時停止規制　表示（当事者A）": 22, "一時停止規制　標識（当事者B）": 0, "一時停止規制　表示（当事者B）": 0, "車道幅員": 14, "道路線形": 9, "衝突地点": 30, "ゾーン規制": 70, "中央分離帯施設等": 4, "歩車道区分": 2, "事故類型": 1, "年齢（当事者A）": 1, "年齢（当事者B）": 35, "当事者種別（当事者A）": 4, "当事者種別（当事者B）": 61, "用途別（当事者A）": 31, "用途別（当事者B）": 0, "車両形状等（当事者A）": 1, "車両形状等（当事者B）": 0, "オートマチック車（当事者A）": 1, "オートマチック車（当事者B）": 0, "サポカー（当事者A）": 11, "サポカー（当事者B）": 0, "速度規制（指定のみ）（当事者A）": 3, "速度規制（指定のみ）（当事者B）": 0, "車両の衝突部位（当事者A）": 10, "車両の衝突部位（当事者B）": 0, "車両の損壊程度（当事者A）": 3, "車両の損壊程度（当事者B）": 0, "エアバッグの装備（当事者A）": 2, "エアバッグの装備（当事者B）": 0, "サイドエアバッグの装備（当事者A）": 2, "サイドエアバッグの装備（当事者B）": 0, "人身損傷程度（当事者A）": 4, "人身損傷程度（当事者B）": 2, "地点　緯度（北緯）": 34.80466778, "地点　経度（東経）": 132.8577336, "曜日(発生年月日)": 2, "祝日(発生年月日)": 3, "認知機能検査経過日数（当事者A）": 9999, "認知機能検査経過日数（当事者B）": 0, "運転練習の方法（当事者A）": 1, "運転練習の方法（当事者B）": 0, "field_69": null }, "geometry": { "type": "Point", "coordinates": [ 132.857733599999989, 34.80466778 ] } },
{ "type": "Feature", "properties": { "資料区分": 1, "都道府県コード": 73, "警察署等コード": 126, "本票番号": 162, "事故内容": 2, "死者数": 0, "負傷者数": 1, "路線コード": 37260, "地点コード": 0, "市区町村コード": 105, "発生日時　　年": 2024, "発生日時　　月": 5, "発生日時　　日": 27, "発生日時　　時": 7, "発生日時　　分": 17, "昼夜": 12, "日の出時刻　　時": 5, "日の出時刻　　分": 1, "日の入り時刻　　時": 19, "日の入り時刻　　分": 14, "天候": 3, "地形": 2, "路面状態": 2, "道路形状": 1, "信号機": 1, "一時停止規制　標識（当事者A）": 9, "一時停止規制　表示（当事者A）": 22, "一時停止規制　標識（当事者B）": 0, "一時停止規制　表示（当事者B）": 0, "車道幅員": 18, "道路線形": 9, "衝突地点": 30, "ゾーン規制": 70, "中央分離帯施設等": 1, "歩車道区分": 2, "事故類型": 1, "年齢（当事者A）": 25, "年齢（当事者B）": 55, "当事者種別（当事者A）": 17, "当事者種別（当事者B）": 61, "用途別（当事者A）": 31, "用途別（当事者B）": 0, "車両形状等（当事者A）": 11, "車両形状等（当事者B）": 0, "オートマチック車（当事者A）": 2, "オートマチック車（当事者B）": 0, "サポカー（当事者A）": 11, "サポカー（当事者B）": 0, "速度規制（指定のみ）（当事者A）": 3, "速度規制（指定のみ）（当事者B）": 0, "車両の衝突部位（当事者A）": 10, "車両の衝突部位（当事者B）": 0, "車両の損壊程度（当事者A）": 3, "車両の損壊程度（当事者B）": 0, "エアバッグの装備（当事者A）": 2, "エアバッグの装備（当事者B）": 0, "サイドエアバッグの装備（当事者A）": 2, "サイドエアバッグの装備（当事者B）": 0, "人身損傷程度（当事者A）": 4, "人身損傷程度（当事者B）": 2, "地点　緯度（北緯）": 34.43596778, "地点　経度（東経）": 132.4541722, "曜日(発生年月日)": 2, "祝日(発生年月日)": 3, "認知機能検査経過日数（当事者A）": 9999, "認知機能検査経過日数（当事者B）": 0, "運転練習の方法（当事者A）": 1, "運転練習の方法（当事者B）": 0, "field_69": null }, "geometry": { "type": "Point", "coordinates": [ 132.454172199999988, 34.43596778 ] } },
{ "type": "Feature", "properties": { "資料区分": 1, "都道府県コード": 73, "警察署等コード": 126, "本票番号": 209, "事故内容": 2, "死者数": 0, "負傷者数": 1, "路線コード": 99000, "地点コード": 0, "市区町村コード": 105, "発生日時　　年": 2024, "発生日時　　月": 7, "発生日時　　日": 28, "発生日時　　時": 17, "発生日時　　分": 27, "昼夜": 12, "日の出時刻　　時": 5, "日の出時刻　　分": 18, "日の入り時刻　　時": 19, "日の入り時刻　　分": 15, "天候": 1, "地形": 2, "路面状態": 1, "道路形状": 0, "信号機": 7, "一時停止規制　標識（当事者A）": 0, "一時停止規制　表示（当事者A）": 0, "一時停止規制　標識（当事者B）": 0, "一時停止規制　表示（当事者B）": 0, "車道幅員": 0, "道路線形": 0, "衝突地点": 20, "ゾーン規制": 70, "中央分離帯施設等": 0, "歩車道区分": 4, "事故類型": 1, "年齢（当事者A）": 75, "年齢（当事者B）": 1, "当事者種別（当事者A）": 4, "当事者種別（当事者B）": 61, "用途別（当事者A）": 31, "用途別（当事者B）": 0, "車両形状等（当事者A）": 1, "車両形状等（当事者B）": 0, "オートマチック車（当事者A）": 1, "オートマチック車（当事者B）": 0, "サポカー（当事者A）": 11, "サポカー（当事者B）": 0, "速度規制（指定のみ）（当事者A）": 10, "速度規制（指定のみ）（当事者B）": 0, "車両の衝突部位（当事者A）": 40, "車両の衝突部位（当事者B）": 0, "車両の損壊程度（当事者A）": 4, "車両の損壊程度（当事者B）": 0, "エアバッグの装備（当事者A）": 2, "エアバッグの装備（当事者B）": 0, "サイドエアバッグの装備（当事者A）": 2, "サイドエアバッグの装備（当事者B）": 0, "人身損傷程度（当事者A）": 4, "人身損傷程度（当事者B）": 2, "地点　緯度（北緯）": 34.45867639, "地点　経度（東経）": 132.4734619, "曜日(発生年月日)": 1, "祝日(発生年月日)": 3, "認知機能検査経過日数（当事者A）": 100, "認知機能検査経過日数（当事者B）": 0, "運転練習の方法（当事者A）": 9, "運転練習の方法（当事者B）": 0, "field_69": null }, "geometry": { "type": "Point", "coordinates": [ 132.4734619, 34.45867639 ] } },
{ "type": "Feature", "properties": { "資料区分": 1, "都道府県コード": 73, "警察署等コード": 126, "本票番号": 210, "事故内容": 2, "死者数": 0, "負傷者数": 1, "路線コード": 24590, "地点コード": 0, "市区町村コード": 105, "発生日時　　年": 2024, "発生日時　　月": 7, "発生日時　　日": 29, "発生日時　　時": 11, "発生日時　　分": 30, "昼夜": 12, "日の出時刻　　時": 5, "日の出時刻　　分": 18, "日の入り時刻　　時": 19, "日の入り時刻　　分": 14, "天候": 1, "地形": 1, "路面状態": 1, "道路形状": 1, "信号機": 7, "一時停止規制　標識（当事者A）": 9, "一時停止規制　表示（当事者A）": 22, "一時停止規制　標識（当事者B）": 0, "一時停止規制　表示（当事者B）": 0, "車道幅員": 11, "道路線形": 9, "衝突地点": 30, "ゾーン規制": 70, "中央分離帯施設等": 5, "歩車道区分": 3, "事故類型": 1, "年齢（当事者A）": 75, "年齢（当事者B）": 35, "当事者種別（当事者A）": 14, "当事者種別（当事者B）": 61, "用途別（当事者A）": 31, "用途別（当事者B）": 0, "車両形状等（当事者A）": 11, "車両形状等（当事者B）": 0, "オートマチック車（当事者A）": 1, "オートマチック車（当事者B）": 0, "サポカー（当事者A）": 11, "サポカー（当事者B）": 0, "速度規制（指定のみ）（当事者A）": 2, "速度規制（指定のみ）（当事者B）": 0, "車両の衝突部位（当事者A）": 10, "車両の衝突部位（当事者B）": 0, "車両の損壊程度（当事者A）": 3, "車両の損壊程度（当事者B）": 0, "エアバッグの装備（当事者A）": 2, "エアバッグの装備（当事者B）": 0, "サイドエアバッグの装備（当事者A）": 2, "サイドエアバッグの装備（当事者B）": 0, "人身損傷程度（当事者A）": 4, "人身損傷程度（当事者B）": 2, "地点　緯度（北緯）": 34.46137722, "地点　経度（東経）": 132.4871322, "曜日(発生年月日)": 2, "祝日(発生年月日)": 3, "認知機能検査経過日数（当事者A）": 656, "認知機能検査経過日数（当事者B）": 0, "運転練習の方法（当事者A）": 9, "運転練習の方法（当事者B）": 0, "field_69": null }, "geometry": { "type": "Point", "coordinates": [ 132.4871322, 34.46137722 ] } },
{ "type": "Feature", "properties": { "資料区分": 1, "都道府県コード": 73, "警察署等コード": 126, "本票番号": 223, "事故内容": 2, "死者数": 0, "負傷者数": 1, "路線コード": 99000, "地点コード": 0, "市区町村コード": 105, "発生日時　　年": 2024, "発生日時　　月": 8, "発生日時　　日": 3, "発生日時　　時": 14, "発生日時　　分": 36, "昼夜": 12, "日の出時刻　　時": 5, "日の出時刻　　分": 22, "日の入り時刻　　時": 19, "日の入り時刻　　分": 10, "天候": 1, "地形": 2, "路面状態": 1, "道路形状": 0, "信号機": 7, "一時停止規制　標識（当事者A）": 0, "一時停止規制　表示（当事者A）": 0, "一時停止規制　標識（当事者B）": 0, "一時停止規制　表示（当事者B）": 0, "車道幅員": 0, "道路線形": 0, "衝突地点": 20, "ゾーン規制": 70, "中央分離帯施設等": 0, "歩車道区分": 4, "事故類型": 1, "年齢（当事者A）": 65, "年齢（当事者B）": 45, "当事者種別（当事者A）": 4, "当事者種別（当事者B）": 61, "用途別（当事者A）": 31, "用途別（当事者B）": 0, "車両形状等（当事者A）": 1, "車両形状等（当事者B）": 0, "オートマチック車（当事者A）": 1, "オートマチック車（当事者B）": 0, "サポカー（当事者A）": 11, "サポカー（当事者B）": 0, "速度規制（指定のみ）（当事者A）": 10, "速度規制（指定のみ）（当事者B）": 0, "車両の衝突部位（当事者A）": 50, "車両の衝突部位（当事者B）": 0, "車両の損壊程度（当事者A）": 3, "車両の損壊程度（当事者B）": 0, "エアバッグの装備（当事者A）": 2, "エアバッグの装備（当事者B）": 0, "サイドエアバッグの装備（当事者A）": 2, "サイドエアバッグの装備（当事者B）": 0, "人身損傷程度（当事者A）": 4, "人身損傷程度（当事者B）": 2, "地点　緯度（北緯）": 34.46611111, "地点　経度（東経）": 132.4761111, "曜日(発生年月日)": 7, "祝日(発生年月日)": 3, "認知機能検査経過日数（当事者A）": 9999, "認知機能検査経過日数（当事者B）": 0, "運転練習の方法（当事者A）": 9, "運転練習の方法（当事者B）": 0, "field_69": null }, "geometry": { "type": "Point", "coordinates": [ 132.4761111, 34.46611111 ] } },
{ "type": "Feature", "properties": { "資料区分": 1, "都道府県コード": 73, "警察署等コード": 127, "本票番号": 176, "事故内容": 2, "死者数": 0, "負傷者数": 1, "路線コード": 37270, "地点コード": 0, "市区町村コード": 104, "発生日時　　年": 2023, "発生日時　　月": 10, "発生日時　　日": 16, "発生日時　　時": 16, "発生日時　　分": 27, "昼夜": 12, "日の出時刻　　時": 6, "日の出時刻　　分": 16, "日の入り時刻　　時": 17, "日の入り時刻　　分": 35, "天候": 1, "地形": 1, "路面状態": 1, "道路形状": 7, "信号機": 7, "一時停止規制　標識（当事者A）": 0, "一時停止規制　表示（当事者A）": 0, "一時停止規制　標識（当事者B）": 0, "一時停止規制　表示（当事者B）": 0, "車道幅員": 2, "道路線形": 9, "衝突地点": 1, "ゾーン規制": 70, "中央分離帯施設等": 5, "歩車道区分": 2, "事故類型": 1, "年齢（当事者A）": 55, "年齢（当事者B）": 1, "当事者種別（当事者A）": 3, "当事者種別（当事者B）": 61, "用途別（当事者A）": 31, "用途別（当事者B）": 0, "車両形状等（当事者A）": 1, "車両形状等（当事者B）": 0, "オートマチック車（当事者A）": 1, "オートマチック車（当事者B）": 0, "サポカー（当事者A）": 11, "サポカー（当事者B）": 0, "速度規制（指定のみ）（当事者A）": 10, "速度規制（指定のみ）（当事者B）": 0, "車両の衝突部位（当事者A）": 70, "車両の衝突部位（当事者B）": 0, "車両の損壊程度（当事者A）": 4, "車両の損壊程度（当事者B）": 0, "エアバッグの装備（当事者A）": 2, "エアバッグの装備（当事者B）": 0, "サイドエアバッグの装備（当事者A）": 2, "サイドエアバッグの装備（当事者B）": 0, "人身損傷程度（当事者A）": 4, "人身損傷程度（当事者B）": 2, "地点　緯度（北緯）": 34.37479222, "地点　経度（東経）": 132.3948317, "曜日(発生年月日)": 2, "祝日(発生年月日)": 3, "認知機能検査経過日数（当事者A）": 9999, "認知機能検査経過日数（当事者B）": 0, "運転練習の方法（当事者A）": 9, "運転練習の方法（当事者B）": 0, "field_69": null }, "geometry": { "type": "Point", "coordinates": [ 132.3948317, 34.37479222 ] } },
{ "type": "Feature", "properties": { "資料区分": 1, "都道府県コード": 73, "警察署等コード": 128, "本票番号": 131, "事故内容": 2, "死者数": 0, "負傷者数": 1, "路線コード": 21810, "地点コード": 0, "市区町村コード": 207, "発生日時　　年": 2024, "発生日時　　月": 5, "発生日時　　日": 30, "発生日時　　時": 8, "発生日時　　分": 10, "昼夜": 12, "日の出時刻　　時": 5, "日の出時刻　　分": 0, "日の入り時刻　　時": 19, "日の入り時刻　　分": 16, "天候": 1, "地形": 3, "路面状態": 1, "道路形状": 14, "信号機": 7, "一時停止規制　標識（当事者A）": 0, "一時停止規制　表示（当事者A）": 0, "一時停止規制　標識（当事者B）": 0, "一時停止規制　表示（当事者B）": 0, "車道幅員": 1, "道路線形": 9, "衝突地点": 1, "ゾーン規制": 70, "中央分離帯施設等": 5, "歩車道区分": 3, "事故類型": 1, "年齢（当事者A）": 1, "年齢（当事者B）": 0, "当事者種別（当事者A）": 61, "当事者種別（当事者B）": 0, "用途別（当事者A）": 0, "用途別（当事者B）": 0, "車両形状等（当事者A）": 0, "車両形状等（当事者B）": 0, "オートマチック車（当事者A）": 0, "オートマチック車（当事者B）": 0, "サポカー（当事者A）": 0, "サポカー（当事者B）": 0, "速度規制（指定のみ）（当事者A）": 0, "速度規制（指定のみ）（当事者B）": 0, "車両の衝突部位（当事者A）": 0, "車両の衝突部位（当事者B）": 0, "車両の損壊程度（当事者A）": 0, "車両の損壊程度（当事者B）": 0, "エアバッグの装備（当事者A）": 0, "エアバッグの装備（当事者B）": 0, "サイドエアバッグの装備（当事者A）": 0, "サイドエアバッグの装備（当事者B）": 0, "人身損傷程度（当事者A）": 2, "人身損傷程度（当事者B）": 0, "地点　緯度（北緯）": 34.54908056, "地点　経度（東経）": 133.2937167, "曜日(発生年月日)": 5, "祝日(発生年月日)": 3, "認知機能検査経過日数（当事者A）": 0, "認知機能検査経過日数（当事者B）": 0, "運転練習の方法（当事者A）": 0, "運転練習の方法（当事者B）": 0, "field_69": null }, "geometry": { "type": "Point", "coordinates": [ 133.2937167, 34.54908056 ] } },
{ "type": "Feature", "properties": { "資料区分": 1, "都道府県コード": 73, "警察署等コード": 129, "本票番号": 84, "事故内容": 2, "死者数": 0, "負傷者数": 1, "路線コード": 20, "地点コード": 3492, "市区町村コード": 108, "発生日時　　年": 2024, "発生日時　　月": 4, "発生日時　　日": 22, "発生日時　　時": 20, "発生日時　　分": 5, "昼夜": 22, "日の出時刻　　時": 5, "日の出時刻　　分": 30, "日の入り時刻　　時": 18, "日の入り時刻　　分": 47, "天候": 2, "地形": 1, "路面状態": 1, "道路形状": 1, "信号機": 1, "一時停止規制　標識（当事者A）": 9, "一時停止規制　表示（当事者A）": 22, "一時停止規制　標識（当事者B）": 0, "一時停止規制　表示（当事者B）": 0, "車道幅員": 15, "道路線形": 9, "衝突地点": 30, "ゾーン規制": 70, "中央分離帯施設等": 5, "歩車道区分": 2, "事故類型": 1, "年齢（当事者A）": 75, "年齢（当事者B）": 25, "当事者種別（当事者A）": 14, "当事者種別（当事者B）": 61, "用途別（当事者A）": 31, "用途別（当事者B）": 0, "車両形状等（当事者A）": 11, "車両形状等（当事者B）": 0, "オートマチック車（当事者A）": 1, "オートマチック車（当事者B）": 0, "サポカー（当事者A）": 11, "サポカー（当事者B）": 0, "速度規制（指定のみ）（当事者A）": 3, "速度規制（指定のみ）（当事者B）": 0, "車両の衝突部位（当事者A）": 50, "車両の衝突部位（当事者B）": 0, "車両の損壊程度（当事者A）": 3, "車両の損壊程度（当事者B）": 0, "エアバッグの装備（当事者A）": 2, "エアバッグの装備（当事者B）": 0, "サイドエアバッグの装備（当事者A）": 2, "サイドエアバッグの装備（当事者B）": 0, "人身損傷程度（当事者A）": 4, "人身損傷程度（当事者B）": 2, "地点　緯度（北緯）": 34.36052389, "地点　経度（東経）": 132.3454497, "曜日(発生年月日)": 2, "祝日(発生年月日)": 3, "認知機能検査経過日数（当事者A）": 213, "認知機能検査経過日数（当事者B）": 0, "運転練習の方法（当事者A）": 9, "運転練習の方法（当事者B）": 0, "field_69": null }, "geometry": { "type": "Point", "coordinates": [ 132.345449699999989, 34.36052389 ] } },
{ "type": "Feature", "properties": { "資料区分": 1, "都道府県コード": 73, "警察署等コード": 129, "本票番号": 135, "事故内容": 2, "死者数": 0, "負傷者数": 1, "路線コード": 99000, "地点コード": 0, "市区町村コード": 108, "発生日時　　年": 2024, "発生日時　　月": 8, "発生日時　　日": 17, "発生日時　　時": 4, "発生日時　　分": 52, "昼夜": 23, "日の出時刻　　時": 5, "日の出時刻　　分": 32, "日の入り時刻　　時": 18, "日の入り時刻　　分": 56, "天候": 1, "地形": 2, "路面状態": 1, "道路形状": 0, "信号機": 7, "一時停止規制　標識（当事者A）": 0, "一時停止規制　表示（当事者A）": 0, "一時停止規制　標識（当事者B）": 0, "一時停止規制　表示（当事者B）": 0, "車道幅員": 0, "道路線形": 0, "衝突地点": 20, "ゾーン規制": 70, "中央分離帯施設等": 0, "歩車道区分": 4, "事故類型": 1, "年齢（当事者A）": 1, "年齢（当事者B）": 35, "当事者種別（当事者A）": 3, "当事者種別（当事者B）": 61, "用途別（当事者A）": 31, "用途別（当事者B）": 0, "車両形状等（当事者A）": 1, "車両形状等（当事者B）": 0, "オートマチック車（当事者A）": 1, "オートマチック車（当事者B）": 0, "サポカー（当事者A）": 11, "サポカー（当事者B）": 0, "速度規制（指定のみ）（当事者A）": 10, "速度規制（指定のみ）（当事者B）": 0, "車両の衝突部位（当事者A）": 30, "車両の衝突部位（当事者B）": 0, "車両の損壊程度（当事者A）": 3, "車両の損壊程度（当事者B）": 0, "エアバッグの装備（当事者A）": 2, "エアバッグの装備（当事者B）": 0, "サイドエアバッグの装備（当事者A）": 2, "サイドエアバッグの装備（当事者B）": 0, "人身損傷程度（当事者A）": 4, "人身損傷程度（当事者B）": 2, "地点　緯度（北緯）": 34.3740325, "地点　経度（東経）": 132.3577689, "曜日(発生年月日)": 7, "祝日(発生年月日)": 3, "認知機能検査経過日数（当事者A）": 9999, "認知機能検査経過日数（当事者B）": 0, "運転練習の方法（当事者A）": 1, "運転練習の方法（当事者B）": 0, "field_69": null }, "geometry": { "type": "Point", "coordinates": [ 132.3577689, 34.3740325 ] } },
{ "type": "Feature", "properties": { "資料区分": 1, "都道府県コード": 73, "警察署等コード": 101, "本票番号": 151, "事故内容": 2, "死者数": 0, "負傷者数": 1, "路線コード": 37010, "地点コード": 0, "市区町村コード": 102, "発生日時　　年": 2024, "発生日時　　月": 8, "発生日時　　日": 17, "発生日時　　時": 14, "発生日時　　分": 55, "昼夜": 12, "日の出時刻　　時": 5, "日の出時刻　　分": 32, "日の入り時刻　　時": 18, "日の入り時刻　　分": 56, "天候": 1, "地形": 1, "路面状態": 1, "道路形状": 14, "信号機": 7, "一時停止規制　標識（当事者A）": 0, "一時停止規制　表示（当事者A）": 0, "一時停止規制　標識（当事者B）": 0, "一時停止規制　表示（当事者B）": 0, "車道幅員": 3, "道路線形": 8, "衝突地点": 1, "ゾーン規制": 70, "中央分離帯施設等": 5, "歩車道区分": 4, "事故類型": 1, "年齢（当事者A）": 75, "年齢（当事者B）": 55, "当事者種別（当事者A）": 51, "当事者種別（当事者B）": 61, "用途別（当事者A）": 41, "用途別（当事者B）": 0, "車両形状等（当事者A）": 0, "車両形状等（当事者B）": 0, "オートマチック車（当事者A）": 0, "オートマチック車（当事者B）": 0, "サポカー（当事者A）": 0, "サポカー（当事者B）": 0, "速度規制（指定のみ）（当事者A）": 0, "速度規制（指定のみ）（当事者B）": 0, "車両の衝突部位（当事者A）": 10, "車両の衝突部位（当事者B）": 0, "車両の損壊程度（当事者A）": 3, "車両の損壊程度（当事者B）": 0, "エアバッグの装備（当事者A）": 0, "エアバッグの装備（当事者B）": 0, "サイドエアバッグの装備（当事者A）": 0, "サイドエアバッグの装備（当事者B）": 0, "人身損傷程度（当事者A）": 4, "人身損傷程度（当事者B）": 2, "地点　緯度（北緯）": 34.40900444, "地点　経度（東経）": 132.5034414, "曜日(発生年月日)": 7, "祝日(発生年月日)": 3, "認知機能検査経過日数（当事者A）": 0, "認知機能検査経過日数（当事者B）": 0, "運転練習の方法（当事者A）": 0, "運転練習の方法（当事者B）": 0, "field_69": null }, "geometry": { "type": "Point", "coordinates": [ 132.503441400000014, 34.40900444 ] } },
{ "type": "Feature", "properties": { "資料区分": 1, "都道府県コード": 73, "警察署等コード": 101, "本票番号": 153, "事故内容": 2, "死者数": 0, "負傷者数": 1, "路線コード": 14840, "地点コード": 0, "市区町村コード": 302, "発生日時　　年": 2024, "発生日時　　月": 8, "発生日時　　日": 1, "発生日時　　時": 17, "発生日時　　分": 45, "昼夜": 12, "日の出時刻　　時": 5, "日の出時刻　　分": 21, "日の入り時刻　　時": 19, "日の入り時刻　　分": 12, "天候": 1, "地形": 1, "路面状態": 1, "道路形状": 1, "信号機": 7, "一時停止規制　標識（当事者A）": 9, "一時停止規制　表示（当事者A）": 22, "一時停止規制　標識（当事者B）": 0, "一時停止規制　表示（当事者B）": 0, "車道幅員": 15, "道路線形": 8, "衝突地点": 30, "ゾーン規制": 70, "中央分離帯施設等": 5, "歩車道区分": 2, "事故類型": 1, "年齢（当事者A）": 75, "年齢（当事者B）": 1, "当事者種別（当事者A）": 4, "当事者種別（当事者B）": 61, "用途別（当事者A）": 31, "用途別（当事者B）": 0, "車両形状等（当事者A）": 1, "車両形状等（当事者B）": 0, "オートマチック車（当事者A）": 1, "オートマチック車（当事者B）": 0, "サポカー（当事者A）": 11, "サポカー（当事者B）": 0, "速度規制（指定のみ）（当事者A）": 10, "速度規制（指定のみ）（当事者B）": 0, "車両の衝突部位（当事者A）": 50, "車両の衝突部位（当事者B）": 0, "車両の損壊程度（当事者A）": 3, "車両の損壊程度（当事者B）": 0, "エアバッグの装備（当事者A）": 2, "エアバッグの装備（当事者B）": 0, "サイドエアバッグの装備（当事者A）": 2, "サイドエアバッグの装備（当事者B）": 0, "人身損傷程度（当事者A）": 4, "人身損傷程度（当事者B）": 2, "地点　緯度（北緯）": 34.39417611, "地点　経度（東経）": 132.5170211, "曜日(発生年月日)": 5, "祝日(発生年月日)": 3, "認知機能検査経過日数（当事者A）": 80, "認知機能検査経過日数（当事者B）": 0, "運転練習の方法（当事者A）": 9, "運転練習の方法（当事者B）": 0, "field_69": null }, "geometry": { "type": "Point", "coordinates": [ 132.5170211, 34.39417611 ] } },
{ "type": "Feature", "properties": { "資料区分": 1, "都道府県コード": 73, "警察署等コード": 101, "本票番号": 154, "事故内容": 2, "死者数": 0, "負傷者数": 1, "路線コード": 37010, "地点コード": 0, "市区町村コード": 102, "発生日時　　年": 2024, "発生日時　　月": 8, "発生日時　　日": 25, "発生日時　　時": 21, "発生日時　　分": 59, "昼夜": 22, "日の出時刻　　時": 5, "日の出時刻　　分": 38, "日の入り時刻　　時": 18, "日の入り時刻　　分": 46, "天候": 1, "地形": 1, "路面状態": 1, "道路形状": 1, "信号機": 7, "一時停止規制　標識（当事者A）": 9, "一時停止規制　表示（当事者A）": 22, "一時停止規制　標識（当事者B）": 0, "一時停止規制　表示（当事者B）": 0, "車道幅員": 15, "道路線形": 9, "衝突地点": 30, "ゾーン規制": 70, "中央分離帯施設等": 5, "歩車道区分": 3, "事故類型": 1, "年齢（当事者A）": 35, "年齢（当事者B）": 55, "当事者種別（当事者A）": 3, "当事者種別（当事者B）": 61, "用途別（当事者A）": 31, "用途別（当事者B）": 0, "車両形状等（当事者A）": 1, "車両形状等（当事者B）": 0, "オートマチック車（当事者A）": 1, "オートマチック車（当事者B）": 0, "サポカー（当事者A）": 11, "サポカー（当事者B）": 0, "速度規制（指定のみ）（当事者A）": 10, "速度規制（指定のみ）（当事者B）": 0, "車両の衝突部位（当事者A）": 0, "車両の衝突部位（当事者B）": 0, "車両の損壊程度（当事者A）": 4, "車両の損壊程度（当事者B）": 0, "エアバッグの装備（当事者A）": 2, "エアバッグの装備（当事者B）": 0, "サイドエアバッグの装備（当事者A）": 2, "サイドエアバッグの装備（当事者B）": 0, "人身損傷程度（当事者A）": 4, "人身損傷程度（当事者B）": 2, "地点　緯度（北緯）": 34.3973475, "地点　経度（東経）": 132.4791092, "曜日(発生年月日)": 1, "祝日(発生年月日)": 3, "認知機能検査経過日数（当事者A）": 9999, "認知機能検査経過日数（当事者B）": 0, "運転練習の方法（当事者A）": 1, "運転練習の方法（当事者B）": 0, "field_69": null }, "geometry": { "type": "Point", "coordinates": [ 132.479109200000011, 34.3973475 ] } },
{ "type": "Feature", "properties": { "資料区分": 1, "都道府県コード": 73, "警察署等コード": 101, "本票番号": 155, "事故内容": 2, "死者数": 0, "負傷者数": 1, "路線コード": 37010, "地点コード": 0, "市区町村コード": 102, "発生日時　　年": 2024, "発生日時　　月": 8, "発生日時　　日": 26, "発生日時　　時": 16, "発生日時　　分": 44, "昼夜": 12, "日の出時刻　　時": 5, "日の出時刻　　分": 39, "日の入り時刻　　時": 18, "日の入り時刻　　分": 44, "天候": 1, "地形": 1, "路面状態": 1, "道路形状": 7, "信号機": 1, "一時停止規制　標識（当事者A）": 0, "一時停止規制　表示（当事者A）": 0, "一時停止規制　標識（当事者B）": 0, "一時停止規制　表示（当事者B）": 0, "車道幅員": 5, "道路線形": 8, "衝突地点": 1, "ゾーン規制": 70, "中央分離帯施設等": 4, "歩車道区分": 2, "事故類型": 1, "年齢（当事者A）": 75, "年齢（当事者B）": 1, "当事者種別（当事者A）": 3, "当事者種別（当事者B）": 61, "用途別（当事者A）": 31, "用途別（当事者B）": 0, "車両形状等（当事者A）": 1, "車両形状等（当事者B）": 0, "オートマチック車（当事者A）": 1, "オートマチック車（当事者B）": 0, "サポカー（当事者A）": 11, "サポカー（当事者B）": 0, "速度規制（指定のみ）（当事者A）": 4, "速度規制（指定のみ）（当事者B）": 0, "車両の衝突部位（当事者A）": 10, "車両の衝突部位（当事者B）": 0, "車両の損壊程度（当事者A）": 3, "車両の損壊程度（当事者B）": 0, "エアバッグの装備（当事者A）": 2, "エアバッグの装備（当事者B）": 0, "サイドエアバッグの装備（当事者A）": 2, "サイドエアバッグの装備（当事者B）": 0, "人身損傷程度（当事者A）": 4, "人身損傷程度（当事者B）": 2, "地点　緯度（北緯）": 34.4101575, "地点　経度（東経）": 132.4680925, "曜日(発生年月日)": 2, "祝日(発生年月日)": 3, "認知機能検査経過日数（当事者A）": 538, "認知機能検査経過日数（当事者B）": 0, "運転練習の方法（当事者A）": 1, "運転練習の方法（当事者B）": 0, "field_69": null }, "geometry": { "type": "Point", "coordinates": [ 132.468092500000012, 34.4101575 ] } },
{ "type": "Feature", "properties": { "資料区分": 1, "都道府県コード": 73, "警察署等コード": 101, "本票番号": 162, "事故内容": 2, "死者数": 0, "負傷者数": 1, "路線コード": 21520, "地点コード": 0, "市区町村コード": 102, "発生日時　　年": 2024, "発生日時　　月": 9, "発生日時　　日": 6, "発生日時　　時": 15, "発生日時　　分": 5, "昼夜": 12, "日の出時刻　　時": 5, "日の出時刻　　分": 47, "日の入り時刻　　時": 18, "日の入り時刻　　分": 30, "天候": 1, "地形": 1, "路面状態": 1, "道路形状": 14, "信号機": 2, "一時停止規制　標識（当事者A）": 0, "一時停止規制　表示（当事者A）": 0, "一時停止規制　標識（当事者B）": 0, "一時停止規制　表示（当事者B）": 0, "車道幅員": 3, "道路線形": 7, "衝突地点": 1, "ゾーン規制": 70, "中央分離帯施設等": 4, "歩車道区分": 2, "事故類型": 1, "年齢（当事者A）": 35, "年齢（当事者B）": 1, "当事者種別（当事者A）": 14, "当事者種別（当事者B）": 61, "用途別（当事者A）": 31, "用途別（当事者B）": 0, "車両形状等（当事者A）": 11, "車両形状等（当事者B）": 0, "オートマチック車（当事者A）": 1, "オートマチック車（当事者B）": 0, "サポカー（当事者A）": 11, "サポカー（当事者B）": 0, "速度規制（指定のみ）（当事者A）": 3, "速度規制（指定のみ）（当事者B）": 0, "車両の衝突部位（当事者A）": 80, "車両の衝突部位（当事者B）": 0, "車両の損壊程度（当事者A）": 3, "車両の損壊程度（当事者B）": 0, "エアバッグの装備（当事者A）": 2, "エアバッグの装備（当事者B）": 0, "サイドエアバッグの装備（当事者A）": 2, "サイドエアバッグの装備（当事者B）": 0, "人身損傷程度（当事者A）": 4, "人身損傷程度（当事者B）": 2, "地点　緯度（北緯）": 34.42767278, "地点　経度（東経）": 132.4918511, "曜日(発生年月日)": 6, "祝日(発生年月日)": 3, "認知機能検査経過日数（当事者A）": 9999, "認知機能検査経過日数（当事者B）": 0, "運転練習の方法（当事者A）": 9, "運転練習の方法（当事者B）": 0, "field_69": null }, "geometry": { "type": "Point", "coordinates": [ 132.4918511, 34.42767278 ] } },
{ "type": "Feature", "properties": { "資料区分": 1, "都道府県コード": 73, "警察署等コード": 102, "本票番号": 277, "事故内容": 2, "死者数": 0, "負傷者数": 1, "路線コード": 37020, "地点コード": 0, "市区町村コード": 101, "発生日時　　年": 2024, "発生日時　　月": 8, "発生日時　　日": 10, "発生日時　　時": 9, "発生日時　　分": 53, "昼夜": 12, "日の出時刻　　時": 5, "日の出時刻　　分": 27, "日の入り時刻　　時": 19, "日の入り時刻　　分": 3, "天候": 1, "地形": 1, "路面状態": 1, "道路形状": 1, "信号機": 7, "一時停止規制　標識（当事者A）": 9, "一時停止規制　表示（当事者A）": 22, "一時停止規制　標識（当事者B）": 0, "一時停止規制　表示（当事者B）": 0, "車道幅員": 15, "道路線形": 9, "衝突地点": 30, "ゾーン規制": 70, "中央分離帯施設等": 5, "歩車道区分": 4, "事故類型": 1, "年齢（当事者A）": 35, "年齢（当事者B）": 65, "当事者種別（当事者A）": 4, "当事者種別（当事者B）": 61, "用途別（当事者A）": 31, "用途別（当事者B）": 0, "車両形状等（当事者A）": 1, "車両形状等（当事者B）": 0, "オートマチック車（当事者A）": 1, "オートマチック車（当事者B）": 0, "サポカー（当事者A）": 11, "サポカー（当事者B）": 0, "速度規制（指定のみ）（当事者A）": 10, "速度規制（指定のみ）（当事者B）": 0, "車両の衝突部位（当事者A）": 10, "車両の衝突部位（当事者B）": 0, "車両の損壊程度（当事者A）": 3, "車両の損壊程度（当事者B）": 0, "エアバッグの装備（当事者A）": 2, "エアバッグの装備（当事者B）": 0, "サイドエアバッグの装備（当事者A）": 2, "サイドエアバッグの装備（当事者B）": 0, "人身損傷程度（当事者A）": 4, "人身損傷程度（当事者B）": 2, "地点　緯度（北緯）": 34.38580528, "地点　経度（東経）": 132.4418108, "曜日(発生年月日)": 7, "祝日(発生年月日)": 2, "認知機能検査経過日数（当事者A）": 9999, "認知機能検査経過日数（当事者B）": 0, "運転練習の方法（当事者A）": 1, "運転練習の方法（当事者B）": 0, "field_69": null }, "geometry": { "type": "Point", "coordinates": [ 132.441810800000013, 34.38580528 ] } },
{ "type": "Feature", "properties": { "資料区分": 1, "都道府県コード": 73, "警察署等コード": 102, "本票番号": 290, "事故内容": 2, "死者数": 0, "負傷者数": 1, "路線コード": 1830, "地点コード": 0, "市区町村コード": 101, "発生日時　　年": 2024, "発生日時　　月": 6, "発生日時　　日": 29, "発生日時　　時": 17, "発生日時　　分": 55, "昼夜": 12, "日の出時刻　　時": 5, "日の出時刻　　分": 1, "日の入り時刻　　時": 19, "日の入り時刻　　分": 27, "天候": 3, "地形": 1, "路面状態": 2, "道路形状": 14, "信号機": 7, "一時停止規制　標識（当事者A）": 0, "一時停止規制　表示（当事者A）": 0, "一時停止規制　標識（当事者B）": 0, "一時停止規制　表示（当事者B）": 0, "車道幅員": 6, "道路線形": 9, "衝突地点": 1, "ゾーン規制": 70, "中央分離帯施設等": 4, "歩車道区分": 2, "事故類型": 1, "年齢（当事者A）": 55, "年齢（当事者B）": 55, "当事者種別（当事者A）": 51, "当事者種別（当事者B）": 61, "用途別（当事者A）": 41, "用途別（当事者B）": 0, "車両形状等（当事者A）": 0, "車両形状等（当事者B）": 0, "オートマチック車（当事者A）": 0, "オートマチック車（当事者B）": 0, "サポカー（当事者A）": 0, "サポカー（当事者B）": 0, "速度規制（指定のみ）（当事者A）": 0, "速度規制（指定のみ）（当事者B）": 0, "車両の衝突部位（当事者A）": 10, "車両の衝突部位（当事者B）": 0, "車両の損壊程度（当事者A）": 3, "車両の損壊程度（当事者B）": 0, "エアバッグの装備（当事者A）": 0, "エアバッグの装備（当事者B）": 0, "サイドエアバッグの装備（当事者A）": 0, "サイドエアバッグの装備（当事者B）": 0, "人身損傷程度（当事者A）": 4, "人身損傷程度（当事者B）": 2, "地点　緯度（北緯）": 34.40191556, "地点　経度（東経）": 132.4481906, "曜日(発生年月日)": 7, "祝日(発生年月日)": 3, "認知機能検査経過日数（当事者A）": 0, "認知機能検査経過日数（当事者B）": 0, "運転練習の方法（当事者A）": 0, "運転練習の方法（当事者B）": 0, "field_69": null }, "geometry": { "type": "Point", "coordinates": [ 132.4481906, 34.40191556 ] } },
{ "type": "Feature", "properties": { "資料区分": 1, "都道府県コード": 73, "警察署等コード": 102, "本票番号": 294, "事故内容": 2, "死者数": 0, "負傷者数": 1, "路線コード": 99000, "地点コード": 0, "市区町村コード": 101, "発生日時　　年": 2024, "発生日時　　月": 9, "発生日時　　日": 8, "発生日時　　時": 22, "発生日時　　分": 35, "昼夜": 22, "日の出時刻　　時": 5, "日の出時刻　　分": 48, "日の入り時刻　　時": 18, "日の入り時刻　　分": 27, "天候": 1, "地形": 1, "路面状態": 1, "道路形状": 0, "信号機": 7, "一時停止規制　標識（当事者A）": 0, "一時停止規制　表示（当事者A）": 0, "一時停止規制　標識（当事者B）": 0, "一時停止規制　表示（当事者B）": 0, "車道幅員": 0, "道路線形": 0, "衝突地点": 20, "ゾーン規制": 70, "中央分離帯施設等": 0, "歩車道区分": 2, "事故類型": 1, "年齢（当事者A）": 55, "年齢（当事者B）": 35, "当事者種別（当事者A）": 3, "当事者種別（当事者B）": 61, "用途別（当事者A）": 1, "用途別（当事者B）": 0, "車両形状等（当事者A）": 1, "車両形状等（当事者B）": 0, "オートマチック車（当事者A）": 1, "オートマチック車（当事者B）": 0, "サポカー（当事者A）": 11, "サポカー（当事者B）": 0, "速度規制（指定のみ）（当事者A）": 1, "速度規制（指定のみ）（当事者B）": 0, "車両の衝突部位（当事者A）": 30, "車両の衝突部位（当事者B）": 0, "車両の損壊程度（当事者A）": 3, "車両の損壊程度（当事者B）": 0, "エアバッグの装備（当事者A）": 2, "エアバッグの装備（当事者B）": 0, "サイドエアバッグの装備（当事者A）": 2, "サイドエアバッグの装備（当事者B）": 0, "人身損傷程度（当事者A）": 4, "人身損傷程度（当事者B）": 2, "地点　緯度（北緯）": 34.38168222, "地点　経度（東経）": 132.4484864, "曜日(発生年月日)": 1, "祝日(発生年月日)": 3, "認知機能検査経過日数（当事者A）": 9999, "認知機能検査経過日数（当事者B）": 0, "運転練習の方法（当事者A）": 9, "運転練習の方法（当事者B）": 0, "field_69": null }, "geometry": { "type": "Point", "coordinates": [ 132.4484864, 34.38168222 ] } },
{ "type": "Feature", "properties": { "資料区分": 1, "都道府県コード": 73, "警察署等コード": 102, "本票番号": 297, "事故内容": 2, "死者数": 0, "負傷者数": 1, "路線コード": 37020, "地点コード": 0, "市区町村コード": 101, "発生日時　　年": 2024, "発生日時　　月": 8, "発生日時　　日": 24, "発生日時　　時": 15, "発生日時　　分": 57, "昼夜": 12, "日の出時刻　　時": 5, "日の出時刻　　分": 38, "日の入り時刻　　時": 18, "日の入り時刻　　分": 47, "天候": 1, "地形": 1, "路面状態": 1, "道路形状": 1, "信号機": 7, "一時停止規制　標識（当事者A）": 9, "一時停止規制　表示（当事者A）": 22, "一時停止規制　標識（当事者B）": 0, "一時停止規制　表示（当事者B）": 0, "車道幅員": 11, "道路線形": 9, "衝突地点": 30, "ゾーン規制": 70, "中央分離帯施設等": 5, "歩車道区分": 2, "事故類型": 1, "年齢（当事者A）": 25, "年齢（当事者B）": 25, "当事者種別（当事者A）": 3, "当事者種別（当事者B）": 61, "用途別（当事者A）": 31, "用途別（当事者B）": 0, "車両形状等（当事者A）": 1, "車両形状等（当事者B）": 0, "オートマチック車（当事者A）": 1, "オートマチック車（当事者B）": 0, "サポカー（当事者A）": 11, "サポカー（当事者B）": 0, "速度規制（指定のみ）（当事者A）": 10, "速度規制（指定のみ）（当事者B）": 0, "車両の衝突部位（当事者A）": 30, "車両の衝突部位（当事者B）": 0, "車両の損壊程度（当事者A）": 4, "車両の損壊程度（当事者B）": 0, "エアバッグの装備（当事者A）": 2, "エアバッグの装備（当事者B）": 0, "サイドエアバッグの装備（当事者A）": 2, "サイドエアバッグの装備（当事者B）": 0, "人身損傷程度（当事者A）": 4, "人身損傷程度（当事者B）": 2, "地点　緯度（北緯）": 34.39508694, "地点　経度（東経）": 132.4562694, "曜日(発生年月日)": 7, "祝日(発生年月日)": 3, "認知機能検査経過日数（当事者A）": 9999, "認知機能検査経過日数（当事者B）": 0, "運転練習の方法（当事者A）": 1, "運転練習の方法（当事者B）": 0, "field_69": null }, "geometry": { "type": "Point", "coordinates": [ 132.4562694, 34.39508694 ] } },
{ "type": "Feature", "properties": { "資料区分": 1, "都道府県コード": 73, "警察署等コード": 102, "本票番号": 299, "事故内容": 2, "死者数": 0, "負傷者数": 1, "路線コード": 37020, "地点コード": 0, "市区町村コード": 101, "発生日時　　年": 2024, "発生日時　　月": 7, "発生日時　　日": 30, "発生日時　　時": 13, "発生日時　　分": 0, "昼夜": 12, "日の出時刻　　時": 5, "日の出時刻　　分": 19, "日の入り時刻　　時": 19, "日の入り時刻　　分": 14, "天候": 1, "地形": 1, "路面状態": 1, "道路形状": 1, "信号機": 1, "一時停止規制　標識（当事者A）": 9, "一時停止規制　表示（当事者A）": 22, "一時停止規制　標識（当事者B）": 0, "一時停止規制　表示（当事者B）": 0, "車道幅員": 15, "道路線形": 9, "衝突地点": 30, "ゾーン規制": 70, "中央分離帯施設等": 5, "歩車道区分": 2, "事故類型": 1, "年齢（当事者A）": 35, "年齢（当事者B）": 65, "当事者種別（当事者A）": 13, "当事者種別（当事者B）": 61, "用途別（当事者A）": 31, "用途別（当事者B）": 0, "車両形状等（当事者A）": 11, "車両形状等（当事者B）": 0, "オートマチック車（当事者A）": 1, "オートマチック車（当事者B）": 0, "サポカー（当事者A）": 11, "サポカー（当事者B）": 0, "速度規制（指定のみ）（当事者A）": 3, "速度規制（指定のみ）（当事者B）": 0, "車両の衝突部位（当事者A）": 10, "車両の衝突部位（当事者B）": 0, "車両の損壊程度（当事者A）": 3, "車両の損壊程度（当事者B）": 0, "エアバッグの装備（当事者A）": 2, "エアバッグの装備（当事者B）": 0, "サイドエアバッグの装備（当事者A）": 2, "サイドエアバッグの装備（当事者B）": 0, "人身損傷程度（当事者A）": 4, "人身損傷程度（当事者B）": 2, "地点　緯度（北緯）": 34.39420667, "地点　経度（東経）": 132.468915, "曜日(発生年月日)": 3, "祝日(発生年月日)": 3, "認知機能検査経過日数（当事者A）": 9999, "認知機能検査経過日数（当事者B）": 0, "運転練習の方法（当事者A）": 1, "運転練習の方法（当事者B）": 0, "field_69": null }, "geometry": { "type": "Point", "coordinates": [ 132.468915, 34.39420667 ] } },
{ "type": "Feature", "properties": { "資料区分": 1, "都道府県コード": 73, "警察署等コード": 102, "本票番号": 300, "事故内容": 2, "死者数": 0, "負傷者数": 1, "路線コード": 37020, "地点コード": 0, "市区町村コード": 101, "発生日時　　年": 2024, "発生日時　　月": 9, "発生日時　　日": 23, "発生日時　　時": 17, "発生日時　　分": 45, "昼夜": 13, "日の出時刻　　時": 5, "日の出時刻　　分": 59, "日の入り時刻　　時": 18, "日の入り時刻　　分": 6, "天候": 1, "地形": 1, "路面状態": 1, "道路形状": 14, "信号機": 7, "一時停止規制　標識（当事者A）": 0, "一時停止規制　表示（当事者A）": 0, "一時停止規制　標識（当事者B）": 0, "一時停止規制　表示（当事者B）": 0, "車道幅員": 3, "道路線形": 9, "衝突地点": 1, "ゾーン規制": 70, "中央分離帯施設等": 5, "歩車道区分": 3, "事故類型": 1, "年齢（当事者A）": 75, "年齢（当事者B）": 35, "当事者種別（当事者A）": 3, "当事者種別（当事者B）": 61, "用途別（当事者A）": 31, "用途別（当事者B）": 0, "車両形状等（当事者A）": 1, "車両形状等（当事者B）": 0, "オートマチック車（当事者A）": 1, "オートマチック車（当事者B）": 0, "サポカー（当事者A）": 11, "サポカー（当事者B）": 0, "速度規制（指定のみ）（当事者A）": 10, "速度規制（指定のみ）（当事者B）": 0, "車両の衝突部位（当事者A）": 40, "車両の衝突部位（当事者B）": 0, "車両の損壊程度（当事者A）": 3, "車両の損壊程度（当事者B）": 0, "エアバッグの装備（当事者A）": 2, "エアバッグの装備（当事者B）": 0, "サイドエアバッグの装備（当事者A）": 2, "サイドエアバッグの装備（当事者B）": 0, "人身損傷程度（当事者A）": 4, "人身損傷程度（当事者B）": 2, "地点　緯度（北緯）": 34.36340806, "地点　経度（東経）": 132.4327125, "曜日(発生年月日)": 2, "祝日(発生年月日)": 1, "認知機能検査経過日数（当事者A）": 671, "認知機能検査経過日数（当事者B）": 0, "運転練習の方法（当事者A）": 5, "運転練習の方法（当事者B）": 0, "field_69": null }, "geometry": { "type": "Point", "coordinates": [ 132.4327125, 34.36340806 ] } },
{ "type": "Feature", "properties": { "資料区分": 1, "都道府県コード": 73, "警察署等コード": 103, "本票番号": 199, "事故内容": 2, "死者数": 0, "負傷者数": 1, "路線コード": 99000, "地点コード": 0, "市区町村コード": 103, "発生日時　　年": 2024, "発生日時　　月": 8, "発生日時　　日": 9, "発生日時　　時": 16, "発生日時　　分": 20, "昼夜": 12, "日の出時刻　　時": 5, "日の出時刻　　分": 27, "日の入り時刻　　時": 19, "日の入り時刻　　分": 4, "天候": 1, "地形": 1, "路面状態": 1, "道路形状": 0, "信号機": 7, "一時停止規制　標識（当事者A）": 0, "一時停止規制　表示（当事者A）": 0, "一時停止規制　標識（当事者B）": 0, "一時停止規制　表示（当事者B）": 0, "車道幅員": 0, "道路線形": 0, "衝突地点": 20, "ゾーン規制": 70, "中央分離帯施設等": 0, "歩車道区分": 4, "事故類型": 1, "年齢（当事者A）": 35, "年齢（当事者B）": 45, "当事者種別（当事者A）": 3, "当事者種別（当事者B）": 61, "用途別（当事者A）": 31, "用途別（当事者B）": 0, "車両形状等（当事者A）": 1, "車両形状等（当事者B）": 0, "オートマチック車（当事者A）": 1, "オートマチック車（当事者B）": 0, "サポカー（当事者A）": 11, "サポカー（当事者B）": 0, "速度規制（指定のみ）（当事者A）": 10, "速度規制（指定のみ）（当事者B）": 0, "車両の衝突部位（当事者A）": 10, "車両の衝突部位（当事者B）": 0, "車両の損壊程度（当事者A）": 4, "車両の損壊程度（当事者B）": 0, "エアバッグの装備（当事者A）": 2, "エアバッグの装備（当事者B）": 0, "サイドエアバッグの装備（当事者A）": 2, "サイドエアバッグの装備（当事者B）": 0, "人身損傷程度（当事者A）": 4, "人身損傷程度（当事者B）": 2, "地点　緯度（北緯）": 34.3913225, "地点　経度（東経）": 132.4869783, "曜日(発生年月日)": 6, "祝日(発生年月日)": 3, "認知機能検査経過日数（当事者A）": 9999, "認知機能検査経過日数（当事者B）": 0, "運転練習の方法（当事者A）": 5, "運転練習の方法（当事者B）": 0, "field_69": null }, "geometry": { "type": "Point", "coordinates": [ 132.4869783, 34.3913225 ] } },
{ "type": "Feature", "properties": { "資料区分": 1, "都道府県コード": 73, "警察署等コード": 103, "本票番号": 200, "事故内容": 2, "死者数": 0, "負傷者数": 1, "路線コード": 37030, "地点コード": 0, "市区町村コード": 103, "発生日時　　年": 2024, "発生日時　　月": 8, "発生日時　　日": 26, "発生日時　　時": 12, "発生日時　　分": 2, "昼夜": 12, "日の出時刻　　時": 5, "日の出時刻　　分": 39, "日の入り時刻　　時": 18, "日の入り時刻　　分": 44, "天候": 1, "地形": 1, "路面状態": 1, "道路形状": 14, "信号機": 7, "一時停止規制　標識（当事者A）": 0, "一時停止規制　表示（当事者A）": 0, "一時停止規制　標識（当事者B）": 0, "一時停止規制　表示（当事者B）": 0, "車道幅員": 3, "道路線形": 9, "衝突地点": 1, "ゾーン規制": 70, "中央分離帯施設等": 5, "歩車道区分": 3, "事故類型": 1, "年齢（当事者A）": 75, "年齢（当事者B）": 75, "当事者種別（当事者A）": 14, "当事者種別（当事者B）": 61, "用途別（当事者A）": 31, "用途別（当事者B）": 0, "車両形状等（当事者A）": 11, "車両形状等（当事者B）": 0, "オートマチック車（当事者A）": 1, "オートマチック車（当事者B）": 0, "サポカー（当事者A）": 11, "サポカー（当事者B）": 0, "速度規制（指定のみ）（当事者A）": 2, "速度規制（指定のみ）（当事者B）": 0, "車両の衝突部位（当事者A）": 50, "車両の衝突部位（当事者B）": 0, "車両の損壊程度（当事者A）": 3, "車両の損壊程度（当事者B）": 0, "エアバッグの装備（当事者A）": 2, "エアバッグの装備（当事者B）": 0, "サイドエアバッグの装備（当事者A）": 2, "サイドエアバッグの装備（当事者B）": 0, "人身損傷程度（当事者A）": 4, "人身損傷程度（当事者B）": 2, "地点　緯度（北緯）": 34.37482472, "地点　経度（東経）": 132.4916808, "曜日(発生年月日)": 2, "祝日(発生年月日)": 3, "認知機能検査経過日数（当事者A）": 266, "認知機能検査経過日数（当事者B）": 0, "運転練習の方法（当事者A）": 9, "運転練習の方法（当事者B）": 0, "field_69": null }, "geometry": { "type": "Point", "coordinates": [ 132.491680800000012, 34.37482472 ] } },
{ "type": "Feature", "properties": { "資料区分": 1, "都道府県コード": 73, "警察署等コード": 104, "本票番号": 115, "事故内容": 2, "死者数": 0, "負傷者数": 1, "路線コード": 310, "地点コード": 156, "市区町村コード": 202, "発生日時　　年": 2024, "発生日時　　月": 8, "発生日時　　日": 19, "発生日時　　時": 8, "発生日時　　分": 41, "昼夜": 12, "日の出時刻　　時": 5, "日の出時刻　　分": 34, "日の入り時刻　　時": 18, "日の入り時刻　　分": 53, "天候": 2, "地形": 1, "路面状態": 1, "道路形状": 1, "信号機": 1, "一時停止規制　標識（当事者A）": 9, "一時停止規制　表示（当事者A）": 22, "一時停止規制　標識（当事者B）": 0, "一時停止規制　表示（当事者B）": 0, "車道幅員": 17, "道路線形": 9, "衝突地点": 30, "ゾーン規制": 70, "中央分離帯施設等": 5, "歩車道区分": 2, "事故類型": 1, "年齢（当事者A）": 75, "年齢（当事者B）": 55, "当事者種別（当事者A）": 3, "当事者種別（当事者B）": 61, "用途別（当事者A）": 31, "用途別（当事者B）": 0, "車両形状等（当事者A）": 1, "車両形状等（当事者B）": 0, "オートマチック車（当事者A）": 1, "オートマチック車（当事者B）": 0, "サポカー（当事者A）": 11, "サポカー（当事者B）": 0, "速度規制（指定のみ）（当事者A）": 4, "速度規制（指定のみ）（当事者B）": 0, "車両の衝突部位（当事者A）": 10, "車両の衝突部位（当事者B）": 0, "車両の損壊程度（当事者A）": 3, "車両の損壊程度（当事者B）": 0, "エアバッグの装備（当事者A）": 2, "エアバッグの装備（当事者B）": 0, "サイドエアバッグの装備（当事者A）": 2, "サイドエアバッグの装備（当事者B）": 0, "人身損傷程度（当事者A）": 4, "人身損傷程度（当事者B）": 2, "地点　緯度（北緯）": 34.25717556, "地点　経度（東経）": 132.5296592, "曜日(発生年月日)": 2, "祝日(発生年月日)": 3, "認知機能検査経過日数（当事者A）": 350, "認知機能検査経過日数（当事者B）": 0, "運転練習の方法（当事者A）": 9, "運転練習の方法（当事者B）": 0, "field_69": null }, "geometry": { "type": "Point", "coordinates": [ 132.5296592, 34.25717556 ] } },
{ "type": "Feature", "properties": { "資料区分": 1, "都道府県コード": 73, "警察署等コード": 104, "本票番号": 117, "事故内容": 2, "死者数": 0, "負傷者数": 1, "路線コード": 37040, "地点コード": 0, "市区町村コード": 202, "発生日時　　年": 2024, "発生日時　　月": 8, "発生日時　　日": 25, "発生日時　　時": 19, "発生日時　　分": 25, "昼夜": 21, "日の出時刻　　時": 5, "日の出時刻　　分": 38, "日の入り時刻　　時": 18, "日の入り時刻　　分": 46, "天候": 1, "地形": 3, "路面状態": 1, "道路形状": 1, "信号機": 7, "一時停止規制　標識（当事者A）": 9, "一時停止規制　表示（当事者A）": 22, "一時停止規制　標識（当事者B）": 0, "一時停止規制　表示（当事者B）": 0, "車道幅員": 18, "道路線形": 2, "衝突地点": 30, "ゾーン規制": 70, "中央分離帯施設等": 5, "歩車道区分": 4, "事故類型": 1, "年齢（当事者A）": 65, "年齢（当事者B）": 75, "当事者種別（当事者A）": 3, "当事者種別（当事者B）": 61, "用途別（当事者A）": 31, "用途別（当事者B）": 0, "車両形状等（当事者A）": 1, "車両形状等（当事者B）": 0, "オートマチック車（当事者A）": 1, "オートマチック車（当事者B）": 0, "サポカー（当事者A）": 11, "サポカー（当事者B）": 0, "速度規制（指定のみ）（当事者A）": 2, "速度規制（指定のみ）（当事者B）": 0, "車両の衝突部位（当事者A）": 10, "車両の衝突部位（当事者B）": 0, "車両の損壊程度（当事者A）": 3, "車両の損壊程度（当事者B）": 0, "エアバッグの装備（当事者A）": 2, "エアバッグの装備（当事者B）": 0, "サイドエアバッグの装備（当事者A）": 2, "サイドエアバッグの装備（当事者B）": 0, "人身損傷程度（当事者A）": 4, "人身損傷程度（当事者B）": 2, "地点　緯度（北緯）": 34.29268472, "地点　経度（東経）": 132.5575831, "曜日(発生年月日)": 1, "祝日(発生年月日)": 3, "認知機能検査経過日数（当事者A）": 9999, "認知機能検査経過日数（当事者B）": 0, "運転練習の方法（当事者A）": 9, "運転練習の方法（当事者B）": 0, "field_69": null }, "geometry": { "type": "Point", "coordinates": [ 132.557583099999988, 34.29268472 ] } },
{ "type": "Feature", "properties": { "資料区分": 1, "都道府県コード": 73, "警察署等コード": 107, "本票番号": 105, "事故内容": 2, "死者数": 0, "負傷者数": 1, "路線コード": 37070, "地点コード": 0, "市区町村コード": 107, "発生日時　　年": 2024, "発生日時　　月": 7, "発生日時　　日": 23, "発生日時　　時": 9, "発生日時　　分": 30, "昼夜": 12, "日の出時刻　　時": 5, "日の出時刻　　分": 14, "日の入り時刻　　時": 19, "日の入り時刻　　分": 19, "天候": 1, "地形": 2, "路面状態": 1, "道路形状": 14, "信号機": 7, "一時停止規制　標識（当事者A）": 0, "一時停止規制　表示（当事者A）": 0, "一時停止規制　標識（当事者B）": 0, "一時停止規制　表示（当事者B）": 0, "車道幅員": 2, "道路線形": 7, "衝突地点": 1, "ゾーン規制": 70, "中央分離帯施設等": 5, "歩車道区分": 2, "事故類型": 1, "年齢（当事者A）": 75, "年齢（当事者B）": 75, "当事者種別（当事者A）": 3, "当事者種別（当事者B）": 61, "用途別（当事者A）": 1, "用途別（当事者B）": 0, "車両形状等（当事者A）": 1, "車両形状等（当事者B）": 0, "オートマチック車（当事者A）": 1, "オートマチック車（当事者B）": 0, "サポカー（当事者A）": 11, "サポカー（当事者B）": 0, "速度規制（指定のみ）（当事者A）": 10, "速度規制（指定のみ）（当事者B）": 0, "車両の衝突部位（当事者A）": 80, "車両の衝突部位（当事者B）": 0, "車両の損壊程度（当事者A）": 4, "車両の損壊程度（当事者B）": 0, "エアバッグの装備（当事者A）": 2, "エアバッグの装備（当事者B）": 0, "サイドエアバッグの装備（当事者A）": 2, "サイドエアバッグの装備（当事者B）": 0, "人身損傷程度（当事者A）": 4, "人身損傷程度（当事者B）": 2, "地点　緯度（北緯）": 34.35126278, "地点　経度（東経）": 132.5318619, "曜日(発生年月日)": 3, "祝日(発生年月日)": 3, "認知機能検査経過日数（当事者A）": 442, "認知機能検査経過日数（当事者B）": 0, "運転練習の方法（当事者A）": 9, "運転練習の方法（当事者B）": 0, "field_69": null }, "geometry": { "type": "Point", "coordinates": [ 132.5318619, 34.35126278 ] } },
{ "type": "Feature", "properties": { "資料区分": 1, "都道府県コード": 73, "警察署等コード": 107, "本票番号": 106, "事故内容": 2, "死者数": 0, "負傷者数": 1, "路線コード": 37070, "地点コード": 0, "市区町村コード": 107, "発生日時　　年": 2024, "発生日時　　月": 9, "発生日時　　日": 2, "発生日時　　時": 7, "発生日時　　分": 50, "昼夜": 12, "日の出時刻　　時": 5, "日の出時刻　　分": 44, "日の入り時刻　　時": 18, "日の入り時刻　　分": 35, "天候": 2, "地形": 1, "路面状態": 1, "道路形状": 14, "信号機": 7, "一時停止規制　標識（当事者A）": 0, "一時停止規制　表示（当事者A）": 0, "一時停止規制　標識（当事者B）": 0, "一時停止規制　表示（当事者B）": 0, "車道幅員": 2, "道路線形": 9, "衝突地点": 1, "ゾーン規制": 70, "中央分離帯施設等": 5, "歩車道区分": 3, "事故類型": 1, "年齢（当事者A）": 65, "年齢（当事者B）": 25, "当事者種別（当事者A）": 3, "当事者種別（当事者B）": 61, "用途別（当事者A）": 31, "用途別（当事者B）": 0, "車両形状等（当事者A）": 1, "車両形状等（当事者B）": 0, "オートマチック車（当事者A）": 1, "オートマチック車（当事者B）": 0, "サポカー（当事者A）": 11, "サポカー（当事者B）": 0, "速度規制（指定のみ）（当事者A）": 10, "速度規制（指定のみ）（当事者B）": 0, "車両の衝突部位（当事者A）": 40, "車両の衝突部位（当事者B）": 0, "車両の損壊程度（当事者A）": 3, "車両の損壊程度（当事者B）": 0, "エアバッグの装備（当事者A）": 2, "エアバッグの装備（当事者B）": 0, "サイドエアバッグの装備（当事者A）": 2, "サイドエアバッグの装備（当事者B）": 0, "人身損傷程度（当事者A）": 4, "人身損傷程度（当事者B）": 2, "地点　緯度（北緯）": 34.37096167, "地点　経度（東経）": 132.5253325, "曜日(発生年月日)": 2, "祝日(発生年月日)": 3, "認知機能検査経過日数（当事者A）": 9999, "認知機能検査経過日数（当事者B）": 0, "運転練習の方法（当事者A）": 9, "運転練習の方法（当事者B）": 0, "field_69": null }, "geometry": { "type": "Point", "coordinates": [ 132.5253325, 34.37096167 ] } },
{ "type": "Feature", "properties": { "資料区分": 1, "都道府県コード": 73, "警察署等コード": 107, "本票番号": 108, "事故内容": 2, "死者数": 0, "負傷者数": 1, "路線コード": 21740, "地点コード": 0, "市区町村コード": 307, "発生日時　　年": 2024, "発生日時　　月": 8, "発生日時　　日": 19, "発生日時　　時": 19, "発生日時　　分": 5, "昼夜": 21, "日の出時刻　　時": 5, "日の出時刻　　分": 34, "日の入り時刻　　時": 18, "日の入り時刻　　分": 53, "天候": 3, "地形": 2, "路面状態": 2, "道路形状": 1, "信号機": 7, "一時停止規制　標識（当事者A）": 9, "一時停止規制　表示（当事者A）": 22, "一時停止規制　標識（当事者B）": 0, "一時停止規制　表示（当事者B）": 0, "車道幅員": 14, "道路線形": 9, "衝突地点": 30, "ゾーン規制": 70, "中央分離帯施設等": 4, "歩車道区分": 2, "事故類型": 1, "年齢（当事者A）": 35, "年齢（当事者B）": 75, "当事者種別（当事者A）": 3, "当事者種別（当事者B）": 61, "用途別（当事者A）": 31, "用途別（当事者B）": 0, "車両形状等（当事者A）": 1, "車両形状等（当事者B）": 0, "オートマチック車（当事者A）": 1, "オートマチック車（当事者B）": 0, "サポカー（当事者A）": 11, "サポカー（当事者B）": 0, "速度規制（指定のみ）（当事者A）": 3, "速度規制（指定のみ）（当事者B）": 0, "車両の衝突部位（当事者A）": 50, "車両の衝突部位（当事者B）": 0, "車両の損壊程度（当事者A）": 3, "車両の損壊程度（当事者B）": 0, "エアバッグの装備（当事者A）": 2, "エアバッグの装備（当事者B）": 0, "サイドエアバッグの装備（当事者A）": 2, "サイドエアバッグの装備（当事者B）": 0, "人身損傷程度（当事者A）": 4, "人身損傷程度（当事者B）": 2, "地点　緯度（北緯）": 34.35077167, "地点　経度（東経）": 132.5926564, "曜日(発生年月日)": 2, "祝日(発生年月日)": 3, "認知機能検査経過日数（当事者A）": 9999, "認知機能検査経過日数（当事者B）": 0, "運転練習の方法（当事者A）": 5, "運転練習の方法（当事者B）": 0, "field_69": null }, "geometry": { "type": "Point", "coordinates": [ 132.59265640000001, 34.35077167 ] } },
{ "type": "Feature", "properties": { "資料区分": 1, "都道府県コード": 73, "警察署等コード": 108, "本票番号": 86, "事故内容": 2, "死者数": 0, "負傷者数": 1, "路線コード": 37080, "地点コード": 0, "市区町村コード": 213, "発生日時　　年": 2024, "発生日時　　月": 8, "発生日時　　日": 22, "発生日時　　時": 17, "発生日時　　分": 30, "昼夜": 12, "日の出時刻　　時": 5, "日の出時刻　　分": 36, "日の入り時刻　　時": 18, "日の入り時刻　　分": 50, "天候": 1, "地形": 1, "路面状態": 1, "道路形状": 14, "信号機": 7, "一時停止規制　標識（当事者A）": 0, "一時停止規制　表示（当事者A）": 0, "一時停止規制　標識（当事者B）": 0, "一時停止規制　表示（当事者B）": 0, "車道幅員": 2, "道路線形": 9, "衝突地点": 1, "ゾーン規制": 70, "中央分離帯施設等": 5, "歩車道区分": 3, "事故類型": 1, "年齢（当事者A）": 35, "年齢（当事者B）": 1, "当事者種別（当事者A）": 3, "当事者種別（当事者B）": 61, "用途別（当事者A）": 31, "用途別（当事者B）": 0, "車両形状等（当事者A）": 1, "車両形状等（当事者B）": 0, "オートマチック車（当事者A）": 1, "オートマチック車（当事者B）": 0, "サポカー（当事者A）": 11, "サポカー（当事者B）": 0, "速度規制（指定のみ）（当事者A）": 2, "速度規制（指定のみ）（当事者B）": 0, "車両の衝突部位（当事者A）": 40, "車両の衝突部位（当事者B）": 0, "車両の損壊程度（当事者A）": 3, "車両の損壊程度（当事者B）": 0, "エアバッグの装備（当事者A）": 2, "エアバッグの装備（当事者B）": 0, "サイドエアバッグの装備（当事者A）": 2, "サイドエアバッグの装備（当事者B）": 0, "人身損傷程度（当事者A）": 4, "人身損傷程度（当事者B）": 2, "地点　緯度（北緯）": 34.34698111, "地点　経度（東経）": 132.3240283, "曜日(発生年月日)": 5, "祝日(発生年月日)": 3, "認知機能検査経過日数（当事者A）": 9999, "認知機能検査経過日数（当事者B）": 0, "運転練習の方法（当事者A）": 1, "運転練習の方法（当事者B）": 0, "field_69": null }, "geometry": { "type": "Point", "coordinates": [ 132.3240283, 34.34698111 ] } },
{ "type": "Feature", "properties": { "資料区分": 1, "都道府県コード": 73, "警察署等コード": 108, "本票番号": 88, "事故内容": 2, "死者数": 0, "負傷者数": 1, "路線コード": 37080, "地点コード": 0, "市区町村コード": 213, "発生日時　　年": 2024, "発生日時　　月": 8, "発生日時　　日": 23, "発生日時　　時": 17, "発生日時　　分": 59, "昼夜": 13, "日の出時刻　　時": 5, "日の出時刻　　分": 37, "日の入り時刻　　時": 18, "日の入り時刻　　分": 48, "天候": 1, "地形": 2, "路面状態": 1, "道路形状": 14, "信号機": 7, "一時停止規制　標識（当事者A）": 0, "一時停止規制　表示（当事者A）": 0, "一時停止規制　標識（当事者B）": 0, "一時停止規制　表示（当事者B）": 0, "車道幅員": 2, "道路線形": 9, "衝突地点": 1, "ゾーン規制": 70, "中央分離帯施設等": 5, "歩車道区分": 4, "事故類型": 1, "年齢（当事者A）": 75, "年齢（当事者B）": 1, "当事者種別（当事者A）": 3, "当事者種別（当事者B）": 61, "用途別（当事者A）": 31, "用途別（当事者B）": 0, "車両形状等（当事者A）": 1, "車両形状等（当事者B）": 0, "オートマチック車（当事者A）": 1, "オートマチック車（当事者B）": 0, "サポカー（当事者A）": 11, "サポカー（当事者B）": 0, "速度規制（指定のみ）（当事者A）": 10, "速度規制（指定のみ）（当事者B）": 0, "車両の衝突部位（当事者A）": 40, "車両の衝突部位（当事者B）": 0, "車両の損壊程度（当事者A）": 4, "車両の損壊程度（当事者B）": 0, "エアバッグの装備（当事者A）": 2, "エアバッグの装備（当事者B）": 0, "サイドエアバッグの装備（当事者A）": 2, "サイドエアバッグの装備（当事者B）": 0, "人身損傷程度（当事者A）": 4, "人身損傷程度（当事者B）": 2, "地点　緯度（北緯）": 34.35008278, "地点　経度（東経）": 132.3250225, "曜日(発生年月日)": 6, "祝日(発生年月日)": 3, "認知機能検査経過日数（当事者A）": 275, "認知機能検査経過日数（当事者B）": 0, "運転練習の方法（当事者A）": 9, "運転練習の方法（当事者B）": 0, "field_69": null }, "geometry": { "type": "Point", "coordinates": [ 132.325022499999989, 34.35008278 ] } },
{ "type": "Feature", "properties": { "資料区分": 1, "都道府県コード": 73, "警察署等コード": 111, "本票番号": 80, "事故内容": 2, "死者数": 0, "負傷者数": 1, "路線コード": 1850, "地点コード": 89, "市区町村コード": 202, "発生日時　　年": 2024, "発生日時　　月": 7, "発生日時　　日": 8, "発生日時　　時": 22, "発生日時　　分": 14, "昼夜": 22, "日の出時刻　　時": 5, "日の出時刻　　分": 5, "日の入り時刻　　時": 19, "日の入り時刻　　分": 25, "天候": 1, "地形": 1, "路面状態": 1, "道路形状": 1, "信号機": 1, "一時停止規制　標識（当事者A）": 9, "一時停止規制　表示（当事者A）": 22, "一時停止規制　標識（当事者B）": 0, "一時停止規制　表示（当事者B）": 0, "車道幅員": 18, "道路線形": 9, "衝突地点": 30, "ゾーン規制": 70, "中央分離帯施設等": 5, "歩車道区分": 2, "事故類型": 1, "年齢（当事者A）": 55, "年齢（当事者B）": 75, "当事者種別（当事者A）": 3, "当事者種別（当事者B）": 61, "用途別（当事者A）": 31, "用途別（当事者B）": 0, "車両形状等（当事者A）": 1, "車両形状等（当事者B）": 0, "オートマチック車（当事者A）": 1, "オートマチック車（当事者B）": 0, "サポカー（当事者A）": 11, "サポカー（当事者B）": 0, "速度規制（指定のみ）（当事者A）": 4, "速度規制（指定のみ）（当事者B）": 0, "車両の衝突部位（当事者A）": 10, "車両の衝突部位（当事者B）": 0, "車両の損壊程度（当事者A）": 3, "車両の損壊程度（当事者B）": 0, "エアバッグの装備（当事者A）": 2, "エアバッグの装備（当事者B）": 0, "サイドエアバッグの装備（当事者A）": 2, "サイドエアバッグの装備（当事者B）": 0, "人身損傷程度（当事者A）": 4, "人身損傷程度（当事者B）": 2, "地点　緯度（北緯）": 34.22627611, "地点　経度（東経）": 132.6383256, "曜日(発生年月日)": 2, "祝日(発生年月日)": 3, "認知機能検査経過日数（当事者A）": 9999, "認知機能検査経過日数（当事者B）": 0, "運転練習の方法（当事者A）": 9, "運転練習の方法（当事者B）": 0, "field_69": null }, "geometry": { "type": "Point", "coordinates": [ 132.6383256, 34.22627611 ] } },
{ "type": "Feature", "properties": { "資料区分": 1, "都道府県コード": 73, "警察署等コード": 112, "本票番号": 226, "事故内容": 2, "死者数": 0, "負傷者数": 1, "路線コード": 99000, "地点コード": 0, "市区町村コード": 212, "発生日時　　年": 2024, "発生日時　　月": 9, "発生日時　　日": 19, "発生日時　　時": 9, "発生日時　　分": 40, "昼夜": 12, "日の出時刻　　時": 5, "日の出時刻　　分": 56, "日の入り時刻　　時": 18, "日の入り時刻　　分": 12, "天候": 1, "地形": 3, "路面状態": 1, "道路形状": 0, "信号機": 7, "一時停止規制　標識（当事者A）": 0, "一時停止規制　表示（当事者A）": 0, "一時停止規制　標識（当事者B）": 0, "一時停止規制　表示（当事者B）": 0, "車道幅員": 0, "道路線形": 0, "衝突地点": 20, "ゾーン規制": 70, "中央分離帯施設等": 0, "歩車道区分": 4, "事故類型": 1, "年齢（当事者A）": 35, "年齢（当事者B）": 45, "当事者種別（当事者A）": 4, "当事者種別（当事者B）": 61, "用途別（当事者A）": 31, "用途別（当事者B）": 0, "車両形状等（当事者A）": 1, "車両形状等（当事者B）": 0, "オートマチック車（当事者A）": 1, "オートマチック車（当事者B）": 0, "サポカー（当事者A）": 11, "サポカー（当事者B）": 0, "速度規制（指定のみ）（当事者A）": 10, "速度規制（指定のみ）（当事者B）": 0, "車両の衝突部位（当事者A）": 30, "車両の衝突部位（当事者B）": 0, "車両の損壊程度（当事者A）": 3, "車両の損壊程度（当事者B）": 0, "エアバッグの装備（当事者A）": 2, "エアバッグの装備（当事者B）": 0, "サイドエアバッグの装備（当事者A）": 2, "サイドエアバッグの装備（当事者B）": 0, "人身損傷程度（当事者A）": 4, "人身損傷程度（当事者B）": 2, "地点　緯度（北緯）": 34.46252806, "地点　経度（東経）": 132.6624917, "曜日(発生年月日)": 5, "祝日(発生年月日)": 3, "認知機能検査経過日数（当事者A）": 9999, "認知機能検査経過日数（当事者B）": 0, "運転練習の方法（当事者A）": 1, "運転練習の方法（当事者B）": 0, "field_69": null }, "geometry": { "type": "Point", "coordinates": [ 132.6624917, 34.46252806 ] } },
{ "type": "Feature", "properties": { "資料区分": 1, "都道府県コード": 73, "警察署等コード": 114, "本票番号": 171, "事故内容": 2, "死者数": 0, "負傷者数": 1, "路線コード": 2610, "地点コード": 0, "市区町村コード": 106, "発生日時　　年": 2024, "発生日時　　月": 8, "発生日時　　日": 21, "発生日時　　時": 19, "発生日時　　分": 29, "昼夜": 21, "日の出時刻　　時": 5, "日の出時刻　　分": 35, "日の入り時刻　　時": 18, "日の入り時刻　　分": 51, "天候": 2, "地形": 3, "路面状態": 1, "道路形状": 1, "信号機": 7, "一時停止規制　標識（当事者A）": 9, "一時停止規制　表示（当事者A）": 22, "一時停止規制　標識（当事者B）": 0, "一時停止規制　表示（当事者B）": 0, "車道幅員": 14, "道路線形": 9, "衝突地点": 30, "ゾーン規制": 70, "中央分離帯施設等": 4, "歩車道区分": 1, "事故類型": 1, "年齢（当事者A）": 45, "年齢（当事者B）": 75, "当事者種別（当事者A）": 4, "当事者種別（当事者B）": 61, "用途別（当事者A）": 31, "用途別（当事者B）": 0, "車両形状等（当事者A）": 1, "車両形状等（当事者B）": 0, "オートマチック車（当事者A）": 1, "オートマチック車（当事者B）": 0, "サポカー（当事者A）": 11, "サポカー（当事者B）": 0, "速度規制（指定のみ）（当事者A）": 3, "速度規制（指定のみ）（当事者B）": 0, "車両の衝突部位（当事者A）": 56, "車両の衝突部位（当事者B）": 0, "車両の損壊程度（当事者A）": 3, "車両の損壊程度（当事者B）": 0, "エアバッグの装備（当事者A）": 2, "エアバッグの装備（当事者B）": 0, "サイドエアバッグの装備（当事者A）": 2, "サイドエアバッグの装備（当事者B）": 0, "人身損傷程度（当事者A）": 4, "人身損傷程度（当事者B）": 2, "地点　緯度（北緯）": 34.5523325, "地点　経度（東経）": 132.4468083, "曜日(発生年月日)": 4, "祝日(発生年月日)": 3, "認知機能検査経過日数（当事者A）": 9999, "認知機能検査経過日数（当事者B）": 0, "運転練習の方法（当事者A）": 9, "運転練習の方法（当事者B）": 0, "field_69": null }, "geometry": { "type": "Point", "coordinates": [ 132.446808299999987, 34.5523325 ] } },
{ "type": "Feature", "properties": { "資料区分": 1, "都道府県コード": 73, "警察署等コード": 114, "本票番号": 172, "事故内容": 2, "死者数": 0, "負傷者数": 1, "路線コード": 22670, "地点コード": 0, "市区町村コード": 106, "発生日時　　年": 2024, "発生日時　　月": 8, "発生日時　　日": 17, "発生日時　　時": 11, "発生日時　　分": 20, "昼夜": 12, "日の出時刻　　時": 5, "日の出時刻　　分": 32, "日の入り時刻　　時": 18, "日の入り時刻　　分": 56, "天候": 1, "地形": 1, "路面状態": 1, "道路形状": 7, "信号機": 7, "一時停止規制　標識（当事者A）": 0, "一時停止規制　表示（当事者A）": 0, "一時停止規制　標識（当事者B）": 0, "一時停止規制　表示（当事者B）": 0, "車道幅員": 3, "道路線形": 9, "衝突地点": 1, "ゾーン規制": 70, "中央分離帯施設等": 4, "歩車道区分": 2, "事故類型": 1, "年齢（当事者A）": 75, "年齢（当事者B）": 75, "当事者種別（当事者A）": 3, "当事者種別（当事者B）": 61, "用途別（当事者A）": 31, "用途別（当事者B）": 0, "車両形状等（当事者A）": 1, "車両形状等（当事者B）": 0, "オートマチック車（当事者A）": 1, "オートマチック車（当事者B）": 0, "サポカー（当事者A）": 11, "サポカー（当事者B）": 0, "速度規制（指定のみ）（当事者A）": 3, "速度規制（指定のみ）（当事者B）": 0, "車両の衝突部位（当事者A）": 50, "車両の衝突部位（当事者B）": 0, "車両の損壊程度（当事者A）": 4, "車両の損壊程度（当事者B）": 0, "エアバッグの装備（当事者A）": 2, "エアバッグの装備（当事者B）": 0, "サイドエアバッグの装備（当事者A）": 2, "サイドエアバッグの装備（当事者B）": 0, "人身損傷程度（当事者A）": 4, "人身損傷程度（当事者B）": 2, "地点　緯度（北緯）": 34.51689917, "地点　経度（東経）": 132.5048044, "曜日(発生年月日)": 7, "祝日(発生年月日)": 3, "認知機能検査経過日数（当事者A）": 9999, "認知機能検査経過日数（当事者B）": 0, "運転練習の方法（当事者A）": 9, "運転練習の方法（当事者B）": 0, "field_69": null }, "geometry": { "type": "Point", "coordinates": [ 132.504804400000012, 34.51689917 ] } },
{ "type": "Feature", "properties": { "資料区分": 1, "都道府県コード": 73, "警察署等コード": 114, "本票番号": 176, "事故内容": 2, "死者数": 0, "負傷者数": 1, "路線コード": 14370, "地点コード": 0, "市区町村コード": 106, "発生日時　　年": 2024, "発生日時　　月": 9, "発生日時　　日": 2, "発生日時　　時": 20, "発生日時　　分": 41, "昼夜": 22, "日の出時刻　　時": 5, "日の出時刻　　分": 44, "日の入り時刻　　時": 18, "日の入り時刻　　分": 35, "天候": 1, "地形": 3, "路面状態": 1, "道路形状": 14, "信号機": 7, "一時停止規制　標識（当事者A）": 0, "一時停止規制　表示（当事者A）": 0, "一時停止規制　標識（当事者B）": 0, "一時停止規制　表示（当事者B）": 0, "車道幅員": 3, "道路線形": 8, "衝突地点": 1, "ゾーン規制": 70, "中央分離帯施設等": 4, "歩車道区分": 2, "事故類型": 1, "年齢（当事者A）": 55, "年齢（当事者B）": 65, "当事者種別（当事者A）": 35, "当事者種別（当事者B）": 61, "用途別（当事者A）": 31, "用途別（当事者B）": 0, "車両形状等（当事者A）": 0, "車両形状等（当事者B）": 0, "オートマチック車（当事者A）": 0, "オートマチック車（当事者B）": 0, "サポカー（当事者A）": 11, "サポカー（当事者B）": 0, "速度規制（指定のみ）（当事者A）": 4, "速度規制（指定のみ）（当事者B）": 0, "車両の衝突部位（当事者A）": 10, "車両の衝突部位（当事者B）": 0, "車両の損壊程度（当事者A）": 3, "車両の損壊程度（当事者B）": 0, "エアバッグの装備（当事者A）": 0, "エアバッグの装備（当事者B）": 0, "サイドエアバッグの装備（当事者A）": 0, "サイドエアバッグの装備（当事者B）": 0, "人身損傷程度（当事者A）": 4, "人身損傷程度（当事者B）": 2, "地点　緯度（北緯）": 34.47400417, "地点　経度（東経）": 132.5576467, "曜日(発生年月日)": 2, "祝日(発生年月日)": 3, "認知機能検査経過日数（当事者A）": 9999, "認知機能検査経過日数（当事者B）": 0, "運転練習の方法（当事者A）": 9, "運転練習の方法（当事者B）": 0, "field_69": null }, "geometry": { "type": "Point", "coordinates": [ 132.5576467, 34.47400417 ] } },
{ "type": "Feature", "properties": { "資料区分": 1, "都道府県コード": 73, "警察署等コード": 115, "本票番号": 29, "事故内容": 2, "死者数": 0, "負傷者数": 1, "路線コード": 99000, "地点コード": 0, "市区町村コード": 214, "発生日時　　年": 2024, "発生日時　　月": 8, "発生日時　　日": 6, "発生日時　　時": 12, "発生日時　　分": 10, "昼夜": 12, "日の出時刻　　時": 5, "日の出時刻　　分": 24, "日の入り時刻　　時": 19, "日の入り時刻　　分": 7, "天候": 2, "地形": 3, "路面状態": 1, "道路形状": 0, "信号機": 7, "一時停止規制　標識（当事者A）": 0, "一時停止規制　表示（当事者A）": 0, "一時停止規制　標識（当事者B）": 0, "一時停止規制　表示（当事者B）": 0, "車道幅員": 0, "道路線形": 0, "衝突地点": 20, "ゾーン規制": 70, "中央分離帯施設等": 0, "歩車道区分": 4, "事故類型": 1, "年齢（当事者A）": 35, "年齢（当事者B）": 55, "当事者種別（当事者A）": 4, "当事者種別（当事者B）": 61, "用途別（当事者A）": 31, "用途別（当事者B）": 0, "車両形状等（当事者A）": 1, "車両形状等（当事者B）": 0, "オートマチック車（当事者A）": 1, "オートマチック車（当事者B）": 0, "サポカー（当事者A）": 11, "サポカー（当事者B）": 0, "速度規制（指定のみ）（当事者A）": 10, "速度規制（指定のみ）（当事者B）": 0, "車両の衝突部位（当事者A）": 30, "車両の衝突部位（当事者B）": 0, "車両の損壊程度（当事者A）": 3, "車両の損壊程度（当事者B）": 0, "エアバッグの装備（当事者A）": 2, "エアバッグの装備（当事者B）": 0, "サイドエアバッグの装備（当事者A）": 2, "サイドエアバッグの装備（当事者B）": 0, "人身損傷程度（当事者A）": 4, "人身損傷程度（当事者B）": 2, "地点　緯度（北緯）": 34.58542944, "地点　経度（東経）": 132.5819058, "曜日(発生年月日)": 3, "祝日(発生年月日)": 3, "認知機能検査経過日数（当事者A）": 9999, "認知機能検査経過日数（当事者B）": 0, "運転練習の方法（当事者A）": 1, "運転練習の方法（当事者B）": 0, "field_69": null }, "geometry": { "type": "Point", "coordinates": [ 132.581905799999987, 34.58542944 ] } },
{ "type": "Feature", "properties": { "資料区分": 1, "都道府県コード": 73, "警察署等コード": 120, "本票番号": 128, "事故内容": 2, "死者数": 0, "負傷者数": 1, "路線コード": 37200, "地点コード": 0, "市区町村コード": 207, "発生日時　　年": 2024, "発生日時　　月": 7, "発生日時　　日": 23, "発生日時　　時": 16, "発生日時　　分": 15, "昼夜": 12, "日の出時刻　　時": 5, "日の出時刻　　分": 14, "日の入り時刻　　時": 19, "日の入り時刻　　分": 19, "天候": 1, "地形": 1, "路面状態": 1, "道路形状": 1, "信号機": 1, "一時停止規制　標識（当事者A）": 9, "一時停止規制　表示（当事者A）": 22, "一時停止規制　標識（当事者B）": 0, "一時停止規制　表示（当事者B）": 0, "車道幅員": 15, "道路線形": 9, "衝突地点": 30, "ゾーン規制": 70, "中央分離帯施設等": 5, "歩車道区分": 2, "事故類型": 1, "年齢（当事者A）": 35, "年齢（当事者B）": 1, "当事者種別（当事者A）": 4, "当事者種別（当事者B）": 61, "用途別（当事者A）": 31, "用途別（当事者B）": 0, "車両形状等（当事者A）": 1, "車両形状等（当事者B）": 0, "オートマチック車（当事者A）": 1, "オートマチック車（当事者B）": 0, "サポカー（当事者A）": 11, "サポカー（当事者B）": 0, "速度規制（指定のみ）（当事者A）": 3, "速度規制（指定のみ）（当事者B）": 0, "車両の衝突部位（当事者A）": 10, "車両の衝突部位（当事者B）": 0, "車両の損壊程度（当事者A）": 3, "車両の損壊程度（当事者B）": 0, "エアバッグの装備（当事者A）": 2, "エアバッグの装備（当事者B）": 0, "サイドエアバッグの装備（当事者A）": 2, "サイドエアバッグの装備（当事者B）": 0, "人身損傷程度（当事者A）": 4, "人身損傷程度（当事者B）": 2, "地点　緯度（北緯）": 34.49185722, "地点　経度（東経）": 133.3305414, "曜日(発生年月日)": 3, "祝日(発生年月日)": 3, "認知機能検査経過日数（当事者A）": 9999, "認知機能検査経過日数（当事者B）": 0, "運転練習の方法（当事者A）": 1, "運転練習の方法（当事者B）": 0, "field_69": null }, "geometry": { "type": "Point", "coordinates": [ 133.330541399999987, 34.49185722 ] } },
{ "type": "Feature", "properties": { "資料区分": 1, "都道府県コード": 73, "警察署等コード": 121, "本票番号": 384, "事故内容": 2, "死者数": 0, "負傷者数": 1, "路線コード": 37210, "地点コード": 0, "市区町村コード": 207, "発生日時　　年": 2024, "発生日時　　月": 8, "発生日時　　日": 20, "発生日時　　時": 17, "発生日時　　分": 58, "昼夜": 13, "日の出時刻　　時": 5, "日の出時刻　　分": 35, "日の入り時刻　　時": 18, "日の入り時刻　　分": 52, "天候": 1, "地形": 1, "路面状態": 1, "道路形状": 7, "信号機": 7, "一時停止規制　標識（当事者A）": 0, "一時停止規制　表示（当事者A）": 0, "一時停止規制　標識（当事者B）": 0, "一時停止規制　表示（当事者B）": 0, "車道幅員": 2, "道路線形": 9, "衝突地点": 1, "ゾーン規制": 1, "中央分離帯施設等": 5, "歩車道区分": 3, "事故類型": 1, "年齢（当事者A）": 35, "年齢（当事者B）": 35, "当事者種別（当事者A）": 3, "当事者種別（当事者B）": 61, "用途別（当事者A）": 31, "用途別（当事者B）": 0, "車両形状等（当事者A）": 1, "車両形状等（当事者B）": 0, "オートマチック車（当事者A）": 1, "オートマチック車（当事者B）": 0, "サポカー（当事者A）": 1, "サポカー（当事者B）": 0, "速度規制（指定のみ）（当事者A）": 3, "速度規制（指定のみ）（当事者B）": 0, "車両の衝突部位（当事者A）": 40, "車両の衝突部位（当事者B）": 0, "車両の損壊程度（当事者A）": 3, "車両の損壊程度（当事者B）": 0, "エアバッグの装備（当事者A）": 2, "エアバッグの装備（当事者B）": 0, "サイドエアバッグの装備（当事者A）": 2, "サイドエアバッグの装備（当事者B）": 0, "人身損傷程度（当事者A）": 4, "人身損傷程度（当事者B）": 2, "地点　緯度（北緯）": 34.491565, "地点　経度（東経）": 133.3644294, "曜日(発生年月日)": 3, "祝日(発生年月日)": 3, "認知機能検査経過日数（当事者A）": 9999, "認知機能検査経過日数（当事者B）": 0, "運転練習の方法（当事者A）": 1, "運転練習の方法（当事者B）": 0, "field_69": null }, "geometry": { "type": "Point", "coordinates": [ 133.3644294, 34.491565 ] } },
{ "type": "Feature", "properties": { "資料区分": 1, "都道府県コード": 73, "警察署等コード": 121, "本票番号": 396, "事故内容": 2, "死者数": 0, "負傷者数": 1, "路線コード": 37210, "地点コード": 0, "市区町村コード": 207, "発生日時　　年": 2024, "発生日時　　月": 8, "発生日時　　日": 24, "発生日時　　時": 16, "発生日時　　分": 55, "昼夜": 12, "日の出時刻　　時": 5, "日の出時刻　　分": 38, "日の入り時刻　　時": 18, "日の入り時刻　　分": 47, "天候": 1, "地形": 2, "路面状態": 1, "道路形状": 1, "信号機": 1, "一時停止規制　標識（当事者A）": 9, "一時停止規制　表示（当事者A）": 22, "一時停止規制　標識（当事者B）": 0, "一時停止規制　表示（当事者B）": 0, "車道幅員": 15, "道路線形": 9, "衝突地点": 30, "ゾーン規制": 1, "中央分離帯施設等": 5, "歩車道区分": 2, "事故類型": 1, "年齢（当事者A）": 45, "年齢（当事者B）": 45, "当事者種別（当事者A）": 3, "当事者種別（当事者B）": 61, "用途別（当事者A）": 31, "用途別（当事者B）": 0, "車両形状等（当事者A）": 1, "車両形状等（当事者B）": 0, "オートマチック車（当事者A）": 1, "オートマチック車（当事者B）": 0, "サポカー（当事者A）": 11, "サポカー（当事者B）": 0, "速度規制（指定のみ）（当事者A）": 3, "速度規制（指定のみ）（当事者B）": 0, "車両の衝突部位（当事者A）": 50, "車両の衝突部位（当事者B）": 0, "車両の損壊程度（当事者A）": 3, "車両の損壊程度（当事者B）": 0, "エアバッグの装備（当事者A）": 2, "エアバッグの装備（当事者B）": 0, "サイドエアバッグの装備（当事者A）": 2, "サイドエアバッグの装備（当事者B）": 0, "人身損傷程度（当事者A）": 4, "人身損傷程度（当事者B）": 2, "地点　緯度（北緯）": 34.49028306, "地点　経度（東経）": 133.3648711, "曜日(発生年月日)": 7, "祝日(発生年月日)": 3, "認知機能検査経過日数（当事者A）": 9999, "認知機能検査経過日数（当事者B）": 0, "運転練習の方法（当事者A）": 4, "運転練習の方法（当事者B）": 0, "field_69": null }, "geometry": { "type": "Point", "coordinates": [ 133.364871099999988, 34.49028306 ] } },
{ "type": "Feature", "properties": { "資料区分": 1, "都道府県コード": 73, "警察署等コード": 121, "本票番号": 400, "事故内容": 2, "死者数": 0, "負傷者数": 1, "路線コード": 37210, "地点コード": 0, "市区町村コード": 207, "発生日時　　年": 2024, "発生日時　　月": 7, "発生日時　　日": 27, "発生日時　　時": 8, "発生日時　　分": 20, "昼夜": 12, "日の出時刻　　時": 5, "日の出時刻　　分": 17, "日の入り時刻　　時": 19, "日の入り時刻　　分": 16, "天候": 1, "地形": 2, "路面状態": 1, "道路形状": 7, "信号機": 7, "一時停止規制　標識（当事者A）": 0, "一時停止規制　表示（当事者A）": 0, "一時停止規制　標識（当事者B）": 0, "一時停止規制　表示（当事者B）": 0, "車道幅員": 3, "道路線形": 9, "衝突地点": 1, "ゾーン規制": 1, "中央分離帯施設等": 5, "歩車道区分": 3, "事故類型": 1, "年齢（当事者A）": 55, "年齢（当事者B）": 1, "当事者種別（当事者A）": 12, "当事者種別（当事者B）": 61, "用途別（当事者A）": 1, "用途別（当事者B）": 0, "車両形状等（当事者A）": 11, "車両形状等（当事者B）": 0, "オートマチック車（当事者A）": 2, "オートマチック車（当事者B）": 0, "サポカー（当事者A）": 11, "サポカー（当事者B）": 0, "速度規制（指定のみ）（当事者A）": 2, "速度規制（指定のみ）（当事者B）": 0, "車両の衝突部位（当事者A）": 70, "車両の衝突部位（当事者B）": 0, "車両の損壊程度（当事者A）": 3, "車両の損壊程度（当事者B）": 0, "エアバッグの装備（当事者A）": 2, "エアバッグの装備（当事者B）": 0, "サイドエアバッグの装備（当事者A）": 2, "サイドエアバッグの装備（当事者B）": 0, "人身損傷程度（当事者A）": 4, "人身損傷程度（当事者B）": 2, "地点　緯度（北緯）": 34.47309444, "地点　経度（東経）": 133.3971556, "曜日(発生年月日)": 7, "祝日(発生年月日)": 3, "認知機能検査経過日数（当事者A）": 9999, "認知機能検査経過日数（当事者B）": 0, "運転練習の方法（当事者A）": 9, "運転練習の方法（当事者B）": 0, "field_69": null }, "geometry": { "type": "Point", "coordinates": [ 133.3971556, 34.47309444 ] } },
{ "type": "Feature", "properties": { "資料区分": 1, "都道府県コード": 73, "警察署等コード": 121, "本票番号": 412, "事故内容": 2, "死者数": 0, "負傷者数": 1, "路線コード": 37210, "地点コード": 0, "市区町村コード": 207, "発生日時　　年": 2024, "発生日時　　月": 9, "発生日時　　日": 11, "発生日時　　時": 13, "発生日時　　分": 22, "昼夜": 12, "日の出時刻　　時": 5, "日の出時刻　　分": 50, "日の入り時刻　　時": 18, "日の入り時刻　　分": 23, "天候": 1, "地形": 1, "路面状態": 1, "道路形状": 7, "信号機": 7, "一時停止規制　標識（当事者A）": 0, "一時停止規制　表示（当事者A）": 0, "一時停止規制　標識（当事者B）": 0, "一時停止規制　表示（当事者B）": 0, "車道幅員": 3, "道路線形": 9, "衝突地点": 1, "ゾーン規制": 70, "中央分離帯施設等": 5, "歩車道区分": 4, "事故類型": 1, "年齢（当事者A）": 25, "年齢（当事者B）": 35, "当事者種別（当事者A）": 4, "当事者種別（当事者B）": 61, "用途別（当事者A）": 31, "用途別（当事者B）": 0, "車両形状等（当事者A）": 1, "車両形状等（当事者B）": 0, "オートマチック車（当事者A）": 1, "オートマチック車（当事者B）": 0, "サポカー（当事者A）": 11, "サポカー（当事者B）": 0, "速度規制（指定のみ）（当事者A）": 10, "速度規制（指定のみ）（当事者B）": 0, "車両の衝突部位（当事者A）": 80, "車両の衝突部位（当事者B）": 0, "車両の損壊程度（当事者A）": 2, "車両の損壊程度（当事者B）": 0, "エアバッグの装備（当事者A）": 1, "エアバッグの装備（当事者B）": 0, "サイドエアバッグの装備（当事者A）": 1, "サイドエアバッグの装備（当事者B）": 0, "人身損傷程度（当事者A）": 4, "人身損傷程度（当事者B）": 2, "地点　緯度（北緯）": 34.51174889, "地点　経度（東経）": 133.4149517, "曜日(発生年月日)": 4, "祝日(発生年月日)": 3, "認知機能検査経過日数（当事者A）": 9999, "認知機能検査経過日数（当事者B）": 0, "運転練習の方法（当事者A）": 1, "運転練習の方法（当事者B）": 0, "field_69": null }, "geometry": { "type": "Point", "coordinates": [ 133.414951699999989, 34.51174889 ] } },
{ "type": "Feature", "properties": { "資料区分": 1, "都道府県コード": 73, "警察署等コード": 121, "本票番号": 429, "事故内容": 1, "死者数": 1, "負傷者数": 0, "路線コード": 20, "地点コード": 2280, "市区町村コード": 207, "発生日時　　年": 2024, "発生日時　　月": 9, "発生日時　　日": 29, "発生日時　　時": 5, "発生日時　　分": 35, "昼夜": 23, "日の出時刻　　時": 6, "日の出時刻　　分": 3, "日の入り時刻　　時": 17, "日の入り時刻　　分": 57, "天候": 2, "地形": 1, "路面状態": 1, "道路形状": 7, "信号機": 7, "一時停止規制　標識（当事者A）": 0, "一時停止規制　表示（当事者A）": 0, "一時停止規制　標識（当事者B）": 0, "一時停止規制　表示（当事者B）": 0, "車道幅員": 6, "道路線形": 9, "衝突地点": 1, "ゾーン規制": 70, "中央分離帯施設等": 1, "歩車道区分": 2, "事故類型": 1, "年齢（当事者A）": 45, "年齢（当事者B）": 65, "当事者種別（当事者A）": 3, "当事者種別（当事者B）": 61, "用途別（当事者A）": 31, "用途別（当事者B）": 0, "車両形状等（当事者A）": 1, "車両形状等（当事者B）": 0, "オートマチック車（当事者A）": 1, "オートマチック車（当事者B）": 0, "サポカー（当事者A）": 11, "サポカー（当事者B）": 0, "速度規制（指定のみ）（当事者A）": 4, "速度規制（指定のみ）（当事者B）": 0, "車両の衝突部位（当事者A）": 50, "車両の衝突部位（当事者B）": 0, "車両の損壊程度（当事者A）": 3, "車両の損壊程度（当事者B）": 0, "エアバッグの装備（当事者A）": 2, "エアバッグの装備（当事者B）": 0, "サイドエアバッグの装備（当事者A）": 2, "サイドエアバッグの装備（当事者B）": 0, "人身損傷程度（当事者A）": 4, "人身損傷程度（当事者B）": 1, "地点　緯度（北緯）": 34.48866, "地点　経度（東経）": 133.3928097, "曜日(発生年月日)": 1, "祝日(発生年月日)": 3, "認知機能検査経過日数（当事者A）": 9999, "認知機能検査経過日数（当事者B）": 0, "運転練習の方法（当事者A）": 1, "運転練習の方法（当事者B）": 0, "field_69": null }, "geometry": { "type": "Point", "coordinates": [ 133.392809699999987, 34.48866 ] } },
{ "type": "Feature", "properties": { "資料区分": 1, "都道府県コード": 73, "警察署等コード": 124, "本票番号": 32, "事故内容": 2, "死者数": 0, "負傷者数": 1, "路線コード": 99000, "地点コード": 0, "市区町村コード": 209, "発生日時　　年": 2024, "発生日時　　月": 8, "発生日時　　日": 28, "発生日時　　時": 9, "発生日時　　分": 50, "昼夜": 12, "日の出時刻　　時": 5, "日の出時刻　　分": 40, "日の入り時刻　　時": 18, "日の入り時刻　　分": 42, "天候": 1, "地形": 3, "路面状態": 1, "道路形状": 0, "信号機": 7, "一時停止規制　標識（当事者A）": 0, "一時停止規制　表示（当事者A）": 0, "一時停止規制　標識（当事者B）": 0, "一時停止規制　表示（当事者B）": 0, "車道幅員": 0, "道路線形": 0, "衝突地点": 20, "ゾーン規制": 70, "中央分離帯施設等": 0, "歩車道区分": 4, "事故類型": 1, "年齢（当事者A）": 55, "年齢（当事者B）": 75, "当事者種別（当事者A）": 14, "当事者種別（当事者B）": 61, "用途別（当事者A）": 31, "用途別（当事者B）": 0, "車両形状等（当事者A）": 11, "車両形状等（当事者B）": 0, "オートマチック車（当事者A）": 2, "オートマチック車（当事者B）": 0, "サポカー（当事者A）": 11, "サポカー（当事者B）": 0, "速度規制（指定のみ）（当事者A）": 10, "速度規制（指定のみ）（当事者B）": 0, "車両の衝突部位（当事者A）": 50, "車両の衝突部位（当事者B）": 0, "車両の損壊程度（当事者A）": 4, "車両の損壊程度（当事者B）": 0, "エアバッグの装備（当事者A）": 2, "エアバッグの装備（当事者B）": 0, "サイドエアバッグの装備（当事者A）": 2, "サイドエアバッグの装備（当事者B）": 0, "人身損傷程度（当事者A）": 4, "人身損傷程度（当事者B）": 2, "地点　緯度（北緯）": 34.80546528, "地点　経度（東経）": 132.8718014, "曜日(発生年月日)": 4, "祝日(発生年月日)": 3, "認知機能検査経過日数（当事者A）": 9999, "認知機能検査経過日数（当事者B）": 0, "運転練習の方法（当事者A）": 9, "運転練習の方法（当事者B）": 0, "field_69": null }, "geometry": { "type": "Point", "coordinates": [ 132.87180140000001, 34.80546528 ] } },
{ "type": "Feature", "properties": { "資料区分": 1, "都道府県コード": 73, "警察署等コード": 127, "本票番号": 181, "事故内容": 2, "死者数": 0, "負傷者数": 1, "路線コード": 37270, "地点コード": 0, "市区町村コード": 104, "発生日時　　年": 2023, "発生日時　　月": 8, "発生日時　　日": 29, "発生日時　　時": 7, "発生日時　　分": 30, "昼夜": 12, "日の出時刻　　時": 5, "日の出時刻　　分": 41, "日の入り時刻　　時": 18, "日の入り時刻　　分": 41, "天候": 1, "地形": 1, "路面状態": 1, "道路形状": 7, "信号機": 1, "一時停止規制　標識（当事者A）": 0, "一時停止規制　表示（当事者A）": 0, "一時停止規制　標識（当事者B）": 0, "一時停止規制　表示（当事者B）": 0, "車道幅員": 2, "道路線形": 9, "衝突地点": 1, "ゾーン規制": 70, "中央分離帯施設等": 5, "歩車道区分": 4, "事故類型": 1, "年齢（当事者A）": 45, "年齢（当事者B）": 1, "当事者種別（当事者A）": 3, "当事者種別（当事者B）": 61, "用途別（当事者A）": 31, "用途別（当事者B）": 0, "車両形状等（当事者A）": 1, "車両形状等（当事者B）": 0, "オートマチック車（当事者A）": 1, "オートマチック車（当事者B）": 0, "サポカー（当事者A）": 11, "サポカー（当事者B）": 0, "速度規制（指定のみ）（当事者A）": 10, "速度規制（指定のみ）（当事者B）": 0, "車両の衝突部位（当事者A）": 80, "車両の衝突部位（当事者B）": 0, "車両の損壊程度（当事者A）": 3, "車両の損壊程度（当事者B）": 0, "エアバッグの装備（当事者A）": 2, "エアバッグの装備（当事者B）": 0, "サイドエアバッグの装備（当事者A）": 2, "サイドエアバッグの装備（当事者B）": 0, "人身損傷程度（当事者A）": 4, "人身損傷程度（当事者B）": 2, "地点　緯度（北緯）": 34.39123056, "地点　経度（東経）": 132.4150417, "曜日(発生年月日)": 3, "祝日(発生年月日)": 3, "認知機能検査経過日数（当事者A）": 9999, "認知機能検査経過日数（当事者B）": 0, "運転練習の方法（当事者A）": 9, "運転練習の方法（当事者B）": 0, "field_69": null }, "geometry": { "type": "Point", "coordinates": [ 132.415041699999989, 34.39123056 ] } },
{ "type": "Feature", "properties": { "資料区分": 1, "都道府県コード": 73, "警察署等コード": 128, "本票番号": 142, "事故内容": 2, "死者数": 0, "負傷者数": 1, "路線コード": 37280, "地点コード": 0, "市区町村コード": 207, "発生日時　　年": 2024, "発生日時　　月": 8, "発生日時　　日": 19, "発生日時　　時": 18, "発生日時　　分": 33, "昼夜": 13, "日の出時刻　　時": 5, "日の出時刻　　分": 34, "日の入り時刻　　時": 18, "日の入り時刻　　分": 53, "天候": 3, "地形": 3, "路面状態": 2, "道路形状": 1, "信号機": 7, "一時停止規制　標識（当事者A）": 1, "一時停止規制　表示（当事者A）": 21, "一時停止規制　標識（当事者B）": 0, "一時停止規制　表示（当事者B）": 0, "車道幅員": 15, "道路線形": 9, "衝突地点": 30, "ゾーン規制": 1, "中央分離帯施設等": 5, "歩車道区分": 3, "事故類型": 1, "年齢（当事者A）": 75, "年齢（当事者B）": 65, "当事者種別（当事者A）": 3, "当事者種別（当事者B）": 61, "用途別（当事者A）": 31, "用途別（当事者B）": 0, "車両形状等（当事者A）": 1, "車両形状等（当事者B）": 0, "オートマチック車（当事者A）": 1, "オートマチック車（当事者B）": 0, "サポカー（当事者A）": 11, "サポカー（当事者B）": 0, "速度規制（指定のみ）（当事者A）": 2, "速度規制（指定のみ）（当事者B）": 0, "車両の衝突部位（当事者A）": 50, "車両の衝突部位（当事者B）": 0, "車両の損壊程度（当事者A）": 3, "車両の損壊程度（当事者B）": 0, "エアバッグの装備（当事者A）": 2, "エアバッグの装備（当事者B）": 0, "サイドエアバッグの装備（当事者A）": 2, "サイドエアバッグの装備（当事者B）": 0, "人身損傷程度（当事者A）": 4, "人身損傷程度（当事者B）": 2, "地点　緯度（北緯）": 34.54364444, "地点　経度（東経）": 133.3265158, "曜日(発生年月日)": 2, "祝日(発生年月日)": 3, "認知機能検査経過日数（当事者A）": 465, "認知機能検査経過日数（当事者B）": 0, "運転練習の方法（当事者A）": 9, "運転練習の方法（当事者B）": 0, "field_69": null }, "geometry": { "type": "Point", "coordinates": [ 133.32651580000001, 34.54364444 ] } },
{ "type": "Feature", "properties": { "資料区分": 1, "都道府県コード": 73, "警察署等コード": 128, "本票番号": 144, "事故内容": 1, "死者数": 1, "負傷者数": 0, "路線コード": 4860, "地点コード": 0, "市区町村コード": 207, "発生日時　　年": 2024, "発生日時　　月": 9, "発生日時　　日": 7, "発生日時　　時": 21, "発生日時　　分": 0, "昼夜": 22, "日の出時刻　　時": 5, "日の出時刻　　分": 47, "日の入り時刻　　時": 18, "日の入り時刻　　分": 28, "天候": 1, "地形": 3, "路面状態": 1, "道路形状": 1, "信号機": 7, "一時停止規制　標識（当事者A）": 9, "一時停止規制　表示（当事者A）": 22, "一時停止規制　標識（当事者B）": 0, "一時停止規制　表示（当事者B）": 0, "車道幅員": 14, "道路線形": 9, "衝突地点": 30, "ゾーン規制": 70, "中央分離帯施設等": 5, "歩車道区分": 2, "事故類型": 1, "年齢（当事者A）": 75, "年齢（当事者B）": 55, "当事者種別（当事者A）": 3, "当事者種別（当事者B）": 61, "用途別（当事者A）": 31, "用途別（当事者B）": 0, "車両形状等（当事者A）": 1, "車両形状等（当事者B）": 0, "オートマチック車（当事者A）": 1, "オートマチック車（当事者B）": 0, "サポカー（当事者A）": 11, "サポカー（当事者B）": 0, "速度規制（指定のみ）（当事者A）": 4, "速度規制（指定のみ）（当事者B）": 0, "車両の衝突部位（当事者A）": 10, "車両の衝突部位（当事者B）": 0, "車両の損壊程度（当事者A）": 3, "車両の損壊程度（当事者B）": 0, "エアバッグの装備（当事者A）": 2, "エアバッグの装備（当事者B）": 0, "サイドエアバッグの装備（当事者A）": 2, "サイドエアバッグの装備（当事者B）": 0, "人身損傷程度（当事者A）": 4, "人身損傷程度（当事者B）": 1, "地点　緯度（北緯）": 34.54553333, "地点　経度（東経）": 133.3417958, "曜日(発生年月日)": 7, "祝日(発生年月日)": 3, "認知機能検査経過日数（当事者A）": 1085, "認知機能検査経過日数（当事者B）": 0, "運転練習の方法（当事者A）": 9, "運転練習の方法（当事者B）": 0, "field_69": null }, "geometry": { "type": "Point", "coordinates": [ 133.3417958, 34.54553333 ] } },
{ "type": "Feature", "properties": { "資料区分": 1, "都道府県コード": 73, "警察署等コード": 128, "本票番号": 152, "事故内容": 2, "死者数": 0, "負傷者数": 1, "路線コード": 23910, "地点コード": 0, "市区町村コード": 207, "発生日時　　年": 2024, "発生日時　　月": 9, "発生日時　　日": 16, "発生日時　　時": 6, "発生日時　　分": 4, "昼夜": 11, "日の出時刻　　時": 5, "日の出時刻　　分": 54, "日の入り時刻　　時": 18, "日の入り時刻　　分": 16, "天候": 1, "地形": 3, "路面状態": 1, "道路形状": 1, "信号機": 1, "一時停止規制　標識（当事者A）": 9, "一時停止規制　表示（当事者A）": 22, "一時停止規制　標識（当事者B）": 0, "一時停止規制　表示（当事者B）": 0, "車道幅員": 18, "道路線形": 9, "衝突地点": 30, "ゾーン規制": 70, "中央分離帯施設等": 4, "歩車道区分": 2, "事故類型": 1, "年齢（当事者A）": 35, "年齢（当事者B）": 75, "当事者種別（当事者A）": 13, "当事者種別（当事者B）": 61, "用途別（当事者A）": 31, "用途別（当事者B）": 0, "車両形状等（当事者A）": 11, "車両形状等（当事者B）": 0, "オートマチック車（当事者A）": 1, "オートマチック車（当事者B）": 0, "サポカー（当事者A）": 11, "サポカー（当事者B）": 0, "速度規制（指定のみ）（当事者A）": 4, "速度規制（指定のみ）（当事者B）": 0, "車両の衝突部位（当事者A）": 50, "車両の衝突部位（当事者B）": 0, "車両の損壊程度（当事者A）": 3, "車両の損壊程度（当事者B）": 0, "エアバッグの装備（当事者A）": 2, "エアバッグの装備（当事者B）": 0, "サイドエアバッグの装備（当事者A）": 2, "サイドエアバッグの装備（当事者B）": 0, "人身損傷程度（当事者A）": 4, "人身損傷程度（当事者B）": 2, "地点　緯度（北緯）": 34.54845556, "地点　経度（東経）": 133.3472194, "曜日(発生年月日)": 2, "祝日(発生年月日)": 1, "認知機能検査経過日数（当事者A）": 9999, "認知機能検査経過日数（当事者B）": 0, "運転練習の方法（当事者A）": 1, "運転練習の方法（当事者B）": 0, "field_69": null }, "geometry": { "type": "Point", "coordinates": [ 133.3472194, 34.54845556 ] } },
{ "type": "Feature", "properties": { "資料区分": 1, "都道府県コード": 73, "警察署等コード": 128, "本票番号": 154, "事故内容": 2, "死者数": 0, "負傷者数": 1, "路線コード": 99000, "地点コード": 0, "市区町村コード": 207, "発生日時　　年": 2024, "発生日時　　月": 9, "発生日時　　日": 6, "発生日時　　時": 6, "発生日時　　分": 0, "昼夜": 11, "日の出時刻　　時": 5, "日の出時刻　　分": 47, "日の入り時刻　　時": 18, "日の入り時刻　　分": 30, "天候": 1, "地形": 3, "路面状態": 1, "道路形状": 0, "信号機": 7, "一時停止規制　標識（当事者A）": 0, "一時停止規制　表示（当事者A）": 0, "一時停止規制　標識（当事者B）": 0, "一時停止規制　表示（当事者B）": 0, "車道幅員": 0, "道路線形": 0, "衝突地点": 20, "ゾーン規制": 1, "中央分離帯施設等": 0, "歩車道区分": 4, "事故類型": 1, "年齢（当事者A）": 35, "年齢（当事者B）": 65, "当事者種別（当事者A）": 3, "当事者種別（当事者B）": 61, "用途別（当事者A）": 31, "用途別（当事者B）": 0, "車両形状等（当事者A）": 1, "車両形状等（当事者B）": 0, "オートマチック車（当事者A）": 1, "オートマチック車（当事者B）": 0, "サポカー（当事者A）": 11, "サポカー（当事者B）": 0, "速度規制（指定のみ）（当事者A）": 10, "速度規制（指定のみ）（当事者B）": 0, "車両の衝突部位（当事者A）": 80, "車両の衝突部位（当事者B）": 0, "車両の損壊程度（当事者A）": 3, "車両の損壊程度（当事者B）": 0, "エアバッグの装備（当事者A）": 2, "エアバッグの装備（当事者B）": 0, "サイドエアバッグの装備（当事者A）": 2, "サイドエアバッグの装備（当事者B）": 0, "人身損傷程度（当事者A）": 4, "人身損傷程度（当事者B）": 2, "地点　緯度（北緯）": 34.55440222, "地点　経度（東経）": 133.2767461, "曜日(発生年月日)": 6, "祝日(発生年月日)": 3, "認知機能検査経過日数（当事者A）": 9999, "認知機能検査経過日数（当事者B）": 0, "運転練習の方法（当事者A）": 5, "運転練習の方法（当事者B）": 0, "field_69": null }, "geometry": { "type": "Point", "coordinates": [ 133.2767461, 34.55440222 ] } },
{ "type": "Feature", "properties": { "資料区分": 1, "都道府県コード": 73, "警察署等コード": 129, "本票番号": 141, "事故内容": 2, "死者数": 0, "負傷者数": 1, "路線コード": 14410, "地点コード": 0, "市区町村コード": 108, "発生日時　　年": 2024, "発生日時　　月": 8, "発生日時　　日": 10, "発生日時　　時": 17, "発生日時　　分": 27, "昼夜": 12, "日の出時刻　　時": 5, "日の出時刻　　分": 27, "日の入り時刻　　時": 19, "日の入り時刻　　分": 3, "天候": 1, "地形": 1, "路面状態": 1, "道路形状": 1, "信号機": 1, "一時停止規制　標識（当事者A）": 9, "一時停止規制　表示（当事者A）": 22, "一時停止規制　標識（当事者B）": 0, "一時停止規制　表示（当事者B）": 0, "車道幅員": 15, "道路線形": 9, "衝突地点": 30, "ゾーン規制": 70, "中央分離帯施設等": 5, "歩車道区分": 2, "事故類型": 1, "年齢（当事者A）": 55, "年齢（当事者B）": 75, "当事者種別（当事者A）": 13, "当事者種別（当事者B）": 61, "用途別（当事者A）": 31, "用途別（当事者B）": 0, "車両形状等（当事者A）": 11, "車両形状等（当事者B）": 0, "オートマチック車（当事者A）": 1, "オートマチック車（当事者B）": 0, "サポカー（当事者A）": 11, "サポカー（当事者B）": 0, "速度規制（指定のみ）（当事者A）": 3, "速度規制（指定のみ）（当事者B）": 0, "車両の衝突部位（当事者A）": 10, "車両の衝突部位（当事者B）": 0, "車両の損壊程度（当事者A）": 3, "車両の損壊程度（当事者B）": 0, "エアバッグの装備（当事者A）": 2, "エアバッグの装備（当事者B）": 0, "サイドエアバッグの装備（当事者A）": 2, "サイドエアバッグの装備（当事者B）": 0, "人身損傷程度（当事者A）": 4, "人身損傷程度（当事者B）": 2, "地点　緯度（北緯）": 34.3891275, "地点　経度（東経）": 132.355635, "曜日(発生年月日)": 7, "祝日(発生年月日)": 2, "認知機能検査経過日数（当事者A）": 9999, "認知機能検査経過日数（当事者B）": 0, "運転練習の方法（当事者A）": 9, "運転練習の方法（当事者B）": 0, "field_69": null }, "geometry": { "type": "Point", "coordinates": [ 132.355635, 34.3891275 ] } },
{ "type": "Feature", "properties": { "資料区分": 1, "都道府県コード": 73, "警察署等コード": 129, "本票番号": 145, "事故内容": 2, "死者数": 0, "負傷者数": 1, "路線コード": 99000, "地点コード": 0, "市区町村コード": 108, "発生日時　　年": 2024, "発生日時　　月": 8, "発生日時　　日": 5, "発生日時　　時": 13, "発生日時　　分": 32, "昼夜": 12, "日の出時刻　　時": 5, "日の出時刻　　分": 24, "日の入り時刻　　時": 19, "日の入り時刻　　分": 8, "天候": 1, "地形": 3, "路面状態": 1, "道路形状": 0, "信号機": 7, "一時停止規制　標識（当事者A）": 0, "一時停止規制　表示（当事者A）": 0, "一時停止規制　標識（当事者B）": 0, "一時停止規制　表示（当事者B）": 0, "車道幅員": 0, "道路線形": 0, "衝突地点": 20, "ゾーン規制": 70, "中央分離帯施設等": 0, "歩車道区分": 4, "事故類型": 1, "年齢（当事者A）": 25, "年齢（当事者B）": 25, "当事者種別（当事者A）": 3, "当事者種別（当事者B）": 61, "用途別（当事者A）": 31, "用途別（当事者B）": 0, "車両形状等（当事者A）": 1, "車両形状等（当事者B）": 0, "オートマチック車（当事者A）": 1, "オートマチック車（当事者B）": 0, "サポカー（当事者A）": 11, "サポカー（当事者B）": 0, "速度規制（指定のみ）（当事者A）": 10, "速度規制（指定のみ）（当事者B）": 0, "車両の衝突部位（当事者A）": 10, "車両の衝突部位（当事者B）": 0, "車両の損壊程度（当事者A）": 3, "車両の損壊程度（当事者B）": 0, "エアバッグの装備（当事者A）": 2, "エアバッグの装備（当事者B）": 0, "サイドエアバッグの装備（当事者A）": 2, "サイドエアバッグの装備（当事者B）": 0, "人身損傷程度（当事者A）": 4, "人身損傷程度（当事者B）": 2, "地点　緯度（北緯）": 34.40949194, "地点　経度（東経）": 132.3986267, "曜日(発生年月日)": 2, "祝日(発生年月日)": 3, "認知機能検査経過日数（当事者A）": 9999, "認知機能検査経過日数（当事者B）": 0, "運転練習の方法（当事者A）": 1, "運転練習の方法（当事者B）": 0, "field_69": null }, "geometry": { "type": "Point", "coordinates": [ 132.3986267, 34.40949194 ] } },
{ "type": "Feature", "properties": { "資料区分": 1, "都道府県コード": 73, "警察署等コード": 101, "本票番号": 170, "事故内容": 2, "死者数": 0, "負傷者数": 1, "路線コード": 37010, "地点コード": 0, "市区町村コード": 102, "発生日時　　年": 2024, "発生日時　　月": 9, "発生日時　　日": 22, "発生日時　　時": 9, "発生日時　　分": 25, "昼夜": 12, "日の出時刻　　時": 5, "日の出時刻　　分": 58, "日の入り時刻　　時": 18, "日の入り時刻　　分": 7, "天候": 2, "地形": 1, "路面状態": 2, "道路形状": 7, "信号機": 7, "一時停止規制　標識（当事者A）": 0, "一時停止規制　表示（当事者A）": 0, "一時停止規制　標識（当事者B）": 0, "一時停止規制　表示（当事者B）": 0, "車道幅員": 2, "道路線形": 5, "衝突地点": 1, "ゾーン規制": 70, "中央分離帯施設等": 5, "歩車道区分": 4, "事故類型": 1, "年齢（当事者A）": 1, "年齢（当事者B）": 45, "当事者種別（当事者A）": 51, "当事者種別（当事者B）": 61, "用途別（当事者A）": 41, "用途別（当事者B）": 0, "車両形状等（当事者A）": 0, "車両形状等（当事者B）": 0, "オートマチック車（当事者A）": 0, "オートマチック車（当事者B）": 0, "サポカー（当事者A）": 0, "サポカー（当事者B）": 0, "速度規制（指定のみ）（当事者A）": 0, "速度規制（指定のみ）（当事者B）": 0, "車両の衝突部位（当事者A）": 10, "車両の衝突部位（当事者B）": 0, "車両の損壊程度（当事者A）": 4, "車両の損壊程度（当事者B）": 0, "エアバッグの装備（当事者A）": 0, "エアバッグの装備（当事者B）": 0, "サイドエアバッグの装備（当事者A）": 0, "サイドエアバッグの装備（当事者B）": 0, "人身損傷程度（当事者A）": 4, "人身損傷程度（当事者B）": 2, "地点　緯度（北緯）": 34.43362722, "地点　経度（東経）": 132.4802769, "曜日(発生年月日)": 1, "祝日(発生年月日)": 2, "認知機能検査経過日数（当事者A）": 0, "認知機能検査経過日数（当事者B）": 0, "運転練習の方法（当事者A）": 0, "運転練習の方法（当事者B）": 0, "field_69": null }, "geometry": { "type": "Point", "coordinates": [ 132.4802769, 34.43362722 ] } },
{ "type": "Feature", "properties": { "資料区分": 1, "都道府県コード": 73, "警察署等コード": 101, "本票番号": 177, "事故内容": 2, "死者数": 0, "負傷者数": 1, "路線コード": 37010, "地点コード": 0, "市区町村コード": 102, "発生日時　　年": 2024, "発生日時　　月": 10, "発生日時　　日": 11, "発生日時　　時": 16, "発生日時　　分": 17, "昼夜": 12, "日の出時刻　　時": 6, "日の出時刻　　分": 12, "日の入り時刻　　時": 17, "日の入り時刻　　分": 41, "天候": 1, "地形": 1, "路面状態": 1, "道路形状": 14, "信号機": 7, "一時停止規制　標識（当事者A）": 0, "一時停止規制　表示（当事者A）": 0, "一時停止規制　標識（当事者B）": 0, "一時停止規制　表示（当事者B）": 0, "車道幅員": 2, "道路線形": 9, "衝突地点": 1, "ゾーン規制": 70, "中央分離帯施設等": 5, "歩車道区分": 3, "事故類型": 1, "年齢（当事者A）": 55, "年齢（当事者B）": 55, "当事者種別（当事者A）": 3, "当事者種別（当事者B）": 61, "用途別（当事者A）": 31, "用途別（当事者B）": 0, "車両形状等（当事者A）": 1, "車両形状等（当事者B）": 0, "オートマチック車（当事者A）": 1, "オートマチック車（当事者B）": 0, "サポカー（当事者A）": 11, "サポカー（当事者B）": 0, "速度規制（指定のみ）（当事者A）": 2, "速度規制（指定のみ）（当事者B）": 0, "車両の衝突部位（当事者A）": 80, "車両の衝突部位（当事者B）": 0, "車両の損壊程度（当事者A）": 4, "車両の損壊程度（当事者B）": 0, "エアバッグの装備（当事者A）": 2, "エアバッグの装備（当事者B）": 0, "サイドエアバッグの装備（当事者A）": 2, "サイドエアバッグの装備（当事者B）": 0, "人身損傷程度（当事者A）": 4, "人身損傷程度（当事者B）": 2, "地点　緯度（北緯）": 34.42654639, "地点　経度（東経）": 132.4697422, "曜日(発生年月日)": 6, "祝日(発生年月日)": 3, "認知機能検査経過日数（当事者A）": 9999, "認知機能検査経過日数（当事者B）": 0, "運転練習の方法（当事者A）": 9, "運転練習の方法（当事者B）": 0, "field_69": null }, "geometry": { "type": "Point", "coordinates": [ 132.469742200000013, 34.42654639 ] } },
{ "type": "Feature", "properties": { "資料区分": 1, "都道府県コード": 73, "警察署等コード": 101, "本票番号": 179, "事故内容": 2, "死者数": 0, "負傷者数": 1, "路線コード": 37010, "地点コード": 0, "市区町村コード": 102, "発生日時　　年": 2024, "発生日時　　月": 10, "発生日時　　日": 15, "発生日時　　時": 18, "発生日時　　分": 55, "昼夜": 22, "日の出時刻　　時": 6, "日の出時刻　　分": 15, "日の入り時刻　　時": 17, "日の入り時刻　　分": 36, "天候": 1, "地形": 1, "路面状態": 1, "道路形状": 7, "信号機": 1, "一時停止規制　標識（当事者A）": 0, "一時停止規制　表示（当事者A）": 0, "一時停止規制　標識（当事者B）": 0, "一時停止規制　表示（当事者B）": 0, "車道幅員": 4, "道路線形": 8, "衝突地点": 1, "ゾーン規制": 70, "中央分離帯施設等": 4, "歩車道区分": 2, "事故類型": 1, "年齢（当事者A）": 45, "年齢（当事者B）": 1, "当事者種別（当事者A）": 3, "当事者種別（当事者B）": 61, "用途別（当事者A）": 31, "用途別（当事者B）": 0, "車両形状等（当事者A）": 1, "車両形状等（当事者B）": 0, "オートマチック車（当事者A）": 1, "オートマチック車（当事者B）": 0, "サポカー（当事者A）": 11, "サポカー（当事者B）": 0, "速度規制（指定のみ）（当事者A）": 10, "速度規制（指定のみ）（当事者B）": 0, "車両の衝突部位（当事者A）": 80, "車両の衝突部位（当事者B）": 0, "車両の損壊程度（当事者A）": 3, "車両の損壊程度（当事者B）": 0, "エアバッグの装備（当事者A）": 2, "エアバッグの装備（当事者B）": 0, "サイドエアバッグの装備（当事者A）": 2, "サイドエアバッグの装備（当事者B）": 0, "人身損傷程度（当事者A）": 4, "人身損傷程度（当事者B）": 2, "地点　緯度（北緯）": 34.42355861, "地点　経度（東経）": 132.4988639, "曜日(発生年月日)": 3, "祝日(発生年月日)": 3, "認知機能検査経過日数（当事者A）": 9999, "認知機能検査経過日数（当事者B）": 0, "運転練習の方法（当事者A）": 5, "運転練習の方法（当事者B）": 0, "field_69": null }, "geometry": { "type": "Point", "coordinates": [ 132.4988639, 34.42355861 ] } },
{ "type": "Feature", "properties": { "資料区分": 1, "都道府県コード": 73, "警察署等コード": 101, "本票番号": 184, "事故内容": 2, "死者数": 0, "負傷者数": 1, "路線コード": 14700, "地点コード": 0, "市区町村コード": 102, "発生日時　　年": 2024, "発生日時　　月": 9, "発生日時　　日": 26, "発生日時　　時": 20, "発生日時　　分": 6, "昼夜": 22, "日の出時刻　　時": 6, "日の出時刻　　分": 1, "日の入り時刻　　時": 18, "日の入り時刻　　分": 2, "天候": 1, "地形": 1, "路面状態": 1, "道路形状": 1, "信号機": 1, "一時停止規制　標識（当事者A）": 9, "一時停止規制　表示（当事者A）": 22, "一時停止規制　標識（当事者B）": 0, "一時停止規制　表示（当事者B）": 0, "車道幅員": 18, "道路線形": 9, "衝突地点": 30, "ゾーン規制": 70, "中央分離帯施設等": 5, "歩車道区分": 2, "事故類型": 1, "年齢（当事者A）": 65, "年齢（当事者B）": 25, "当事者種別（当事者A）": 4, "当事者種別（当事者B）": 61, "用途別（当事者A）": 31, "用途別（当事者B）": 0, "車両形状等（当事者A）": 1, "車両形状等（当事者B）": 0, "オートマチック車（当事者A）": 1, "オートマチック車（当事者B）": 0, "サポカー（当事者A）": 11, "サポカー（当事者B）": 0, "速度規制（指定のみ）（当事者A）": 3, "速度規制（指定のみ）（当事者B）": 0, "車両の衝突部位（当事者A）": 10, "車両の衝突部位（当事者B）": 0, "車両の損壊程度（当事者A）": 2, "車両の損壊程度（当事者B）": 0, "エアバッグの装備（当事者A）": 2, "エアバッグの装備（当事者B）": 0, "サイドエアバッグの装備（当事者A）": 2, "サイドエアバッグの装備（当事者B）": 0, "人身損傷程度（当事者A）": 4, "人身損傷程度（当事者B）": 2, "地点　緯度（北緯）": 34.39570472, "地点　経度（東経）": 132.485885, "曜日(発生年月日)": 5, "祝日(発生年月日)": 3, "認知機能検査経過日数（当事者A）": 9999, "認知機能検査経過日数（当事者B）": 0, "運転練習の方法（当事者A）": 9, "運転練習の方法（当事者B）": 0, "field_69": null }, "geometry": { "type": "Point", "coordinates": [ 132.485885, 34.39570472 ] } },
{ "type": "Feature", "properties": { "資料区分": 1, "都道府県コード": 73, "警察署等コード": 102, "本票番号": 302, "事故内容": 2, "死者数": 0, "負傷者数": 1, "路線コード": 37020, "地点コード": 0, "市区町村コード": 101, "発生日時　　年": 2024, "発生日時　　月": 6, "発生日時　　日": 29, "発生日時　　時": 17, "発生日時　　分": 30, "昼夜": 12, "日の出時刻　　時": 5, "日の出時刻　　分": 1, "日の入り時刻　　時": 19, "日の入り時刻　　分": 27, "天候": 3, "地形": 1, "路面状態": 1, "道路形状": 7, "信号機": 7, "一時停止規制　標識（当事者A）": 0, "一時停止規制　表示（当事者A）": 0, "一時停止規制　標識（当事者B）": 0, "一時停止規制　表示（当事者B）": 0, "車道幅員": 3, "道路線形": 9, "衝突地点": 1, "ゾーン規制": 70, "中央分離帯施設等": 5, "歩車道区分": 2, "事故類型": 1, "年齢（当事者A）": 35, "年齢（当事者B）": 25, "当事者種別（当事者A）": 4, "当事者種別（当事者B）": 61, "用途別（当事者A）": 31, "用途別（当事者B）": 0, "車両形状等（当事者A）": 1, "車両形状等（当事者B）": 0, "オートマチック車（当事者A）": 1, "オートマチック車（当事者B）": 0, "サポカー（当事者A）": 11, "サポカー（当事者B）": 0, "速度規制（指定のみ）（当事者A）": 10, "速度規制（指定のみ）（当事者B）": 0, "車両の衝突部位（当事者A）": 80, "車両の衝突部位（当事者B）": 0, "車両の損壊程度（当事者A）": 3, "車両の損壊程度（当事者B）": 0, "エアバッグの装備（当事者A）": 2, "エアバッグの装備（当事者B）": 0, "サイドエアバッグの装備（当事者A）": 2, "サイドエアバッグの装備（当事者B）": 0, "人身損傷程度（当事者A）": 4, "人身損傷程度（当事者B）": 2, "地点　緯度（北緯）": 34.39013167, "地点　経度（東経）": 132.4636567, "曜日(発生年月日)": 7, "祝日(発生年月日)": 3, "認知機能検査経過日数（当事者A）": 9999, "認知機能検査経過日数（当事者B）": 0, "運転練習の方法（当事者A）": 1, "運転練習の方法（当事者B）": 0, "field_69": null }, "geometry": { "type": "Point", "coordinates": [ 132.4636567, 34.39013167 ] } },
{ "type": "Feature", "properties": { "資料区分": 1, "都道府県コード": 73, "警察署等コード": 102, "本票番号": 306, "事故内容": 2, "死者数": 0, "負傷者数": 1, "路線コード": 1830, "地点コード": 0, "市区町村コード": 101, "発生日時　　年": 2024, "発生日時　　月": 9, "発生日時　　日": 7, "発生日時　　時": 19, "発生日時　　分": 0, "昼夜": 21, "日の出時刻　　時": 5, "日の出時刻　　分": 47, "日の入り時刻　　時": 18, "日の入り時刻　　分": 28, "天候": 1, "地形": 1, "路面状態": 1, "道路形状": 1, "信号機": 1, "一時停止規制　標識（当事者A）": 9, "一時停止規制　表示（当事者A）": 22, "一時停止規制　標識（当事者B）": 0, "一時停止規制　表示（当事者B）": 0, "車道幅員": 19, "道路線形": 9, "衝突地点": 30, "ゾーン規制": 70, "中央分離帯施設等": 5, "歩車道区分": 2, "事故類型": 1, "年齢（当事者A）": 55, "年齢（当事者B）": 35, "当事者種別（当事者A）": 3, "当事者種別（当事者B）": 61, "用途別（当事者A）": 31, "用途別（当事者B）": 0, "車両形状等（当事者A）": 1, "車両形状等（当事者B）": 0, "オートマチック車（当事者A）": 1, "オートマチック車（当事者B）": 0, "サポカー（当事者A）": 11, "サポカー（当事者B）": 0, "速度規制（指定のみ）（当事者A）": 3, "速度規制（指定のみ）（当事者B）": 0, "車両の衝突部位（当事者A）": 10, "車両の衝突部位（当事者B）": 0, "車両の損壊程度（当事者A）": 3, "車両の損壊程度（当事者B）": 0, "エアバッグの装備（当事者A）": 2, "エアバッグの装備（当事者B）": 0, "サイドエアバッグの装備（当事者A）": 2, "サイドエアバッグの装備（当事者B）": 0, "人身損傷程度（当事者A）": 4, "人身損傷程度（当事者B）": 2, "地点　緯度（北緯）": 34.39755806, "地点　経度（東経）": 132.4469936, "曜日(発生年月日)": 7, "祝日(発生年月日)": 3, "認知機能検査経過日数（当事者A）": 9999, "認知機能検査経過日数（当事者B）": 0, "運転練習の方法（当事者A）": 9, "運転練習の方法（当事者B）": 0, "field_69": null }, "geometry": { "type": "Point", "coordinates": [ 132.446993600000013, 34.39755806 ] } },
{ "type": "Feature", "properties": { "資料区分": 1, "都道府県コード": 73, "警察署等コード": 102, "本票番号": 312, "事故内容": 1, "死者数": 1, "負傷者数": 0, "路線コード": 20, "地点コード": 3353, "市区町村コード": 101, "発生日時　　年": 2024, "発生日時　　月": 10, "発生日時　　日": 10, "発生日時　　時": 2, "発生日時　　分": 33, "昼夜": 22, "日の出時刻　　時": 6, "日の出時刻　　分": 11, "日の入り時刻　　時": 17, "日の入り時刻　　分": 43, "天候": 1, "地形": 1, "路面状態": 1, "道路形状": 1, "信号機": 1, "一時停止規制　標識（当事者A）": 9, "一時停止規制　表示（当事者A）": 22, "一時停止規制　標識（当事者B）": 0, "一時停止規制　表示（当事者B）": 0, "車道幅員": 19, "道路線形": 9, "衝突地点": 30, "ゾーン規制": 70, "中央分離帯施設等": 5, "歩車道区分": 2, "事故類型": 1, "年齢（当事者A）": 45, "年齢（当事者B）": 35, "当事者種別（当事者A）": 11, "当事者種別（当事者B）": 61, "用途別（当事者A）": 1, "用途別（当事者B）": 0, "車両形状等（当事者A）": 11, "車両形状等（当事者B）": 0, "オートマチック車（当事者A）": 2, "オートマチック車（当事者B）": 0, "サポカー（当事者A）": 11, "サポカー（当事者B）": 0, "速度規制（指定のみ）（当事者A）": 4, "速度規制（指定のみ）（当事者B）": 0, "車両の衝突部位（当事者A）": 80, "車両の衝突部位（当事者B）": 0, "車両の損壊程度（当事者A）": 3, "車両の損壊程度（当事者B）": 0, "エアバッグの装備（当事者A）": 2, "エアバッグの装備（当事者B）": 0, "サイドエアバッグの装備（当事者A）": 2, "サイドエアバッグの装備（当事者B）": 0, "人身損傷程度（当事者A）": 4, "人身損傷程度（当事者B）": 1, "地点　緯度（北緯）": 34.38260028, "地点　経度（東経）": 132.4617533, "曜日(発生年月日)": 5, "祝日(発生年月日)": 3, "認知機能検査経過日数（当事者A）": 9999, "認知機能検査経過日数（当事者B）": 0, "運転練習の方法（当事者A）": 5, "運転練習の方法（当事者B）": 0, "field_69": null }, "geometry": { "type": "Point", "coordinates": [ 132.4617533, 34.38260028 ] } },
{ "type": "Feature", "properties": { "資料区分": 1, "都道府県コード": 73, "警察署等コード": 103, "本票番号": 212, "事故内容": 2, "死者数": 0, "負傷者数": 1, "路線コード": 99000, "地点コード": 0, "市区町村コード": 103, "発生日時　　年": 2024, "発生日時　　月": 9, "発生日時　　日": 7, "発生日時　　時": 12, "発生日時　　分": 53, "昼夜": 12, "日の出時刻　　時": 5, "日の出時刻　　分": 47, "日の入り時刻　　時": 18, "日の入り時刻　　分": 28, "天候": 1, "地形": 1, "路面状態": 1, "道路形状": 0, "信号機": 7, "一時停止規制　標識（当事者A）": 0, "一時停止規制　表示（当事者A）": 0, "一時停止規制　標識（当事者B）": 0, "一時停止規制　表示（当事者B）": 0, "車道幅員": 0, "道路線形": 0, "衝突地点": 20, "ゾーン規制": 70, "中央分離帯施設等": 0, "歩車道区分": 4, "事故類型": 1, "年齢（当事者A）": 45, "年齢（当事者B）": 25, "当事者種別（当事者A）": 13, "当事者種別（当事者B）": 61, "用途別（当事者A）": 31, "用途別（当事者B）": 0, "車両形状等（当事者A）": 11, "車両形状等（当事者B）": 0, "オートマチック車（当事者A）": 2, "オートマチック車（当事者B）": 0, "サポカー（当事者A）": 11, "サポカー（当事者B）": 0, "速度規制（指定のみ）（当事者A）": 10, "速度規制（指定のみ）（当事者B）": 0, "車両の衝突部位（当事者A）": 50, "車両の衝突部位（当事者B）": 0, "車両の損壊程度（当事者A）": 3, "車両の損壊程度（当事者B）": 0, "エアバッグの装備（当事者A）": 2, "エアバッグの装備（当事者B）": 0, "サイドエアバッグの装備（当事者A）": 2, "サイドエアバッグの装備（当事者B）": 0, "人身損傷程度（当事者A）": 4, "人身損傷程度（当事者B）": 2, "地点　緯度（北緯）": 34.36138056, "地点　経度（東経）": 132.4873361, "曜日(発生年月日)": 7, "祝日(発生年月日)": 3, "認知機能検査経過日数（当事者A）": 9999, "認知機能検査経過日数（当事者B）": 0, "運転練習の方法（当事者A）": 1, "運転練習の方法（当事者B）": 0, "field_69": null }, "geometry": { "type": "Point", "coordinates": [ 132.4873361, 34.36138056 ] } },
{ "type": "Feature", "properties": { "資料区分": 1, "都道府県コード": 73, "警察署等コード": 103, "本票番号": 230, "事故内容": 2, "死者数": 0, "負傷者数": 1, "路線コード": 37030, "地点コード": 0, "市区町村コード": 103, "発生日時　　年": 2024, "発生日時　　月": 10, "発生日時　　日": 6, "発生日時　　時": 21, "発生日時　　分": 7, "昼夜": 22, "日の出時刻　　時": 6, "日の出時刻　　分": 8, "日の入り時刻　　時": 17, "日の入り時刻　　分": 48, "天候": 3, "地形": 1, "路面状態": 2, "道路形状": 1, "信号機": 7, "一時停止規制　標識（当事者A）": 9, "一時停止規制　表示（当事者A）": 22, "一時停止規制　標識（当事者B）": 0, "一時停止規制　表示（当事者B）": 0, "車道幅員": 15, "道路線形": 7, "衝突地点": 30, "ゾーン規制": 70, "中央分離帯施設等": 5, "歩車道区分": 2, "事故類型": 1, "年齢（当事者A）": 1, "年齢（当事者B）": 75, "当事者種別（当事者A）": 3, "当事者種別（当事者B）": 61, "用途別（当事者A）": 31, "用途別（当事者B）": 0, "車両形状等（当事者A）": 1, "車両形状等（当事者B）": 0, "オートマチック車（当事者A）": 1, "オートマチック車（当事者B）": 0, "サポカー（当事者A）": 11, "サポカー（当事者B）": 0, "速度規制（指定のみ）（当事者A）": 3, "速度規制（指定のみ）（当事者B）": 0, "車両の衝突部位（当事者A）": 10, "車両の衝突部位（当事者B）": 0, "車両の損壊程度（当事者A）": 3, "車両の損壊程度（当事者B）": 0, "エアバッグの装備（当事者A）": 2, "エアバッグの装備（当事者B）": 0, "サイドエアバッグの装備（当事者A）": 2, "サイドエアバッグの装備（当事者B）": 0, "人身損傷程度（当事者A）": 4, "人身損傷程度（当事者B）": 2, "地点　緯度（北緯）": 34.39152028, "地点　経度（東経）": 132.4701708, "曜日(発生年月日)": 1, "祝日(発生年月日)": 3, "認知機能検査経過日数（当事者A）": 9999, "認知機能検査経過日数（当事者B）": 0, "運転練習の方法（当事者A）": 1, "運転練習の方法（当事者B）": 0, "field_69": null }, "geometry": { "type": "Point", "coordinates": [ 132.4701708, 34.39152028 ] } },
{ "type": "Feature", "properties": { "資料区分": 1, "都道府県コード": 73, "警察署等コード": 103, "本票番号": 239, "事故内容": 2, "死者数": 0, "負傷者数": 1, "路線コード": 37030, "地点コード": 0, "市区町村コード": 103, "発生日時　　年": 2024, "発生日時　　月": 10, "発生日時　　日": 20, "発生日時　　時": 17, "発生日時　　分": 28, "昼夜": 13, "日の出時刻　　時": 6, "日の出時刻　　分": 20, "日の入り時刻　　時": 17, "日の入り時刻　　分": 30, "天候": 1, "地形": 1, "路面状態": 1, "道路形状": 1, "信号機": 7, "一時停止規制　標識（当事者A）": 1, "一時停止規制　表示（当事者A）": 21, "一時停止規制　標識（当事者B）": 0, "一時停止規制　表示（当事者B）": 0, "車道幅員": 15, "道路線形": 9, "衝突地点": 30, "ゾーン規制": 70, "中央分離帯施設等": 4, "歩車道区分": 3, "事故類型": 1, "年齢（当事者A）": 25, "年齢（当事者B）": 25, "当事者種別（当事者A）": 3, "当事者種別（当事者B）": 61, "用途別（当事者A）": 31, "用途別（当事者B）": 0, "車両形状等（当事者A）": 1, "車両形状等（当事者B）": 0, "オートマチック車（当事者A）": 1, "オートマチック車（当事者B）": 0, "サポカー（当事者A）": 11, "サポカー（当事者B）": 0, "速度規制（指定のみ）（当事者A）": 10, "速度規制（指定のみ）（当事者B）": 0, "車両の衝突部位（当事者A）": 10, "車両の衝突部位（当事者B）": 0, "車両の損壊程度（当事者A）": 3, "車両の損壊程度（当事者B）": 0, "エアバッグの装備（当事者A）": 2, "エアバッグの装備（当事者B）": 0, "サイドエアバッグの装備（当事者A）": 2, "サイドエアバッグの装備（当事者B）": 0, "人身損傷程度（当事者A）": 4, "人身損傷程度（当事者B）": 2, "地点　緯度（北緯）": 34.36725139, "地点　経度（東経）": 132.4608911, "曜日(発生年月日)": 1, "祝日(発生年月日)": 3, "認知機能検査経過日数（当事者A）": 9999, "認知機能検査経過日数（当事者B）": 0, "運転練習の方法（当事者A）": 1, "運転練習の方法（当事者B）": 0, "field_69": null }, "geometry": { "type": "Point", "coordinates": [ 132.4608911, 34.36725139 ] } },
{ "type": "Feature", "properties": { "資料区分": 1, "都道府県コード": 73, "警察署等コード": 103, "本票番号": 242, "事故内容": 2, "死者数": 0, "負傷者数": 1, "路線コード": 20, "地点コード": 3335, "市区町村コード": 103, "発生日時　　年": 2024, "発生日時　　月": 10, "発生日時　　日": 9, "発生日時　　時": 12, "発生日時　　分": 50, "昼夜": 12, "日の出時刻　　時": 6, "日の出時刻　　分": 11, "日の入り時刻　　時": 17, "日の入り時刻　　分": 44, "天候": 1, "地形": 1, "路面状態": 1, "道路形状": 14, "信号機": 7, "一時停止規制　標識（当事者A）": 0, "一時停止規制　表示（当事者A）": 0, "一時停止規制　標識（当事者B）": 0, "一時停止規制　表示（当事者B）": 0, "車道幅員": 6, "道路線形": 9, "衝突地点": 1, "ゾーン規制": 70, "中央分離帯施設等": 1, "歩車道区分": 2, "事故類型": 1, "年齢（当事者A）": 55, "年齢（当事者B）": 75, "当事者種別（当事者A）": 14, "当事者種別（当事者B）": 61, "用途別（当事者A）": 31, "用途別（当事者B）": 0, "車両形状等（当事者A）": 11, "車両形状等（当事者B）": 0, "オートマチック車（当事者A）": 1, "オートマチック車（当事者B）": 0, "サポカー（当事者A）": 11, "サポカー（当事者B）": 0, "速度規制（指定のみ）（当事者A）": 4, "速度規制（指定のみ）（当事者B）": 0, "車両の衝突部位（当事者A）": 10, "車両の衝突部位（当事者B）": 0, "車両の損壊程度（当事者A）": 3, "車両の損壊程度（当事者B）": 0, "エアバッグの装備（当事者A）": 2, "エアバッグの装備（当事者B）": 0, "サイドエアバッグの装備（当事者A）": 2, "サイドエアバッグの装備（当事者B）": 0, "人身損傷程度（当事者A）": 4, "人身損傷程度（当事者B）": 2, "地点　緯度（北緯）": 34.37809556, "地点　経度（東経）": 132.4805744, "曜日(発生年月日)": 4, "祝日(発生年月日)": 3, "認知機能検査経過日数（当事者A）": 9999, "認知機能検査経過日数（当事者B）": 0, "運転練習の方法（当事者A）": 9, "運転練習の方法（当事者B）": 0, "field_69": null }, "geometry": { "type": "Point", "coordinates": [ 132.4805744, 34.37809556 ] } },
{ "type": "Feature", "properties": { "資料区分": 1, "都道府県コード": 73, "警察署等コード": 103, "本票番号": 244, "事故内容": 2, "死者数": 0, "負傷者数": 1, "路線コード": 37030, "地点コード": 0, "市区町村コード": 103, "発生日時　　年": 2024, "発生日時　　月": 10, "発生日時　　日": 28, "発生日時　　時": 17, "発生日時　　分": 20, "昼夜": 13, "日の出時刻　　時": 6, "日の出時刻　　分": 26, "日の入り時刻　　時": 17, "日の入り時刻　　分": 21, "天候": 2, "地形": 1, "路面状態": 1, "道路形状": 14, "信号機": 7, "一時停止規制　標識（当事者A）": 0, "一時停止規制　表示（当事者A）": 0, "一時停止規制　標識（当事者B）": 0, "一時停止規制　表示（当事者B）": 0, "車道幅員": 3, "道路線形": 9, "衝突地点": 1, "ゾーン規制": 70, "中央分離帯施設等": 5, "歩車道区分": 3, "事故類型": 1, "年齢（当事者A）": 45, "年齢（当事者B）": 45, "当事者種別（当事者A）": 51, "当事者種別（当事者B）": 61, "用途別（当事者A）": 41, "用途別（当事者B）": 0, "車両形状等（当事者A）": 0, "車両形状等（当事者B）": 0, "オートマチック車（当事者A）": 0, "オートマチック車（当事者B）": 0, "サポカー（当事者A）": 0, "サポカー（当事者B）": 0, "速度規制（指定のみ）（当事者A）": 0, "速度規制（指定のみ）（当事者B）": 0, "車両の衝突部位（当事者A）": 20, "車両の衝突部位（当事者B）": 0, "車両の損壊程度（当事者A）": 4, "車両の損壊程度（当事者B）": 0, "エアバッグの装備（当事者A）": 0, "エアバッグの装備（当事者B）": 0, "サイドエアバッグの装備（当事者A）": 0, "サイドエアバッグの装備（当事者B）": 0, "人身損傷程度（当事者A）": 4, "人身損傷程度（当事者B）": 2, "地点　緯度（北緯）": 34.39074722, "地点　経度（東経）": 132.4718083, "曜日(発生年月日)": 2, "祝日(発生年月日)": 3, "認知機能検査経過日数（当事者A）": 0, "認知機能検査経過日数（当事者B）": 0, "運転練習の方法（当事者A）": 0, "運転練習の方法（当事者B）": 0, "field_69": null }, "geometry": { "type": "Point", "coordinates": [ 132.4718083, 34.39074722 ] } },
{ "type": "Feature", "properties": { "資料区分": 1, "都道府県コード": 73, "警察署等コード": 104, "本票番号": 144, "事故内容": 2, "死者数": 0, "負傷者数": 1, "路線コード": 99000, "地点コード": 0, "市区町村コード": 202, "発生日時　　年": 2024, "発生日時　　月": 10, "発生日時　　日": 20, "発生日時　　時": 8, "発生日時　　分": 4, "昼夜": 12, "日の出時刻　　時": 6, "日の出時刻　　分": 20, "日の入り時刻　　時": 17, "日の入り時刻　　分": 30, "天候": 1, "地形": 3, "路面状態": 1, "道路形状": 0, "信号機": 7, "一時停止規制　標識（当事者A）": 0, "一時停止規制　表示（当事者A）": 0, "一時停止規制　標識（当事者B）": 0, "一時停止規制　表示（当事者B）": 0, "車道幅員": 0, "道路線形": 0, "衝突地点": 20, "ゾーン規制": 70, "中央分離帯施設等": 0, "歩車道区分": 4, "事故類型": 1, "年齢（当事者A）": 75, "年齢（当事者B）": 75, "当事者種別（当事者A）": 3, "当事者種別（当事者B）": 61, "用途別（当事者A）": 31, "用途別（当事者B）": 0, "車両形状等（当事者A）": 1, "車両形状等（当事者B）": 0, "オートマチック車（当事者A）": 1, "オートマチック車（当事者B）": 0, "サポカー（当事者A）": 11, "サポカー（当事者B）": 0, "速度規制（指定のみ）（当事者A）": 10, "速度規制（指定のみ）（当事者B）": 0, "車両の衝突部位（当事者A）": 0, "車両の衝突部位（当事者B）": 0, "車両の損壊程度（当事者A）": 4, "車両の損壊程度（当事者B）": 0, "エアバッグの装備（当事者A）": 2, "エアバッグの装備（当事者B）": 0, "サイドエアバッグの装備（当事者A）": 2, "サイドエアバッグの装備（当事者B）": 0, "人身損傷程度（当事者A）": 4, "人身損傷程度（当事者B）": 2, "地点　緯度（北緯）": 34.32405806, "地点　経度（東経）": 132.5652461, "曜日(発生年月日)": 1, "祝日(発生年月日)": 3, "認知機能検査経過日数（当事者A）": 549, "認知機能検査経過日数（当事者B）": 0, "運転練習の方法（当事者A）": 9, "運転練習の方法（当事者B）": 0, "field_69": null }, "geometry": { "type": "Point", "coordinates": [ 132.5652461, 34.32405806 ] } },
{ "type": "Feature", "properties": { "資料区分": 1, "都道府県コード": 73, "警察署等コード": 107, "本票番号": 118, "事故内容": 2, "死者数": 0, "負傷者数": 1, "路線コード": 22740, "地点コード": 0, "市区町村コード": 107, "発生日時　　年": 2024, "発生日時　　月": 8, "発生日時　　日": 31, "発生日時　　時": 15, "発生日時　　分": 35, "昼夜": 12, "日の出時刻　　時": 5, "日の出時刻　　分": 43, "日の入り時刻　　時": 18, "日の入り時刻　　分": 38, "天候": 1, "地形": 3, "路面状態": 1, "道路形状": 1, "信号機": 7, "一時停止規制　標識（当事者A）": 9, "一時停止規制　表示（当事者A）": 22, "一時停止規制　標識（当事者B）": 0, "一時停止規制　表示（当事者B）": 0, "車道幅員": 11, "道路線形": 9, "衝突地点": 30, "ゾーン規制": 70, "中央分離帯施設等": 5, "歩車道区分": 4, "事故類型": 1, "年齢（当事者A）": 75, "年齢（当事者B）": 65, "当事者種別（当事者A）": 36, "当事者種別（当事者B）": 61, "用途別（当事者A）": 31, "用途別（当事者B）": 0, "車両形状等（当事者A）": 0, "車両形状等（当事者B）": 0, "オートマチック車（当事者A）": 0, "オートマチック車（当事者B）": 0, "サポカー（当事者A）": 11, "サポカー（当事者B）": 0, "速度規制（指定のみ）（当事者A）": 10, "速度規制（指定のみ）（当事者B）": 0, "車両の衝突部位（当事者A）": 10, "車両の衝突部位（当事者B）": 0, "車両の損壊程度（当事者A）": 3, "車両の損壊程度（当事者B）": 0, "エアバッグの装備（当事者A）": 0, "エアバッグの装備（当事者B）": 0, "サイドエアバッグの装備（当事者A）": 0, "サイドエアバッグの装備（当事者B）": 0, "人身損傷程度（当事者A）": 4, "人身損傷程度（当事者B）": 2, "地点　緯度（北緯）": 34.41168778, "地点　経度（東経）": 132.581965, "曜日(発生年月日)": 7, "祝日(発生年月日)": 3, "認知機能検査経過日数（当事者A）": 24, "認知機能検査経過日数（当事者B）": 0, "運転練習の方法（当事者A）": 9, "運転練習の方法（当事者B）": 0, "field_69": null }, "geometry": { "type": "Point", "coordinates": [ 132.581965, 34.41168778 ] } },
{ "type": "Feature", "properties": { "資料区分": 1, "都道府県コード": 73, "警察署等コード": 110, "本票番号": 35, "事故内容": 2, "死者数": 0, "負傷者数": 2, "路線コード": 99000, "地点コード": 0, "市区町村コード": 203, "発生日時　　年": 2024, "発生日時　　月": 9, "発生日時　　日": 20, "発生日時　　時": 14, "発生日時　　分": 19, "昼夜": 12, "日の出時刻　　時": 5, "日の出時刻　　分": 57, "日の入り時刻　　時": 18, "日の入り時刻　　分": 10, "天候": 1, "地形": 2, "路面状態": 1, "道路形状": 0, "信号機": 7, "一時停止規制　標識（当事者A）": 0, "一時停止規制　表示（当事者A）": 0, "一時停止規制　標識（当事者B）": 0, "一時停止規制　表示（当事者B）": 0, "車道幅員": 0, "道路線形": 0, "衝突地点": 20, "ゾーン規制": 70, "中央分離帯施設等": 0, "歩車道区分": 4, "事故類型": 1, "年齢（当事者A）": 75, "年齢（当事者B）": 45, "当事者種別（当事者A）": 3, "当事者種別（当事者B）": 61, "用途別（当事者A）": 31, "用途別（当事者B）": 0, "車両形状等（当事者A）": 1, "車両形状等（当事者B）": 0, "オートマチック車（当事者A）": 1, "オートマチック車（当事者B）": 0, "サポカー（当事者A）": 11, "サポカー（当事者B）": 0, "速度規制（指定のみ）（当事者A）": 10, "速度規制（指定のみ）（当事者B）": 0, "車両の衝突部位（当事者A）": 11, "車両の衝突部位（当事者B）": 0, "車両の損壊程度（当事者A）": 2, "車両の損壊程度（当事者B）": 0, "エアバッグの装備（当事者A）": 2, "エアバッグの装備（当事者B）": 0, "サイドエアバッグの装備（当事者A）": 2, "サイドエアバッグの装備（当事者B）": 0, "人身損傷程度（当事者A）": 4, "人身損傷程度（当事者B）": 2, "地点　緯度（北緯）": 34.35364917, "地点　経度（東経）": 132.9007758, "曜日(発生年月日)": 6, "祝日(発生年月日)": 3, "認知機能検査経過日数（当事者A）": 1084, "認知機能検査経過日数（当事者B）": 0, "運転練習の方法（当事者A）": 9, "運転練習の方法（当事者B）": 0, "field_69": null }, "geometry": { "type": "Point", "coordinates": [ 132.9007758, 34.35364917 ] } },
{ "type": "Feature", "properties": { "資料区分": 1, "都道府県コード": 73, "警察署等コード": 110, "本票番号": 39, "事故内容": 2, "死者数": 0, "負傷者数": 1, "路線コード": 14650, "地点コード": 0, "市区町村コード": 431, "発生日時　　年": 2024, "発生日時　　月": 10, "発生日時　　日": 15, "発生日時　　時": 18, "発生日時　　分": 55, "昼夜": 22, "日の出時刻　　時": 6, "日の出時刻　　分": 15, "日の入り時刻　　時": 17, "日の入り時刻　　分": 36, "天候": 1, "地形": 3, "路面状態": 1, "道路形状": 1, "信号機": 7, "一時停止規制　標識（当事者A）": 9, "一時停止規制　表示（当事者A）": 22, "一時停止規制　標識（当事者B）": 0, "一時停止規制　表示（当事者B）": 0, "車道幅員": 15, "道路線形": 8, "衝突地点": 30, "ゾーン規制": 70, "中央分離帯施設等": 4, "歩車道区分": 2, "事故類型": 1, "年齢（当事者A）": 65, "年齢（当事者B）": 1, "当事者種別（当事者A）": 4, "当事者種別（当事者B）": 61, "用途別（当事者A）": 31, "用途別（当事者B）": 0, "車両形状等（当事者A）": 1, "車両形状等（当事者B）": 0, "オートマチック車（当事者A）": 1, "オートマチック車（当事者B）": 0, "サポカー（当事者A）": 11, "サポカー（当事者B）": 0, "速度規制（指定のみ）（当事者A）": 3, "速度規制（指定のみ）（当事者B）": 0, "車両の衝突部位（当事者A）": 50, "車両の衝突部位（当事者B）": 0, "車両の損壊程度（当事者A）": 3, "車両の損壊程度（当事者B）": 0, "エアバッグの装備（当事者A）": 2, "エアバッグの装備（当事者B）": 0, "サイドエアバッグの装備（当事者A）": 2, "サイドエアバッグの装備（当事者B）": 0, "人身損傷程度（当事者A）": 4, "人身損傷程度（当事者B）": 2, "地点　緯度（北緯）": 34.23159722, "地点　経度（東経）": 132.8763389, "曜日(発生年月日)": 3, "祝日(発生年月日)": 3, "認知機能検査経過日数（当事者A）": 9999, "認知機能検査経過日数（当事者B）": 0, "運転練習の方法（当事者A）": 9, "運転練習の方法（当事者B）": 0, "field_69": null }, "geometry": { "type": "Point", "coordinates": [ 132.8763389, 34.23159722 ] } },
{ "type": "Feature", "properties": { "資料区分": 1, "都道府県コード": 73, "警察署等コード": 111, "本票番号": 107, "事故内容": 2, "死者数": 0, "負傷者数": 1, "路線コード": 37110, "地点コード": 0, "市区町村コード": 202, "発生日時　　年": 2024, "発生日時　　月": 10, "発生日時　　日": 22, "発生日時　　時": 8, "発生日時　　分": 25, "昼夜": 12, "日の出時刻　　時": 6, "日の出時刻　　分": 21, "日の入り時刻　　時": 17, "日の入り時刻　　分": 28, "天候": 2, "地形": 2, "路面状態": 1, "道路形状": 14, "信号機": 7, "一時停止規制　標識（当事者A）": 0, "一時停止規制　表示（当事者A）": 0, "一時停止規制　標識（当事者B）": 0, "一時停止規制　表示（当事者B）": 0, "車道幅員": 2, "道路線形": 9, "衝突地点": 1, "ゾーン規制": 70, "中央分離帯施設等": 5, "歩車道区分": 4, "事故類型": 1, "年齢（当事者A）": 25, "年齢（当事者B）": 45, "当事者種別（当事者A）": 4, "当事者種別（当事者B）": 61, "用途別（当事者A）": 31, "用途別（当事者B）": 0, "車両形状等（当事者A）": 1, "車両形状等（当事者B）": 0, "オートマチック車（当事者A）": 1, "オートマチック車（当事者B）": 0, "サポカー（当事者A）": 11, "サポカー（当事者B）": 0, "速度規制（指定のみ）（当事者A）": 10, "速度規制（指定のみ）（当事者B）": 0, "車両の衝突部位（当事者A）": 10, "車両の衝突部位（当事者B）": 0, "車両の損壊程度（当事者A）": 3, "車両の損壊程度（当事者B）": 0, "エアバッグの装備（当事者A）": 2, "エアバッグの装備（当事者B）": 0, "サイドエアバッグの装備（当事者A）": 2, "サイドエアバッグの装備（当事者B）": 0, "人身損傷程度（当事者A）": 4, "人身損傷程度（当事者B）": 2, "地点　緯度（北緯）": 34.22993167, "地点　経度（東経）": 132.6245586, "曜日(発生年月日)": 3, "祝日(発生年月日)": 3, "認知機能検査経過日数（当事者A）": 9999, "認知機能検査経過日数（当事者B）": 0, "運転練習の方法（当事者A）": 1, "運転練習の方法（当事者B）": 0, "field_69": null }, "geometry": { "type": "Point", "coordinates": [ 132.6245586, 34.22993167 ] } },
{ "type": "Feature", "properties": { "資料区分": 1, "都道府県コード": 73, "警察署等コード": 112, "本票番号": 230, "事故内容": 2, "死者数": 0, "負傷者数": 1, "路線コード": 99000, "地点コード": 0, "市区町村コード": 212, "発生日時　　年": 2024, "発生日時　　月": 9, "発生日時　　日": 3, "発生日時　　時": 11, "発生日時　　分": 20, "昼夜": 12, "日の出時刻　　時": 5, "日の出時刻　　分": 45, "日の入り時刻　　時": 18, "日の入り時刻　　分": 34, "天候": 1, "地形": 3, "路面状態": 1, "道路形状": 0, "信号機": 7, "一時停止規制　標識（当事者A）": 0, "一時停止規制　表示（当事者A）": 0, "一時停止規制　標識（当事者B）": 0, "一時停止規制　表示（当事者B）": 0, "車道幅員": 0, "道路線形": 0, "衝突地点": 20, "ゾーン規制": 70, "中央分離帯施設等": 0, "歩車道区分": 4, "事故類型": 1, "年齢（当事者A）": 65, "年齢（当事者B）": 75, "当事者種別（当事者A）": 4, "当事者種別（当事者B）": 61, "用途別（当事者A）": 31, "用途別（当事者B）": 0, "車両形状等（当事者A）": 1, "車両形状等（当事者B）": 0, "オートマチック車（当事者A）": 1, "オートマチック車（当事者B）": 0, "サポカー（当事者A）": 11, "サポカー（当事者B）": 0, "速度規制（指定のみ）（当事者A）": 10, "速度規制（指定のみ）（当事者B）": 0, "車両の衝突部位（当事者A）": 50, "車両の衝突部位（当事者B）": 0, "車両の損壊程度（当事者A）": 3, "車両の損壊程度（当事者B）": 0, "エアバッグの装備（当事者A）": 2, "エアバッグの装備（当事者B）": 0, "サイドエアバッグの装備（当事者A）": 2, "サイドエアバッグの装備（当事者B）": 0, "人身損傷程度（当事者A）": 4, "人身損傷程度（当事者B）": 2, "地点　緯度（北緯）": 34.31996611, "地点　経度（東経）": 132.6696569, "曜日(発生年月日)": 3, "祝日(発生年月日)": 3, "認知機能検査経過日数（当事者A）": 9999, "認知機能検査経過日数（当事者B）": 0, "運転練習の方法（当事者A）": 9, "運転練習の方法（当事者B）": 0, "field_69": null }, "geometry": { "type": "Point", "coordinates": [ 132.6696569, 34.31996611 ] } },
{ "type": "Feature", "properties": { "資料区分": 1, "都道府県コード": 73, "警察署等コード": 112, "本票番号": 236, "事故内容": 2, "死者数": 0, "負傷者数": 1, "路線コード": 37120, "地点コード": 0, "市区町村コード": 212, "発生日時　　年": 2024, "発生日時　　月": 9, "発生日時　　日": 25, "発生日時　　時": 14, "発生日時　　分": 26, "昼夜": 12, "日の出時刻　　時": 6, "日の出時刻　　分": 0, "日の入り時刻　　時": 18, "日の入り時刻　　分": 3, "天候": 1, "地形": 1, "路面状態": 1, "道路形状": 1, "信号機": 7, "一時停止規制　標識（当事者A）": 9, "一時停止規制　表示（当事者A）": 22, "一時停止規制　標識（当事者B）": 0, "一時停止規制　表示（当事者B）": 0, "車道幅員": 15, "道路線形": 9, "衝突地点": 30, "ゾーン規制": 70, "中央分離帯施設等": 5, "歩車道区分": 2, "事故類型": 1, "年齢（当事者A）": 25, "年齢（当事者B）": 1, "当事者種別（当事者A）": 4, "当事者種別（当事者B）": 61, "用途別（当事者A）": 31, "用途別（当事者B）": 0, "車両形状等（当事者A）": 1, "車両形状等（当事者B）": 0, "オートマチック車（当事者A）": 1, "オートマチック車（当事者B）": 0, "サポカー（当事者A）": 11, "サポカー（当事者B）": 0, "速度規制（指定のみ）（当事者A）": 3, "速度規制（指定のみ）（当事者B）": 0, "車両の衝突部位（当事者A）": 80, "車両の衝突部位（当事者B）": 0, "車両の損壊程度（当事者A）": 3, "車両の損壊程度（当事者B）": 0, "エアバッグの装備（当事者A）": 2, "エアバッグの装備（当事者B）": 0, "サイドエアバッグの装備（当事者A）": 2, "サイドエアバッグの装備（当事者B）": 0, "人身損傷程度（当事者A）": 4, "人身損傷程度（当事者B）": 2, "地点　緯度（北緯）": 34.45215778, "地点　経度（東経）": 132.7046736, "曜日(発生年月日)": 4, "祝日(発生年月日)": 3, "認知機能検査経過日数（当事者A）": 9999, "認知機能検査経過日数（当事者B）": 0, "運転練習の方法（当事者A）": 1, "運転練習の方法（当事者B）": 0, "field_69": null }, "geometry": { "type": "Point", "coordinates": [ 132.7046736, 34.45215778 ] } },
{ "type": "Feature", "properties": { "資料区分": 1, "都道府県コード": 73, "警察署等コード": 114, "本票番号": 197, "事故内容": 2, "死者数": 0, "負傷者数": 1, "路線コード": 14370, "地点コード": 0, "市区町村コード": 106, "発生日時　　年": 2024, "発生日時　　月": 9, "発生日時　　日": 9, "発生日時　　時": 16, "発生日時　　分": 5, "昼夜": 12, "日の出時刻　　時": 5, "日の出時刻　　分": 49, "日の入り時刻　　時": 18, "日の入り時刻　　分": 26, "天候": 1, "地形": 1, "路面状態": 1, "道路形状": 1, "信号機": 1, "一時停止規制　標識（当事者A）": 9, "一時停止規制　表示（当事者A）": 22, "一時停止規制　標識（当事者B）": 0, "一時停止規制　表示（当事者B）": 0, "車道幅員": 18, "道路線形": 3, "衝突地点": 30, "ゾーン規制": 70, "中央分離帯施設等": 5, "歩車道区分": 2, "事故類型": 1, "年齢（当事者A）": 55, "年齢（当事者B）": 75, "当事者種別（当事者A）": 3, "当事者種別（当事者B）": 61, "用途別（当事者A）": 31, "用途別（当事者B）": 0, "車両形状等（当事者A）": 1, "車両形状等（当事者B）": 0, "オートマチック車（当事者A）": 1, "オートマチック車（当事者B）": 0, "サポカー（当事者A）": 11, "サポカー（当事者B）": 0, "速度規制（指定のみ）（当事者A）": 4, "速度規制（指定のみ）（当事者B）": 0, "車両の衝突部位（当事者A）": 80, "車両の衝突部位（当事者B）": 0, "車両の損壊程度（当事者A）": 3, "車両の損壊程度（当事者B）": 0, "エアバッグの装備（当事者A）": 2, "エアバッグの装備（当事者B）": 0, "サイドエアバッグの装備（当事者A）": 2, "サイドエアバッグの装備（当事者B）": 0, "人身損傷程度（当事者A）": 4, "人身損傷程度（当事者B）": 2, "地点　緯度（北緯）": 34.46647083, "地点　経度（東経）": 132.5060594, "曜日(発生年月日)": 2, "祝日(発生年月日)": 3, "認知機能検査経過日数（当事者A）": 9999, "認知機能検査経過日数（当事者B）": 0, "運転練習の方法（当事者A）": 5, "運転練習の方法（当事者B）": 0, "field_69": null }, "geometry": { "type": "Point", "coordinates": [ 132.5060594, 34.46647083 ] } },
{ "type": "Feature", "properties": { "資料区分": 1, "都道府県コード": 73, "警察署等コード": 114, "本票番号": 201, "事故内容": 2, "死者数": 0, "負傷者数": 1, "路線コード": 37140, "地点コード": 0, "市区町村コード": 106, "発生日時　　年": 2024, "発生日時　　月": 10, "発生日時　　日": 1, "発生日時　　時": 11, "発生日時　　分": 21, "昼夜": 12, "日の出時刻　　時": 6, "日の出時刻　　分": 5, "日の入り時刻　　時": 17, "日の入り時刻　　分": 55, "天候": 1, "地形": 1, "路面状態": 1, "道路形状": 14, "信号機": 7, "一時停止規制　標識（当事者A）": 0, "一時停止規制　表示（当事者A）": 0, "一時停止規制　標識（当事者B）": 0, "一時停止規制　表示（当事者B）": 0, "車道幅員": 3, "道路線形": 9, "衝突地点": 1, "ゾーン規制": 70, "中央分離帯施設等": 5, "歩車道区分": 3, "事故類型": 1, "年齢（当事者A）": 75, "年齢（当事者B）": 35, "当事者種別（当事者A）": 3, "当事者種別（当事者B）": 61, "用途別（当事者A）": 31, "用途別（当事者B）": 0, "車両形状等（当事者A）": 1, "車両形状等（当事者B）": 0, "オートマチック車（当事者A）": 1, "オートマチック車（当事者B）": 0, "サポカー（当事者A）": 11, "サポカー（当事者B）": 0, "速度規制（指定のみ）（当事者A）": 2, "速度規制（指定のみ）（当事者B）": 0, "車両の衝突部位（当事者A）": 80, "車両の衝突部位（当事者B）": 0, "車両の損壊程度（当事者A）": 3, "車両の損壊程度（当事者B）": 0, "エアバッグの装備（当事者A）": 2, "エアバッグの装備（当事者B）": 0, "サイドエアバッグの装備（当事者A）": 2, "サイドエアバッグの装備（当事者B）": 0, "人身損傷程度（当事者A）": 4, "人身損傷程度（当事者B）": 2, "地点　緯度（北緯）": 34.51641806, "地点　経度（東経）": 132.5135347, "曜日(発生年月日)": 3, "祝日(発生年月日)": 3, "認知機能検査経過日数（当事者A）": 263, "認知機能検査経過日数（当事者B）": 0, "運転練習の方法（当事者A）": 9, "運転練習の方法（当事者B）": 0, "field_69": null }, "geometry": { "type": "Point", "coordinates": [ 132.5135347, 34.51641806 ] } },
{ "type": "Feature", "properties": { "資料区分": 1, "都道府県コード": 73, "警察署等コード": 117, "本票番号": 97, "事故内容": 1, "死者数": 1, "負傷者数": 0, "路線コード": 20, "地点コード": 2535, "市区町村コード": 205, "発生日時　　年": 2024, "発生日時　　月": 10, "発生日時　　日": 10, "発生日時　　時": 17, "発生日時　　分": 58, "昼夜": 21, "日の出時刻　　時": 6, "日の出時刻　　分": 11, "日の入り時刻　　時": 17, "日の入り時刻　　分": 43, "天候": 1, "地形": 3, "路面状態": 1, "道路形状": 14, "信号機": 7, "一時停止規制　標識（当事者A）": 0, "一時停止規制　表示（当事者A）": 0, "一時停止規制　標識（当事者B）": 0, "一時停止規制　表示（当事者B）": 0, "車道幅員": 3, "道路線形": 9, "衝突地点": 1, "ゾーン規制": 70, "中央分離帯施設等": 4, "歩車道区分": 3, "事故類型": 1, "年齢（当事者A）": 75, "年齢（当事者B）": 75, "当事者種別（当事者A）": 4, "当事者種別（当事者B）": 61, "用途別（当事者A）": 31, "用途別（当事者B）": 0, "車両形状等（当事者A）": 1, "車両形状等（当事者B）": 0, "オートマチック車（当事者A）": 1, "オートマチック車（当事者B）": 0, "サポカー（当事者A）": 11, "サポカー（当事者B）": 0, "速度規制（指定のみ）（当事者A）": 4, "速度規制（指定のみ）（当事者B）": 0, "車両の衝突部位（当事者A）": 50, "車両の衝突部位（当事者B）": 0, "車両の損壊程度（当事者A）": 3, "車両の損壊程度（当事者B）": 0, "エアバッグの装備（当事者A）": 2, "エアバッグの装備（当事者B）": 0, "サイドエアバッグの装備（当事者A）": 2, "サイドエアバッグの装備（当事者B）": 0, "人身損傷程度（当事者A）": 4, "人身損傷程度（当事者B）": 1, "地点　緯度（北緯）": 34.39715028, "地点　経度（東経）": 133.1653275, "曜日(発生年月日)": 5, "祝日(発生年月日)": 3, "認知機能検査経過日数（当事者A）": 898, "認知機能検査経過日数（当事者B）": 0, "運転練習の方法（当事者A）": 9, "運転練習の方法（当事者B）": 0, "field_69": null }, "geometry": { "type": "Point", "coordinates": [ 133.165327499999989, 34.39715028 ] } },
{ "type": "Feature", "properties": { "資料区分": 1, "都道府県コード": 73, "警察署等コード": 117, "本票番号": 99, "事故内容": 2, "死者数": 0, "負傷者数": 1, "路線コード": 99000, "地点コード": 0, "市区町村コード": 205, "発生日時　　年": 2024, "発生日時　　月": 10, "発生日時　　日": 3, "発生日時　　時": 11, "発生日時　　分": 5, "昼夜": 12, "日の出時刻　　時": 6, "日の出時刻　　分": 6, "日の入り時刻　　時": 17, "日の入り時刻　　分": 52, "天候": 3, "地形": 3, "路面状態": 1, "道路形状": 0, "信号機": 7, "一時停止規制　標識（当事者A）": 0, "一時停止規制　表示（当事者A）": 0, "一時停止規制　標識（当事者B）": 0, "一時停止規制　表示（当事者B）": 0, "車道幅員": 0, "道路線形": 0, "衝突地点": 20, "ゾーン規制": 70, "中央分離帯施設等": 0, "歩車道区分": 4, "事故類型": 1, "年齢（当事者A）": 65, "年齢（当事者B）": 55, "当事者種別（当事者A）": 3, "当事者種別（当事者B）": 61, "用途別（当事者A）": 31, "用途別（当事者B）": 0, "車両形状等（当事者A）": 1, "車両形状等（当事者B）": 0, "オートマチック車（当事者A）": 1, "オートマチック車（当事者B）": 0, "サポカー（当事者A）": 11, "サポカー（当事者B）": 0, "速度規制（指定のみ）（当事者A）": 10, "速度規制（指定のみ）（当事者B）": 0, "車両の衝突部位（当事者A）": 60, "車両の衝突部位（当事者B）": 0, "車両の損壊程度（当事者A）": 3, "車両の損壊程度（当事者B）": 0, "エアバッグの装備（当事者A）": 2, "エアバッグの装備（当事者B）": 0, "サイドエアバッグの装備（当事者A）": 2, "サイドエアバッグの装備（当事者B）": 0, "人身損傷程度（当事者A）": 4, "人身損傷程度（当事者B）": 2, "地点　緯度（北緯）": 34.42425583, "地点　経度（東経）": 133.1863978, "曜日(発生年月日)": 5, "祝日(発生年月日)": 3, "認知機能検査経過日数（当事者A）": 9999, "認知機能検査経過日数（当事者B）": 0, "運転練習の方法（当事者A）": 9, "運転練習の方法（当事者B）": 0, "field_69": null }, "geometry": { "type": "Point", "coordinates": [ 133.1863978, 34.42425583 ] } },
{ "type": "Feature", "properties": { "資料区分": 1, "都道府県コード": 73, "警察署等コード": 117, "本票番号": 100, "事故内容": 2, "死者数": 0, "負傷者数": 2, "路線コード": 14540, "地点コード": 0, "市区町村コード": 205, "発生日時　　年": 2024, "発生日時　　月": 10, "発生日時　　日": 4, "発生日時　　時": 10, "発生日時　　分": 5, "昼夜": 12, "日の出時刻　　時": 6, "日の出時刻　　分": 7, "日の入り時刻　　時": 17, "日の入り時刻　　分": 51, "天候": 2, "地形": 3, "路面状態": 2, "道路形状": 14, "信号機": 7, "一時停止規制　標識（当事者A）": 0, "一時停止規制　表示（当事者A）": 0, "一時停止規制　標識（当事者B）": 0, "一時停止規制　表示（当事者B）": 0, "車道幅員": 3, "道路線形": 8, "衝突地点": 1, "ゾーン規制": 70, "中央分離帯施設等": 4, "歩車道区分": 2, "事故類型": 1, "年齢（当事者A）": 75, "年齢（当事者B）": 65, "当事者種別（当事者A）": 17, "当事者種別（当事者B）": 61, "用途別（当事者A）": 31, "用途別（当事者B）": 0, "車両形状等（当事者A）": 11, "車両形状等（当事者B）": 0, "オートマチック車（当事者A）": 1, "オートマチック車（当事者B）": 0, "サポカー（当事者A）": 11, "サポカー（当事者B）": 0, "速度規制（指定のみ）（当事者A）": 4, "速度規制（指定のみ）（当事者B）": 0, "車両の衝突部位（当事者A）": 10, "車両の衝突部位（当事者B）": 0, "車両の損壊程度（当事者A）": 2, "車両の損壊程度（当事者B）": 0, "エアバッグの装備（当事者A）": 2, "エアバッグの装備（当事者B）": 0, "サイドエアバッグの装備（当事者A）": 2, "サイドエアバッグの装備（当事者B）": 0, "人身損傷程度（当事者A）": 4, "人身損傷程度（当事者B）": 2, "地点　緯度（北緯）": 34.45430556, "地点　経度（東経）": 133.2172472, "曜日(発生年月日)": 6, "祝日(発生年月日)": 3, "認知機能検査経過日数（当事者A）": 402, "認知機能検査経過日数（当事者B）": 0, "運転練習の方法（当事者A）": 9, "運転練習の方法（当事者B）": 0, "field_69": null }, "geometry": { "type": "Point", "coordinates": [ 133.2172472, 34.45430556 ] } },
{ "type": "Feature", "properties": { "資料区分": 1, "都道府県コード": 73, "警察署等コード": 119, "本票番号": 66, "事故内容": 2, "死者数": 0, "負傷者数": 1, "路線コード": 99000, "地点コード": 0, "市区町村コード": 204, "発生日時　　年": 2024, "発生日時　　月": 9, "発生日時　　日": 19, "発生日時　　時": 15, "発生日時　　分": 15, "昼夜": 12, "日の出時刻　　時": 5, "日の出時刻　　分": 56, "日の入り時刻　　時": 18, "日の入り時刻　　分": 12, "天候": 1, "地形": 3, "路面状態": 1, "道路形状": 0, "信号機": 7, "一時停止規制　標識（当事者A）": 0, "一時停止規制　表示（当事者A）": 0, "一時停止規制　標識（当事者B）": 0, "一時停止規制　表示（当事者B）": 0, "車道幅員": 0, "道路線形": 0, "衝突地点": 20, "ゾーン規制": 70, "中央分離帯施設等": 0, "歩車道区分": 2, "事故類型": 1, "年齢（当事者A）": 1, "年齢（当事者B）": 1, "当事者種別（当事者A）": 3, "当事者種別（当事者B）": 61, "用途別（当事者A）": 31, "用途別（当事者B）": 0, "車両形状等（当事者A）": 1, "車両形状等（当事者B）": 0, "オートマチック車（当事者A）": 1, "オートマチック車（当事者B）": 0, "サポカー（当事者A）": 11, "サポカー（当事者B）": 0, "速度規制（指定のみ）（当事者A）": 10, "速度規制（指定のみ）（当事者B）": 0, "車両の衝突部位（当事者A）": 80, "車両の衝突部位（当事者B）": 0, "車両の損壊程度（当事者A）": 3, "車両の損壊程度（当事者B）": 0, "エアバッグの装備（当事者A）": 2, "エアバッグの装備（当事者B）": 0, "サイドエアバッグの装備（当事者A）": 2, "サイドエアバッグの装備（当事者B）": 0, "人身損傷程度（当事者A）": 4, "人身損傷程度（当事者B）": 2, "地点　緯度（北緯）": 34.44136111, "地点　経度（東経）": 132.9179389, "曜日(発生年月日)": 5, "祝日(発生年月日)": 3, "認知機能検査経過日数（当事者A）": 9999, "認知機能検査経過日数（当事者B）": 0, "運転練習の方法（当事者A）": 1, "運転練習の方法（当事者B）": 0, "field_69": null }, "geometry": { "type": "Point", "coordinates": [ 132.9179389, 34.44136111 ] } },
{ "type": "Feature", "properties": { "資料区分": 1, "都道府県コード": 73, "警察署等コード": 119, "本票番号": 70, "事故内容": 2, "死者数": 0, "負傷者数": 2, "路線コード": 37190, "地点コード": 0, "市区町村コード": 204, "発生日時　　年": 2024, "発生日時　　月": 10, "発生日時　　日": 15, "発生日時　　時": 9, "発生日時　　分": 25, "昼夜": 12, "日の出時刻　　時": 6, "日の出時刻　　分": 15, "日の入り時刻　　時": 17, "日の入り時刻　　分": 36, "天候": 1, "地形": 2, "路面状態": 1, "道路形状": 7, "信号機": 7, "一時停止規制　標識（当事者A）": 0, "一時停止規制　表示（当事者A）": 0, "一時停止規制　標識（当事者B）": 0, "一時停止規制　表示（当事者B）": 0, "車道幅員": 4, "道路線形": 9, "衝突地点": 1, "ゾーン規制": 70, "中央分離帯施設等": 4, "歩車道区分": 2, "事故類型": 1, "年齢（当事者A）": 65, "年齢（当事者B）": 65, "当事者種別（当事者A）": 35, "当事者種別（当事者B）": 61, "用途別（当事者A）": 31, "用途別（当事者B）": 0, "車両形状等（当事者A）": 0, "車両形状等（当事者B）": 0, "オートマチック車（当事者A）": 0, "オートマチック車（当事者B）": 0, "サポカー（当事者A）": 11, "サポカー（当事者B）": 0, "速度規制（指定のみ）（当事者A）": 3, "速度規制（指定のみ）（当事者B）": 0, "車両の衝突部位（当事者A）": 10, "車両の衝突部位（当事者B）": 0, "車両の損壊程度（当事者A）": 3, "車両の損壊程度（当事者B）": 0, "エアバッグの装備（当事者A）": 0, "エアバッグの装備（当事者B）": 0, "サイドエアバッグの装備（当事者A）": 0, "サイドエアバッグの装備（当事者B）": 0, "人身損傷程度（当事者A）": 2, "人身損傷程度（当事者B）": 2, "地点　緯度（北緯）": 34.40038778, "地点　経度（東経）": 133.0799458, "曜日(発生年月日)": 3, "祝日(発生年月日)": 3, "認知機能検査経過日数（当事者A）": 9999, "認知機能検査経過日数（当事者B）": 0, "運転練習の方法（当事者A）": 9, "運転練習の方法（当事者B）": 0, "field_69": null }, "geometry": { "type": "Point", "coordinates": [ 133.0799458, 34.40038778 ] } },
{ "type": "Feature", "properties": { "資料区分": 1, "都道府県コード": 73, "警察署等コード": 119, "本票番号": 73, "事故内容": 2, "死者数": 0, "負傷者数": 1, "路線コード": 37190, "地点コード": 0, "市区町村コード": 204, "発生日時　　年": 2024, "発生日時　　月": 10, "発生日時　　日": 24, "発生日時　　時": 17, "発生日時　　分": 55, "昼夜": 21, "日の出時刻　　時": 6, "日の出時刻　　分": 23, "日の入り時刻　　時": 17, "日の入り時刻　　分": 25, "天候": 1, "地形": 3, "路面状態": 1, "道路形状": 14, "信号機": 7, "一時停止規制　標識（当事者A）": 0, "一時停止規制　表示（当事者A）": 0, "一時停止規制　標識（当事者B）": 0, "一時停止規制　表示（当事者B）": 0, "車道幅員": 4, "道路線形": 9, "衝突地点": 1, "ゾーン規制": 70, "中央分離帯施設等": 4, "歩車道区分": 2, "事故類型": 1, "年齢（当事者A）": 25, "年齢（当事者B）": 35, "当事者種別（当事者A）": 3, "当事者種別（当事者B）": 61, "用途別（当事者A）": 31, "用途別（当事者B）": 0, "車両形状等（当事者A）": 1, "車両形状等（当事者B）": 0, "オートマチック車（当事者A）": 1, "オートマチック車（当事者B）": 0, "サポカー（当事者A）": 11, "サポカー（当事者B）": 0, "速度規制（指定のみ）（当事者A）": 10, "速度規制（指定のみ）（当事者B）": 0, "車両の衝突部位（当事者A）": 10, "車両の衝突部位（当事者B）": 0, "車両の損壊程度（当事者A）": 3, "車両の損壊程度（当事者B）": 0, "エアバッグの装備（当事者A）": 2, "エアバッグの装備（当事者B）": 0, "サイドエアバッグの装備（当事者A）": 2, "サイドエアバッグの装備（当事者B）": 0, "人身損傷程度（当事者A）": 4, "人身損傷程度（当事者B）": 2, "地点　緯度（北緯）": 34.38637389, "地点　経度（東経）": 133.0512561, "曜日(発生年月日)": 5, "祝日(発生年月日)": 3, "認知機能検査経過日数（当事者A）": 9999, "認知機能検査経過日数（当事者B）": 0, "運転練習の方法（当事者A）": 5, "運転練習の方法（当事者B）": 0, "field_69": null }, "geometry": { "type": "Point", "coordinates": [ 133.051256099999989, 34.38637389 ] } },
{ "type": "Feature", "properties": { "資料区分": 1, "都道府県コード": 73, "警察署等コード": 120, "本票番号": 151, "事故内容": 2, "死者数": 0, "負傷者数": 1, "路線コード": 37200, "地点コード": 0, "市区町村コード": 207, "発生日時　　年": 2024, "発生日時　　月": 10, "発生日時　　日": 12, "発生日時　　時": 18, "発生日時　　分": 0, "昼夜": 21, "日の出時刻　　時": 6, "日の出時刻　　分": 13, "日の入り時刻　　時": 17, "日の入り時刻　　分": 40, "天候": 1, "地形": 1, "路面状態": 1, "道路形状": 1, "信号機": 7, "一時停止規制　標識（当事者A）": 9, "一時停止規制　表示（当事者A）": 22, "一時停止規制　標識（当事者B）": 0, "一時停止規制　表示（当事者B）": 0, "車道幅員": 11, "道路線形": 9, "衝突地点": 30, "ゾーン規制": 70, "中央分離帯施設等": 5, "歩車道区分": 3, "事故類型": 1, "年齢（当事者A）": 1, "年齢（当事者B）": 1, "当事者種別（当事者A）": 51, "当事者種別（当事者B）": 61, "用途別（当事者A）": 41, "用途別（当事者B）": 0, "車両形状等（当事者A）": 0, "車両形状等（当事者B）": 0, "オートマチック車（当事者A）": 0, "オートマチック車（当事者B）": 0, "サポカー（当事者A）": 0, "サポカー（当事者B）": 0, "速度規制（指定のみ）（当事者A）": 0, "速度規制（指定のみ）（当事者B）": 0, "車両の衝突部位（当事者A）": 20, "車両の衝突部位（当事者B）": 0, "車両の損壊程度（当事者A）": 3, "車両の損壊程度（当事者B）": 0, "エアバッグの装備（当事者A）": 0, "エアバッグの装備（当事者B）": 0, "サイドエアバッグの装備（当事者A）": 0, "サイドエアバッグの装備（当事者B）": 0, "人身損傷程度（当事者A）": 4, "人身損傷程度（当事者B）": 2, "地点　緯度（北緯）": 34.46903111, "地点　経度（東経）": 133.3559872, "曜日(発生年月日)": 7, "祝日(発生年月日)": 3, "認知機能検査経過日数（当事者A）": 0, "認知機能検査経過日数（当事者B）": 0, "運転練習の方法（当事者A）": 0, "運転練習の方法（当事者B）": 0, "field_69": null }, "geometry": { "type": "Point", "coordinates": [ 133.355987199999987, 34.46903111 ] } },
{ "type": "Feature", "properties": { "資料区分": 1, "都道府県コード": 73, "警察署等コード": 121, "本票番号": 434, "事故内容": 2, "死者数": 0, "負傷者数": 1, "路線コード": 99000, "地点コード": 0, "市区町村コード": 207, "発生日時　　年": 2024, "発生日時　　月": 9, "発生日時　　日": 16, "発生日時　　時": 15, "発生日時　　分": 15, "昼夜": 12, "日の出時刻　　時": 5, "日の出時刻　　分": 54, "日の入り時刻　　時": 18, "日の入り時刻　　分": 16, "天候": 1, "地形": 2, "路面状態": 1, "道路形状": 0, "信号機": 7, "一時停止規制　標識（当事者A）": 0, "一時停止規制　表示（当事者A）": 0, "一時停止規制　標識（当事者B）": 0, "一時停止規制　表示（当事者B）": 0, "車道幅員": 0, "道路線形": 0, "衝突地点": 20, "ゾーン規制": 70, "中央分離帯施設等": 0, "歩車道区分": 4, "事故類型": 1, "年齢（当事者A）": 55, "年齢（当事者B）": 45, "当事者種別（当事者A）": 4, "当事者種別（当事者B）": 61, "用途別（当事者A）": 31, "用途別（当事者B）": 0, "車両形状等（当事者A）": 1, "車両形状等（当事者B）": 0, "オートマチック車（当事者A）": 1, "オートマチック車（当事者B）": 0, "サポカー（当事者A）": 11, "サポカー（当事者B）": 0, "速度規制（指定のみ）（当事者A）": 10, "速度規制（指定のみ）（当事者B）": 0, "車両の衝突部位（当事者A）": 30, "車両の衝突部位（当事者B）": 0, "車両の損壊程度（当事者A）": 3, "車両の損壊程度（当事者B）": 0, "エアバッグの装備（当事者A）": 2, "エアバッグの装備（当事者B）": 0, "サイドエアバッグの装備（当事者A）": 2, "サイドエアバッグの装備（当事者B）": 0, "人身損傷程度（当事者A）": 4, "人身損傷程度（当事者B）": 2, "地点　緯度（北緯）": 34.50357389, "地点　経度（東経）": 133.423035, "曜日(発生年月日)": 2, "祝日(発生年月日)": 1, "認知機能検査経過日数（当事者A）": 9999, "認知機能検査経過日数（当事者B）": 0, "運転練習の方法（当事者A）": 9, "運転練習の方法（当事者B）": 0, "field_69": null }, "geometry": { "type": "Point", "coordinates": [ 133.423035, 34.50357389 ] } },
{ "type": "Feature", "properties": { "資料区分": 1, "都道府県コード": 73, "警察署等コード": 121, "本票番号": 435, "事故内容": 2, "死者数": 0, "負傷者数": 1, "路線コード": 38530, "地点コード": 0, "市区町村コード": 207, "発生日時　　年": 2024, "発生日時　　月": 9, "発生日時　　日": 23, "発生日時　　時": 16, "発生日時　　分": 30, "昼夜": 12, "日の出時刻　　時": 5, "日の出時刻　　分": 59, "日の入り時刻　　時": 18, "日の入り時刻　　分": 6, "天候": 1, "地形": 1, "路面状態": 1, "道路形状": 1, "信号機": 1, "一時停止規制　標識（当事者A）": 9, "一時停止規制　表示（当事者A）": 22, "一時停止規制　標識（当事者B）": 0, "一時停止規制　表示（当事者B）": 0, "車道幅員": 19, "道路線形": 9, "衝突地点": 30, "ゾーン規制": 70, "中央分離帯施設等": 5, "歩車道区分": 2, "事故類型": 1, "年齢（当事者A）": 25, "年齢（当事者B）": 1, "当事者種別（当事者A）": 4, "当事者種別（当事者B）": 61, "用途別（当事者A）": 31, "用途別（当事者B）": 0, "車両形状等（当事者A）": 1, "車両形状等（当事者B）": 0, "オートマチック車（当事者A）": 1, "オートマチック車（当事者B）": 0, "サポカー（当事者A）": 11, "サポカー（当事者B）": 0, "速度規制（指定のみ）（当事者A）": 3, "速度規制（指定のみ）（当事者B）": 0, "車両の衝突部位（当事者A）": 10, "車両の衝突部位（当事者B）": 0, "車両の損壊程度（当事者A）": 3, "車両の損壊程度（当事者B）": 0, "エアバッグの装備（当事者A）": 2, "エアバッグの装備（当事者B）": 0, "サイドエアバッグの装備（当事者A）": 2, "サイドエアバッグの装備（当事者B）": 0, "人身損傷程度（当事者A）": 4, "人身損傷程度（当事者B）": 2, "地点　緯度（北緯）": 34.48419083, "地点　経度（東経）": 133.3781439, "曜日(発生年月日)": 2, "祝日(発生年月日)": 1, "認知機能検査経過日数（当事者A）": 9999, "認知機能検査経過日数（当事者B）": 0, "運転練習の方法（当事者A）": 1, "運転練習の方法（当事者B）": 0, "field_69": null }, "geometry": { "type": "Point", "coordinates": [ 133.3781439, 34.48419083 ] } },
{ "type": "Feature", "properties": { "資料区分": 1, "都道府県コード": 73, "警察署等コード": 121, "本票番号": 445, "事故内容": 2, "死者数": 0, "負傷者数": 1, "路線コード": 20, "地点コード": 2223, "市区町村コード": 207, "発生日時　　年": 2024, "発生日時　　月": 9, "発生日時　　日": 7, "発生日時　　時": 5, "発生日時　　分": 19, "昼夜": 23, "日の出時刻　　時": 5, "日の出時刻　　分": 47, "日の入り時刻　　時": 18, "日の入り時刻　　分": 28, "天候": 1, "地形": 2, "路面状態": 1, "道路形状": 1, "信号機": 1, "一時停止規制　標識（当事者A）": 9, "一時停止規制　表示（当事者A）": 22, "一時停止規制　標識（当事者B）": 0, "一時停止規制　表示（当事者B）": 0, "車道幅員": 18, "道路線形": 9, "衝突地点": 30, "ゾーン規制": 70, "中央分離帯施設等": 5, "歩車道区分": 2, "事故類型": 1, "年齢（当事者A）": 35, "年齢（当事者B）": 65, "当事者種別（当事者A）": 3, "当事者種別（当事者B）": 61, "用途別（当事者A）": 31, "用途別（当事者B）": 0, "車両形状等（当事者A）": 1, "車両形状等（当事者B）": 0, "オートマチック車（当事者A）": 1, "オートマチック車（当事者B）": 0, "サポカー（当事者A）": 11, "サポカー（当事者B）": 0, "速度規制（指定のみ）（当事者A）": 4, "速度規制（指定のみ）（当事者B）": 0, "車両の衝突部位（当事者A）": 10, "車両の衝突部位（当事者B）": 0, "車両の損壊程度（当事者A）": 3, "車両の損壊程度（当事者B）": 0, "エアバッグの装備（当事者A）": 2, "エアバッグの装備（当事者B）": 0, "サイドエアバッグの装備（当事者A）": 2, "サイドエアバッグの装備（当事者B）": 0, "人身損傷程度（当事者A）": 4, "人身損傷程度（当事者B）": 2, "地点　緯度（北緯）": 34.49865806, "地点　経度（東経）": 133.4467722, "曜日(発生年月日)": 7, "祝日(発生年月日)": 3, "認知機能検査経過日数（当事者A）": 9999, "認知機能検査経過日数（当事者B）": 0, "運転練習の方法（当事者A）": 1, "運転練習の方法（当事者B）": 0, "field_69": null }, "geometry": { "type": "Point", "coordinates": [ 133.4467722, 34.49865806 ] } },
{ "type": "Feature", "properties": { "資料区分": 1, "都道府県コード": 73, "警察署等コード": 121, "本票番号": 450, "事故内容": 2, "死者数": 0, "負傷者数": 1, "路線コード": 37210, "地点コード": 0, "市区町村コード": 207, "発生日時　　年": 2024, "発生日時　　月": 9, "発生日時　　日": 20, "発生日時　　時": 21, "発生日時　　分": 58, "昼夜": 22, "日の出時刻　　時": 5, "日の出時刻　　分": 57, "日の入り時刻　　時": 18, "日の入り時刻　　分": 10, "天候": 1, "地形": 1, "路面状態": 1, "道路形状": 14, "信号機": 7, "一時停止規制　標識（当事者A）": 0, "一時停止規制　表示（当事者A）": 0, "一時停止規制　標識（当事者B）": 0, "一時停止規制　表示（当事者B）": 0, "車道幅員": 4, "道路線形": 9, "衝突地点": 1, "ゾーン規制": 70, "中央分離帯施設等": 5, "歩車道区分": 3, "事故類型": 1, "年齢（当事者A）": 25, "年齢（当事者B）": 25, "当事者種別（当事者A）": 3, "当事者種別（当事者B）": 61, "用途別（当事者A）": 1, "用途別（当事者B）": 0, "車両形状等（当事者A）": 1, "車両形状等（当事者B）": 0, "オートマチック車（当事者A）": 1, "オートマチック車（当事者B）": 0, "サポカー（当事者A）": 11, "サポカー（当事者B）": 0, "速度規制（指定のみ）（当事者A）": 3, "速度規制（指定のみ）（当事者B）": 0, "車両の衝突部位（当事者A）": 70, "車両の衝突部位（当事者B）": 0, "車両の損壊程度（当事者A）": 3, "車両の損壊程度（当事者B）": 0, "エアバッグの装備（当事者A）": 2, "エアバッグの装備（当事者B）": 0, "サイドエアバッグの装備（当事者A）": 2, "サイドエアバッグの装備（当事者B）": 0, "人身損傷程度（当事者A）": 4, "人身損傷程度（当事者B）": 2, "地点　緯度（北緯）": 34.48539444, "地点　経度（東経）": 133.3731417, "曜日(発生年月日)": 6, "祝日(発生年月日)": 3, "認知機能検査経過日数（当事者A）": 9999, "認知機能検査経過日数（当事者B）": 0, "運転練習の方法（当事者A）": 1, "運転練習の方法（当事者B）": 0, "field_69": null }, "geometry": { "type": "Point", "coordinates": [ 133.3731417, 34.48539444 ] } },
{ "type": "Feature", "properties": { "資料区分": 1, "都道府県コード": 73, "警察署等コード": 121, "本票番号": 467, "事故内容": 2, "死者数": 0, "負傷者数": 1, "路線コード": 14760, "地点コード": 0, "市区町村コード": 207, "発生日時　　年": 2024, "発生日時　　月": 10, "発生日時　　日": 14, "発生日時　　時": 18, "発生日時　　分": 52, "昼夜": 22, "日の出時刻　　時": 6, "日の出時刻　　分": 15, "日の入り時刻　　時": 17, "日の入り時刻　　分": 37, "天候": 1, "地形": 1, "路面状態": 1, "道路形状": 1, "信号機": 7, "一時停止規制　標識（当事者A）": 9, "一時停止規制　表示（当事者A）": 22, "一時停止規制　標識（当事者B）": 0, "一時停止規制　表示（当事者B）": 0, "車道幅員": 14, "道路線形": 8, "衝突地点": 30, "ゾーン規制": 70, "中央分離帯施設等": 4, "歩車道区分": 2, "事故類型": 1, "年齢（当事者A）": 35, "年齢（当事者B）": 75, "当事者種別（当事者A）": 4, "当事者種別（当事者B）": 61, "用途別（当事者A）": 31, "用途別（当事者B）": 0, "車両形状等（当事者A）": 1, "車両形状等（当事者B）": 0, "オートマチック車（当事者A）": 1, "オートマチック車（当事者B）": 0, "サポカー（当事者A）": 11, "サポカー（当事者B）": 0, "速度規制（指定のみ）（当事者A）": 4, "速度規制（指定のみ）（当事者B）": 0, "車両の衝突部位（当事者A）": 10, "車両の衝突部位（当事者B）": 0, "車両の損壊程度（当事者A）": 3, "車両の損壊程度（当事者B）": 0, "エアバッグの装備（当事者A）": 2, "エアバッグの装備（当事者B）": 0, "サイドエアバッグの装備（当事者A）": 2, "サイドエアバッグの装備（当事者B）": 0, "人身損傷程度（当事者A）": 4, "人身損傷程度（当事者B）": 2, "地点　緯度（北緯）": 34.51452333, "地点　経度（東経）": 133.4299028, "曜日(発生年月日)": 2, "祝日(発生年月日)": 1, "認知機能検査経過日数（当事者A）": 9999, "認知機能検査経過日数（当事者B）": 0, "運転練習の方法（当事者A）": 1, "運転練習の方法（当事者B）": 0, "field_69": null }, "geometry": { "type": "Point", "coordinates": [ 133.4299028, 34.51452333 ] } },
{ "type": "Feature", "properties": { "資料区分": 1, "都道府県コード": 73, "警察署等コード": 121, "本票番号": 469, "事故内容": 2, "死者数": 0, "負傷者数": 1, "路線コード": 37210, "地点コード": 0, "市区町村コード": 207, "発生日時　　年": 2024, "発生日時　　月": 8, "発生日時　　日": 29, "発生日時　　時": 12, "発生日時　　分": 23, "昼夜": 12, "日の出時刻　　時": 5, "日の出時刻　　分": 41, "日の入り時刻　　時": 18, "日の入り時刻　　分": 41, "天候": 3, "地形": 1, "路面状態": 2, "道路形状": 1, "信号機": 1, "一時停止規制　標識（当事者A）": 9, "一時停止規制　表示（当事者A）": 22, "一時停止規制　標識（当事者B）": 0, "一時停止規制　表示（当事者B）": 0, "車道幅員": 15, "道路線形": 9, "衝突地点": 30, "ゾーン規制": 70, "中央分離帯施設等": 5, "歩車道区分": 2, "事故類型": 1, "年齢（当事者A）": 35, "年齢（当事者B）": 55, "当事者種別（当事者A）": 1, "当事者種別（当事者B）": 61, "用途別（当事者A）": 1, "用途別（当事者B）": 0, "車両形状等（当事者A）": 1, "車両形状等（当事者B）": 0, "オートマチック車（当事者A）": 1, "オートマチック車（当事者B）": 0, "サポカー（当事者A）": 11, "サポカー（当事者B）": 0, "速度規制（指定のみ）（当事者A）": 3, "速度規制（指定のみ）（当事者B）": 0, "車両の衝突部位（当事者A）": 10, "車両の衝突部位（当事者B）": 0, "車両の損壊程度（当事者A）": 3, "車両の損壊程度（当事者B）": 0, "エアバッグの装備（当事者A）": 2, "エアバッグの装備（当事者B）": 0, "サイドエアバッグの装備（当事者A）": 2, "サイドエアバッグの装備（当事者B）": 0, "人身損傷程度（当事者A）": 4, "人身損傷程度（当事者B）": 2, "地点　緯度（北緯）": 34.49378139, "地点　経度（東経）": 133.3790986, "曜日(発生年月日)": 5, "祝日(発生年月日)": 3, "認知機能検査経過日数（当事者A）": 9999, "認知機能検査経過日数（当事者B）": 0, "運転練習の方法（当事者A）": 9, "運転練習の方法（当事者B）": 0, "field_69": null }, "geometry": { "type": "Point", "coordinates": [ 133.3790986, 34.49378139 ] } },
{ "type": "Feature", "properties": { "資料区分": 1, "都道府県コード": 73, "警察署等コード": 121, "本票番号": 477, "事故内容": 2, "死者数": 0, "負傷者数": 1, "路線コード": 99000, "地点コード": 0, "市区町村コード": 207, "発生日時　　年": 2024, "発生日時　　月": 10, "発生日時　　日": 11, "発生日時　　時": 19, "発生日時　　分": 45, "昼夜": 22, "日の出時刻　　時": 6, "日の出時刻　　分": 12, "日の入り時刻　　時": 17, "日の入り時刻　　分": 41, "天候": 1, "地形": 1, "路面状態": 1, "道路形状": 0, "信号機": 7, "一時停止規制　標識（当事者A）": 0, "一時停止規制　表示（当事者A）": 0, "一時停止規制　標識（当事者B）": 0, "一時停止規制　表示（当事者B）": 0, "車道幅員": 0, "道路線形": 0, "衝突地点": 20, "ゾーン規制": 70, "中央分離帯施設等": 0, "歩車道区分": 4, "事故類型": 1, "年齢（当事者A）": 25, "年齢（当事者B）": 65, "当事者種別（当事者A）": 4, "当事者種別（当事者B）": 61, "用途別（当事者A）": 31, "用途別（当事者B）": 0, "車両形状等（当事者A）": 1, "車両形状等（当事者B）": 0, "オートマチック車（当事者A）": 1, "オートマチック車（当事者B）": 0, "サポカー（当事者A）": 11, "サポカー（当事者B）": 0, "速度規制（指定のみ）（当事者A）": 10, "速度規制（指定のみ）（当事者B）": 0, "車両の衝突部位（当事者A）": 30, "車両の衝突部位（当事者B）": 0, "車両の損壊程度（当事者A）": 3, "車両の損壊程度（当事者B）": 0, "エアバッグの装備（当事者A）": 2, "エアバッグの装備（当事者B）": 0, "サイドエアバッグの装備（当事者A）": 2, "サイドエアバッグの装備（当事者B）": 0, "人身損傷程度（当事者A）": 4, "人身損傷程度（当事者B）": 2, "地点　緯度（北緯）": 34.49449444, "地点　経度（東経）": 133.3914056, "曜日(発生年月日)": 6, "祝日(発生年月日)": 3, "認知機能検査経過日数（当事者A）": 9999, "認知機能検査経過日数（当事者B）": 0, "運転練習の方法（当事者A）": 1, "運転練習の方法（当事者B）": 0, "field_69": null }, "geometry": { "type": "Point", "coordinates": [ 133.391405600000013, 34.49449444 ] } },
{ "type": "Feature", "properties": { "資料区分": 1, "都道府県コード": 73, "警察署等コード": 121, "本票番号": 483, "事故内容": 2, "死者数": 0, "負傷者数": 1, "路線コード": 37210, "地点コード": 0, "市区町村コード": 207, "発生日時　　年": 2024, "発生日時　　月": 10, "発生日時　　日": 24, "発生日時　　時": 12, "発生日時　　分": 12, "昼夜": 12, "日の出時刻　　時": 6, "日の出時刻　　分": 23, "日の入り時刻　　時": 17, "日の入り時刻　　分": 25, "天候": 2, "地形": 2, "路面状態": 1, "道路形状": 14, "信号機": 7, "一時停止規制　標識（当事者A）": 0, "一時停止規制　表示（当事者A）": 0, "一時停止規制　標識（当事者B）": 0, "一時停止規制　表示（当事者B）": 0, "車道幅員": 3, "道路線形": 9, "衝突地点": 1, "ゾーン規制": 70, "中央分離帯施設等": 5, "歩車道区分": 3, "事故類型": 1, "年齢（当事者A）": 45, "年齢（当事者B）": 45, "当事者種別（当事者A）": 3, "当事者種別（当事者B）": 61, "用途別（当事者A）": 31, "用途別（当事者B）": 0, "車両形状等（当事者A）": 1, "車両形状等（当事者B）": 0, "オートマチック車（当事者A）": 1, "オートマチック車（当事者B）": 0, "サポカー（当事者A）": 11, "サポカー（当事者B）": 0, "速度規制（指定のみ）（当事者A）": 2, "速度規制（指定のみ）（当事者B）": 0, "車両の衝突部位（当事者A）": 20, "車両の衝突部位（当事者B）": 0, "車両の損壊程度（当事者A）": 3, "車両の損壊程度（当事者B）": 0, "エアバッグの装備（当事者A）": 2, "エアバッグの装備（当事者B）": 0, "サイドエアバッグの装備（当事者A）": 2, "サイドエアバッグの装備（当事者B）": 0, "人身損傷程度（当事者A）": 4, "人身損傷程度（当事者B）": 2, "地点　緯度（北緯）": 34.50449611, "地点　経度（東経）": 133.4017297, "曜日(発生年月日)": 5, "祝日(発生年月日)": 3, "認知機能検査経過日数（当事者A）": 9999, "認知機能検査経過日数（当事者B）": 0, "運転練習の方法（当事者A）": 1, "運転練習の方法（当事者B）": 0, "field_69": null }, "geometry": { "type": "Point", "coordinates": [ 133.4017297, 34.50449611 ] } },
{ "type": "Feature", "properties": { "資料区分": 1, "都道府県コード": 73, "警察署等コード": 123, "本票番号": 22, "事故内容": 2, "死者数": 0, "負傷者数": 1, "路線コード": 1830, "地点コード": 0, "市区町村コード": 210, "発生日時　　年": 2024, "発生日時　　月": 10, "発生日時　　日": 23, "発生日時　　時": 11, "発生日時　　分": 40, "昼夜": 12, "日の出時刻　　時": 6, "日の出時刻　　分": 22, "日の入り時刻　　時": 17, "日の入り時刻　　分": 27, "天候": 2, "地形": 3, "路面状態": 1, "道路形状": 1, "信号機": 1, "一時停止規制　標識（当事者A）": 9, "一時停止規制　表示（当事者A）": 22, "一時停止規制　標識（当事者B）": 0, "一時停止規制　表示（当事者B）": 0, "車道幅員": 18, "道路線形": 9, "衝突地点": 30, "ゾーン規制": 70, "中央分離帯施設等": 5, "歩車道区分": 2, "事故類型": 1, "年齢（当事者A）": 55, "年齢（当事者B）": 75, "当事者種別（当事者A）": 4, "当事者種別（当事者B）": 61, "用途別（当事者A）": 31, "用途別（当事者B）": 0, "車両形状等（当事者A）": 1, "車両形状等（当事者B）": 0, "オートマチック車（当事者A）": 1, "オートマチック車（当事者B）": 0, "サポカー（当事者A）": 11, "サポカー（当事者B）": 0, "速度規制（指定のみ）（当事者A）": 10, "速度規制（指定のみ）（当事者B）": 0, "車両の衝突部位（当事者A）": 10, "車両の衝突部位（当事者B）": 0, "車両の損壊程度（当事者A）": 3, "車両の損壊程度（当事者B）": 0, "エアバッグの装備（当事者A）": 2, "エアバッグの装備（当事者B）": 0, "サイドエアバッグの装備（当事者A）": 2, "サイドエアバッグの装備（当事者B）": 0, "人身損傷程度（当事者A）": 4, "人身損傷程度（当事者B）": 2, "地点　緯度（北緯）": 34.84980583, "地点　経度（東経）": 133.0198958, "曜日(発生年月日)": 4, "祝日(発生年月日)": 3, "認知機能検査経過日数（当事者A）": 9999, "認知機能検査経過日数（当事者B）": 0, "運転練習の方法（当事者A）": 9, "運転練習の方法（当事者B）": 0, "field_69": null }, "geometry": { "type": "Point", "coordinates": [ 133.0198958, 34.84980583 ] } },
{ "type": "Feature", "properties": { "資料区分": 1, "都道府県コード": 73, "警察署等コード": 126, "本票番号": 246, "事故内容": 2, "死者数": 0, "負傷者数": 1, "路線コード": 37260, "地点コード": 0, "市区町村コード": 105, "発生日時　　年": 2024, "発生日時　　月": 10, "発生日時　　日": 1, "発生日時　　時": 7, "発生日時　　分": 5, "昼夜": 12, "日の出時刻　　時": 6, "日の出時刻　　分": 5, "日の入り時刻　　時": 17, "日の入り時刻　　分": 55, "天候": 1, "地形": 1, "路面状態": 1, "道路形状": 1, "信号機": 7, "一時停止規制　標識（当事者A）": 9, "一時停止規制　表示（当事者A）": 22, "一時停止規制　標識（当事者B）": 0, "一時停止規制　表示（当事者B）": 0, "車道幅員": 14, "道路線形": 9, "衝突地点": 30, "ゾーン規制": 70, "中央分離帯施設等": 4, "歩車道区分": 2, "事故類型": 1, "年齢（当事者A）": 35, "年齢（当事者B）": 25, "当事者種別（当事者A）": 35, "当事者種別（当事者B）": 61, "用途別（当事者A）": 31, "用途別（当事者B）": 0, "車両形状等（当事者A）": 0, "車両形状等（当事者B）": 0, "オートマチック車（当事者A）": 0, "オートマチック車（当事者B）": 0, "サポカー（当事者A）": 11, "サポカー（当事者B）": 0, "速度規制（指定のみ）（当事者A）": 3, "速度規制（指定のみ）（当事者B）": 0, "車両の衝突部位（当事者A）": 0, "車両の衝突部位（当事者B）": 0, "車両の損壊程度（当事者A）": 4, "車両の損壊程度（当事者B）": 0, "エアバッグの装備（当事者A）": 0, "エアバッグの装備（当事者B）": 0, "サイドエアバッグの装備（当事者A）": 0, "サイドエアバッグの装備（当事者B）": 0, "人身損傷程度（当事者A）": 4, "人身損傷程度（当事者B）": 2, "地点　緯度（北緯）": 34.43354778, "地点　経度（東経）": 132.4618858, "曜日(発生年月日)": 3, "祝日(発生年月日)": 3, "認知機能検査経過日数（当事者A）": 9999, "認知機能検査経過日数（当事者B）": 0, "運転練習の方法（当事者A）": 1, "運転練習の方法（当事者B）": 0, "field_69": null }, "geometry": { "type": "Point", "coordinates": [ 132.4618858, 34.43354778 ] } },
{ "type": "Feature", "properties": { "資料区分": 1, "都道府県コード": 73, "警察署等コード": 126, "本票番号": 248, "事故内容": 2, "死者数": 0, "負傷者数": 1, "路線コード": 37260, "地点コード": 0, "市区町村コード": 105, "発生日時　　年": 2024, "発生日時　　月": 8, "発生日時　　日": 30, "発生日時　　時": 17, "発生日時　　分": 35, "昼夜": 12, "日の出時刻　　時": 5, "日の出時刻　　分": 42, "日の入り時刻　　時": 18, "日の入り時刻　　分": 39, "天候": 3, "地形": 1, "路面状態": 2, "道路形状": 1, "信号機": 7, "一時停止規制　標識（当事者A）": 9, "一時停止規制　表示（当事者A）": 22, "一時停止規制　標識（当事者B）": 0, "一時停止規制　表示（当事者B）": 0, "車道幅員": 18, "道路線形": 9, "衝突地点": 30, "ゾーン規制": 70, "中央分離帯施設等": 4, "歩車道区分": 2, "事故類型": 1, "年齢（当事者A）": 55, "年齢（当事者B）": 1, "当事者種別（当事者A）": 3, "当事者種別（当事者B）": 61, "用途別（当事者A）": 31, "用途別（当事者B）": 0, "車両形状等（当事者A）": 1, "車両形状等（当事者B）": 0, "オートマチック車（当事者A）": 1, "オートマチック車（当事者B）": 0, "サポカー（当事者A）": 11, "サポカー（当事者B）": 0, "速度規制（指定のみ）（当事者A）": 10, "速度規制（指定のみ）（当事者B）": 0, "車両の衝突部位（当事者A）": 10, "車両の衝突部位（当事者B）": 0, "車両の損壊程度（当事者A）": 4, "車両の損壊程度（当事者B）": 0, "エアバッグの装備（当事者A）": 2, "エアバッグの装備（当事者B）": 0, "サイドエアバッグの装備（当事者A）": 2, "サイドエアバッグの装備（当事者B）": 0, "人身損傷程度（当事者A）": 4, "人身損傷程度（当事者B）": 2, "地点　緯度（北緯）": 34.46494889, "地点　経度（東経）": 132.4707125, "曜日(発生年月日)": 6, "祝日(発生年月日)": 3, "認知機能検査経過日数（当事者A）": 9999, "認知機能検査経過日数（当事者B）": 0, "運転練習の方法（当事者A）": 2, "運転練習の方法（当事者B）": 0, "field_69": null }, "geometry": { "type": "Point", "coordinates": [ 132.4707125, 34.46494889 ] } },
{ "type": "Feature", "properties": { "資料区分": 1, "都道府県コード": 73, "警察署等コード": 126, "本票番号": 251, "事故内容": 2, "死者数": 0, "負傷者数": 1, "路線コード": 37260, "地点コード": 0, "市区町村コード": 105, "発生日時　　年": 2024, "発生日時　　月": 10, "発生日時　　日": 1, "発生日時　　時": 8, "発生日時　　分": 15, "昼夜": 12, "日の出時刻　　時": 6, "日の出時刻　　分": 5, "日の入り時刻　　時": 17, "日の入り時刻　　分": 55, "天候": 1, "地形": 2, "路面状態": 1, "道路形状": 7, "信号機": 7, "一時停止規制　標識（当事者A）": 0, "一時停止規制　表示（当事者A）": 0, "一時停止規制　標識（当事者B）": 0, "一時停止規制　表示（当事者B）": 0, "車道幅員": 2, "道路線形": 2, "衝突地点": 1, "ゾーン規制": 70, "中央分離帯施設等": 4, "歩車道区分": 2, "事故類型": 1, "年齢（当事者A）": 1, "年齢（当事者B）": 1, "当事者種別（当事者A）": 36, "当事者種別（当事者B）": 61, "用途別（当事者A）": 31, "用途別（当事者B）": 0, "車両形状等（当事者A）": 0, "車両形状等（当事者B）": 0, "オートマチック車（当事者A）": 0, "オートマチック車（当事者B）": 0, "サポカー（当事者A）": 11, "サポカー（当事者B）": 0, "速度規制（指定のみ）（当事者A）": 10, "速度規制（指定のみ）（当事者B）": 0, "車両の衝突部位（当事者A）": 10, "車両の衝突部位（当事者B）": 0, "車両の損壊程度（当事者A）": 3, "車両の損壊程度（当事者B）": 0, "エアバッグの装備（当事者A）": 0, "エアバッグの装備（当事者B）": 0, "サイドエアバッグの装備（当事者A）": 0, "サイドエアバッグの装備（当事者B）": 0, "人身損傷程度（当事者A）": 4, "人身損傷程度（当事者B）": 2, "地点　緯度（北緯）": 34.48119944, "地点　経度（東経）": 132.4051806, "曜日(発生年月日)": 3, "祝日(発生年月日)": 3, "認知機能検査経過日数（当事者A）": 9999, "認知機能検査経過日数（当事者B）": 0, "運転練習の方法（当事者A）": 5, "運転練習の方法（当事者B）": 0, "field_69": null }, "geometry": { "type": "Point", "coordinates": [ 132.4051806, 34.48119944 ] } },
{ "type": "Feature", "properties": { "資料区分": 1, "都道府県コード": 73, "警察署等コード": 126, "本票番号": 252, "事故内容": 2, "死者数": 0, "負傷者数": 1, "路線コード": 22690, "地点コード": 0, "市区町村コード": 105, "発生日時　　年": 2024, "発生日時　　月": 8, "発生日時　　日": 6, "発生日時　　時": 9, "発生日時　　分": 45, "昼夜": 12, "日の出時刻　　時": 5, "日の出時刻　　分": 24, "日の入り時刻　　時": 19, "日の入り時刻　　分": 7, "天候": 1, "地形": 1, "路面状態": 1, "道路形状": 1, "信号機": 1, "一時停止規制　標識（当事者A）": 9, "一時停止規制　表示（当事者A）": 22, "一時停止規制　標識（当事者B）": 0, "一時停止規制　表示（当事者B）": 0, "車道幅員": 15, "道路線形": 8, "衝突地点": 30, "ゾーン規制": 70, "中央分離帯施設等": 5, "歩車道区分": 2, "事故類型": 1, "年齢（当事者A）": 25, "年齢（当事者B）": 65, "当事者種別（当事者A）": 13, "当事者種別（当事者B）": 61, "用途別（当事者A）": 31, "用途別（当事者B）": 0, "車両形状等（当事者A）": 11, "車両形状等（当事者B）": 0, "オートマチック車（当事者A）": 1, "オートマチック車（当事者B）": 0, "サポカー（当事者A）": 11, "サポカー（当事者B）": 0, "速度規制（指定のみ）（当事者A）": 3, "速度規制（指定のみ）（当事者B）": 0, "車両の衝突部位（当事者A）": 10, "車両の衝突部位（当事者B）": 0, "車両の損壊程度（当事者A）": 3, "車両の損壊程度（当事者B）": 0, "エアバッグの装備（当事者A）": 2, "エアバッグの装備（当事者B）": 0, "サイドエアバッグの装備（当事者A）": 2, "サイドエアバッグの装備（当事者B）": 0, "人身損傷程度（当事者A）": 4, "人身損傷程度（当事者B）": 2, "地点　緯度（北緯）": 34.47519194, "地点　経度（東経）": 132.4620808, "曜日(発生年月日)": 3, "祝日(発生年月日)": 3, "認知機能検査経過日数（当事者A）": 9999, "認知機能検査経過日数（当事者B）": 0, "運転練習の方法（当事者A）": 9, "運転練習の方法（当事者B）": 0, "field_69": null }, "geometry": { "type": "Point", "coordinates": [ 132.4620808, 34.47519194 ] } },
{ "type": "Feature", "properties": { "資料区分": 1, "都道府県コード": 73, "警察署等コード": 126, "本票番号": 255, "事故内容": 2, "死者数": 0, "負傷者数": 1, "路線コード": 37260, "地点コード": 0, "市区町村コード": 105, "発生日時　　年": 2024, "発生日時　　月": 10, "発生日時　　日": 10, "発生日時　　時": 16, "発生日時　　分": 45, "昼夜": 13, "日の出時刻　　時": 6, "日の出時刻　　分": 11, "日の入り時刻　　時": 17, "日の入り時刻　　分": 43, "天候": 1, "地形": 1, "路面状態": 1, "道路形状": 14, "信号機": 7, "一時停止規制　標識（当事者A）": 0, "一時停止規制　表示（当事者A）": 0, "一時停止規制　標識（当事者B）": 0, "一時停止規制　表示（当事者B）": 0, "車道幅員": 2, "道路線形": 7, "衝突地点": 1, "ゾーン規制": 70, "中央分離帯施設等": 5, "歩車道区分": 4, "事故類型": 1, "年齢（当事者A）": 35, "年齢（当事者B）": 1, "当事者種別（当事者A）": 4, "当事者種別（当事者B）": 61, "用途別（当事者A）": 31, "用途別（当事者B）": 0, "車両形状等（当事者A）": 1, "車両形状等（当事者B）": 0, "オートマチック車（当事者A）": 1, "オートマチック車（当事者B）": 0, "サポカー（当事者A）": 11, "サポカー（当事者B）": 0, "速度規制（指定のみ）（当事者A）": 10, "速度規制（指定のみ）（当事者B）": 0, "車両の衝突部位（当事者A）": 40, "車両の衝突部位（当事者B）": 0, "車両の損壊程度（当事者A）": 3, "車両の損壊程度（当事者B）": 0, "エアバッグの装備（当事者A）": 2, "エアバッグの装備（当事者B）": 0, "サイドエアバッグの装備（当事者A）": 2, "サイドエアバッグの装備（当事者B）": 0, "人身損傷程度（当事者A）": 4, "人身損傷程度（当事者B）": 2, "地点　緯度（北緯）": 34.48192861, "地点　経度（東経）": 132.4459978, "曜日(発生年月日)": 5, "祝日(発生年月日)": 3, "認知機能検査経過日数（当事者A）": 9999, "認知機能検査経過日数（当事者B）": 0, "運転練習の方法（当事者A）": 1, "運転練習の方法（当事者B）": 0, "field_69": null }, "geometry": { "type": "Point", "coordinates": [ 132.445997799999986, 34.48192861 ] } },
{ "type": "Feature", "properties": { "資料区分": 1, "都道府県コード": 73, "警察署等コード": 126, "本票番号": 261, "事故内容": 2, "死者数": 0, "負傷者数": 1, "路線コード": 37260, "地点コード": 0, "市区町村コード": 105, "発生日時　　年": 2024, "発生日時　　月": 9, "発生日時　　日": 19, "発生日時　　時": 10, "発生日時　　分": 45, "昼夜": 12, "日の出時刻　　時": 5, "日の出時刻　　分": 56, "日の入り時刻　　時": 18, "日の入り時刻　　分": 12, "天候": 1, "地形": 1, "路面状態": 1, "道路形状": 7, "信号機": 7, "一時停止規制　標識（当事者A）": 0, "一時停止規制　表示（当事者A）": 0, "一時停止規制　標識（当事者B）": 0, "一時停止規制　表示（当事者B）": 0, "車道幅員": 3, "道路線形": 9, "衝突地点": 1, "ゾーン規制": 70, "中央分離帯施設等": 5, "歩車道区分": 2, "事故類型": 1, "年齢（当事者A）": 75, "年齢（当事者B）": 55, "当事者種別（当事者A）": 4, "当事者種別（当事者B）": 61, "用途別（当事者A）": 31, "用途別（当事者B）": 0, "車両形状等（当事者A）": 1, "車両形状等（当事者B）": 0, "オートマチック車（当事者A）": 1, "オートマチック車（当事者B）": 0, "サポカー（当事者A）": 11, "サポカー（当事者B）": 0, "速度規制（指定のみ）（当事者A）": 2, "速度規制（指定のみ）（当事者B）": 0, "車両の衝突部位（当事者A）": 30, "車両の衝突部位（当事者B）": 0, "車両の損壊程度（当事者A）": 3, "車両の損壊程度（当事者B）": 0, "エアバッグの装備（当事者A）": 2, "エアバッグの装備（当事者B）": 0, "サイドエアバッグの装備（当事者A）": 2, "サイドエアバッグの装備（当事者B）": 0, "人身損傷程度（当事者A）": 4, "人身損傷程度（当事者B）": 2, "地点　緯度（北緯）": 34.47469778, "地点　経度（東経）": 132.4523544, "曜日(発生年月日)": 5, "祝日(発生年月日)": 3, "認知機能検査経過日数（当事者A）": 475, "認知機能検査経過日数（当事者B）": 0, "運転練習の方法（当事者A）": 9, "運転練習の方法（当事者B）": 0, "field_69": null }, "geometry": { "type": "Point", "coordinates": [ 132.4523544, 34.47469778 ] } },
{ "type": "Feature", "properties": { "資料区分": 1, "都道府県コード": 73, "警察署等コード": 126, "本票番号": 267, "事故内容": 2, "死者数": 0, "負傷者数": 1, "路線コード": 21520, "地点コード": 0, "市区町村コード": 105, "発生日時　　年": 2024, "発生日時　　月": 10, "発生日時　　日": 21, "発生日時　　時": 17, "発生日時　　分": 10, "昼夜": 13, "日の出時刻　　時": 6, "日の出時刻　　分": 20, "日の入り時刻　　時": 17, "日の入り時刻　　分": 29, "天候": 1, "地形": 1, "路面状態": 1, "道路形状": 1, "信号機": 7, "一時停止規制　標識（当事者A）": 9, "一時停止規制　表示（当事者A）": 22, "一時停止規制　標識（当事者B）": 0, "一時停止規制　表示（当事者B）": 0, "車道幅員": 14, "道路線形": 9, "衝突地点": 30, "ゾーン規制": 70, "中央分離帯施設等": 5, "歩車道区分": 2, "事故類型": 1, "年齢（当事者A）": 25, "年齢（当事者B）": 1, "当事者種別（当事者A）": 4, "当事者種別（当事者B）": 61, "用途別（当事者A）": 31, "用途別（当事者B）": 0, "車両形状等（当事者A）": 1, "車両形状等（当事者B）": 0, "オートマチック車（当事者A）": 1, "オートマチック車（当事者B）": 0, "サポカー（当事者A）": 11, "サポカー（当事者B）": 0, "速度規制（指定のみ）（当事者A）": 10, "速度規制（指定のみ）（当事者B）": 0, "車両の衝突部位（当事者A）": 10, "車両の衝突部位（当事者B）": 0, "車両の損壊程度（当事者A）": 3, "車両の損壊程度（当事者B）": 0, "エアバッグの装備（当事者A）": 2, "エアバッグの装備（当事者B）": 0, "サイドエアバッグの装備（当事者A）": 2, "サイドエアバッグの装備（当事者B）": 0, "人身損傷程度（当事者A）": 4, "人身損傷程度（当事者B）": 2, "地点　緯度（北緯）": 34.44272222, "地点　経度（東経）": 132.4758333, "曜日(発生年月日)": 2, "祝日(発生年月日)": 3, "認知機能検査経過日数（当事者A）": 9999, "認知機能検査経過日数（当事者B）": 0, "運転練習の方法（当事者A）": 5, "運転練習の方法（当事者B）": 0, "field_69": null }, "geometry": { "type": "Point", "coordinates": [ 132.4758333, 34.44272222 ] } },
{ "type": "Feature", "properties": { "資料区分": 1, "都道府県コード": 73, "警察署等コード": 127, "本票番号": 201, "事故内容": 2, "死者数": 0, "負傷者数": 1, "路線コード": 37270, "地点コード": 0, "市区町村コード": 104, "発生日時　　年": 2024, "発生日時　　月": 9, "発生日時　　日": 26, "発生日時　　時": 17, "発生日時　　分": 0, "昼夜": 12, "日の出時刻　　時": 6, "日の出時刻　　分": 1, "日の入り時刻　　時": 18, "日の入り時刻　　分": 2, "天候": 1, "地形": 1, "路面状態": 1, "道路形状": 1, "信号機": 1, "一時停止規制　標識（当事者A）": 9, "一時停止規制　表示（当事者A）": 22, "一時停止規制　標識（当事者B）": 0, "一時停止規制　表示（当事者B）": 0, "車道幅員": 18, "道路線形": 9, "衝突地点": 30, "ゾーン規制": 70, "中央分離帯施設等": 5, "歩車道区分": 2, "事故類型": 1, "年齢（当事者A）": 25, "年齢（当事者B）": 75, "当事者種別（当事者A）": 3, "当事者種別（当事者B）": 61, "用途別（当事者A）": 31, "用途別（当事者B）": 0, "車両形状等（当事者A）": 1, "車両形状等（当事者B）": 0, "オートマチック車（当事者A）": 1, "オートマチック車（当事者B）": 0, "サポカー（当事者A）": 11, "サポカー（当事者B）": 0, "速度規制（指定のみ）（当事者A）": 10, "速度規制（指定のみ）（当事者B）": 0, "車両の衝突部位（当事者A）": 10, "車両の衝突部位（当事者B）": 0, "車両の損壊程度（当事者A）": 3, "車両の損壊程度（当事者B）": 0, "エアバッグの装備（当事者A）": 2, "エアバッグの装備（当事者B）": 0, "サイドエアバッグの装備（当事者A）": 2, "サイドエアバッグの装備（当事者B）": 0, "人身損傷程度（当事者A）": 4, "人身損傷程度（当事者B）": 2, "地点　緯度（北緯）": 34.37565722, "地点　経度（東経）": 132.3788947, "曜日(発生年月日)": 5, "祝日(発生年月日)": 3, "認知機能検査経過日数（当事者A）": 9999, "認知機能検査経過日数（当事者B）": 0, "運転練習の方法（当事者A）": 1, "運転練習の方法（当事者B）": 0, "field_69": null }, "geometry": { "type": "Point", "coordinates": [ 132.378894699999989, 34.37565722 ] } },
{ "type": "Feature", "properties": { "資料区分": 1, "都道府県コード": 73, "警察署等コード": 127, "本票番号": 206, "事故内容": 2, "死者数": 0, "負傷者数": 1, "路線コード": 37270, "地点コード": 0, "市区町村コード": 104, "発生日時　　年": 2024, "発生日時　　月": 10, "発生日時　　日": 9, "発生日時　　時": 20, "発生日時　　分": 15, "昼夜": 22, "日の出時刻　　時": 6, "日の出時刻　　分": 11, "日の入り時刻　　時": 17, "日の入り時刻　　分": 44, "天候": 1, "地形": 1, "路面状態": 1, "道路形状": 1, "信号機": 7, "一時停止規制　標識（当事者A）": 9, "一時停止規制　表示（当事者A）": 22, "一時停止規制　標識（当事者B）": 0, "一時停止規制　表示（当事者B）": 0, "車道幅員": 15, "道路線形": 9, "衝突地点": 30, "ゾーン規制": 70, "中央分離帯施設等": 5, "歩車道区分": 3, "事故類型": 1, "年齢（当事者A）": 45, "年齢（当事者B）": 35, "当事者種別（当事者A）": 3, "当事者種別（当事者B）": 61, "用途別（当事者A）": 31, "用途別（当事者B）": 0, "車両形状等（当事者A）": 1, "車両形状等（当事者B）": 0, "オートマチック車（当事者A）": 1, "オートマチック車（当事者B）": 0, "サポカー（当事者A）": 11, "サポカー（当事者B）": 0, "速度規制（指定のみ）（当事者A）": 2, "速度規制（指定のみ）（当事者B）": 0, "車両の衝突部位（当事者A）": 20, "車両の衝突部位（当事者B）": 0, "車両の損壊程度（当事者A）": 3, "車両の損壊程度（当事者B）": 0, "エアバッグの装備（当事者A）": 2, "エアバッグの装備（当事者B）": 0, "サイドエアバッグの装備（当事者A）": 2, "サイドエアバッグの装備（当事者B）": 0, "人身損傷程度（当事者A）": 4, "人身損傷程度（当事者B）": 2, "地点　緯度（北緯）": 34.3865425, "地点　経度（東経）": 132.4104308, "曜日(発生年月日)": 4, "祝日(発生年月日)": 3, "認知機能検査経過日数（当事者A）": 9999, "認知機能検査経過日数（当事者B）": 0, "運転練習の方法（当事者A）": 9, "運転練習の方法（当事者B）": 0, "field_69": null }, "geometry": { "type": "Point", "coordinates": [ 132.4104308, 34.3865425 ] } },
{ "type": "Feature", "properties": { "資料区分": 1, "都道府県コード": 73, "警察署等コード": 127, "本票番号": 215, "事故内容": 2, "死者数": 0, "負傷者数": 1, "路線コード": 38100, "地点コード": 0, "市区町村コード": 104, "発生日時　　年": 2024, "発生日時　　月": 10, "発生日時　　日": 14, "発生日時　　時": 18, "発生日時　　分": 40, "昼夜": 22, "日の出時刻　　時": 6, "日の出時刻　　分": 15, "日の入り時刻　　時": 17, "日の入り時刻　　分": 37, "天候": 1, "地形": 1, "路面状態": 1, "道路形状": 1, "信号機": 1, "一時停止規制　標識（当事者A）": 9, "一時停止規制　表示（当事者A）": 22, "一時停止規制　標識（当事者B）": 0, "一時停止規制　表示（当事者B）": 0, "車道幅員": 18, "道路線形": 9, "衝突地点": 30, "ゾーン規制": 70, "中央分離帯施設等": 1, "歩車道区分": 2, "事故類型": 1, "年齢（当事者A）": 55, "年齢（当事者B）": 45, "当事者種別（当事者A）": 3, "当事者種別（当事者B）": 61, "用途別（当事者A）": 31, "用途別（当事者B）": 0, "車両形状等（当事者A）": 1, "車両形状等（当事者B）": 0, "オートマチック車（当事者A）": 1, "オートマチック車（当事者B）": 0, "サポカー（当事者A）": 11, "サポカー（当事者B）": 0, "速度規制（指定のみ）（当事者A）": 10, "速度規制（指定のみ）（当事者B）": 0, "車両の衝突部位（当事者A）": 50, "車両の衝突部位（当事者B）": 0, "車両の損壊程度（当事者A）": 3, "車両の損壊程度（当事者B）": 0, "エアバッグの装備（当事者A）": 2, "エアバッグの装備（当事者B）": 0, "サイドエアバッグの装備（当事者A）": 2, "サイドエアバッグの装備（当事者B）": 0, "人身損傷程度（当事者A）": 4, "人身損傷程度（当事者B）": 2, "地点　緯度（北緯）": 34.37346111, "地点　経度（東経）": 132.4039656, "曜日(発生年月日)": 2, "祝日(発生年月日)": 1, "認知機能検査経過日数（当事者A）": 9999, "認知機能検査経過日数（当事者B）": 0, "運転練習の方法（当事者A）": 9, "運転練習の方法（当事者B）": 0, "field_69": null }, "geometry": { "type": "Point", "coordinates": [ 132.4039656, 34.37346111 ] } },
{ "type": "Feature", "properties": { "資料区分": 1, "都道府県コード": 73, "警察署等コード": 127, "本票番号": 221, "事故内容": 2, "死者数": 0, "負傷者数": 1, "路線コード": 20, "地点コード": 3448, "市区町村コード": 104, "発生日時　　年": 2024, "発生日時　　月": 9, "発生日時　　日": 3, "発生日時　　時": 18, "発生日時　　分": 15, "昼夜": 13, "日の出時刻　　時": 5, "日の出時刻　　分": 45, "日の入り時刻　　時": 18, "日の入り時刻　　分": 34, "天候": 1, "地形": 1, "路面状態": 1, "道路形状": 7, "信号機": 1, "一時停止規制　標識（当事者A）": 0, "一時停止規制　表示（当事者A）": 0, "一時停止規制　標識（当事者B）": 0, "一時停止規制　表示（当事者B）": 0, "車道幅員": 3, "道路線形": 9, "衝突地点": 1, "ゾーン規制": 70, "中央分離帯施設等": 4, "歩車道区分": 2, "事故類型": 1, "年齢（当事者A）": 35, "年齢（当事者B）": 55, "当事者種別（当事者A）": 3, "当事者種別（当事者B）": 61, "用途別（当事者A）": 31, "用途別（当事者B）": 0, "車両形状等（当事者A）": 1, "車両形状等（当事者B）": 0, "オートマチック車（当事者A）": 1, "オートマチック車（当事者B）": 0, "サポカー（当事者A）": 11, "サポカー（当事者B）": 0, "速度規制（指定のみ）（当事者A）": 3, "速度規制（指定のみ）（当事者B）": 0, "車両の衝突部位（当事者A）": 40, "車両の衝突部位（当事者B）": 0, "車両の損壊程度（当事者A）": 3, "車両の損壊程度（当事者B）": 0, "エアバッグの装備（当事者A）": 2, "エアバッグの装備（当事者B）": 0, "サイドエアバッグの装備（当事者A）": 2, "サイドエアバッグの装備（当事者B）": 0, "人身損傷程度（当事者A）": 4, "人身損傷程度（当事者B）": 2, "地点　緯度（北緯）": 34.3717875, "地点　経度（東経）": 132.3860492, "曜日(発生年月日)": 3, "祝日(発生年月日)": 3, "認知機能検査経過日数（当事者A）": 9999, "認知機能検査経過日数（当事者B）": 0, "運転練習の方法（当事者A）": 5, "運転練習の方法（当事者B）": 0, "field_69": null }, "geometry": { "type": "Point", "coordinates": [ 132.3860492, 34.3717875 ] } },
{ "type": "Feature", "properties": { "資料区分": 1, "都道府県コード": 73, "警察署等コード": 127, "本票番号": 222, "事故内容": 2, "死者数": 0, "負傷者数": 1, "路線コード": 99000, "地点コード": 0, "市区町村コード": 104, "発生日時　　年": 2024, "発生日時　　月": 10, "発生日時　　日": 27, "発生日時　　時": 15, "発生日時　　分": 30, "昼夜": 12, "日の出時刻　　時": 6, "日の出時刻　　分": 26, "日の入り時刻　　時": 17, "日の入り時刻　　分": 22, "天候": 2, "地形": 1, "路面状態": 1, "道路形状": 0, "信号機": 7, "一時停止規制　標識（当事者A）": 0, "一時停止規制　表示（当事者A）": 0, "一時停止規制　標識（当事者B）": 0, "一時停止規制　表示（当事者B）": 0, "車道幅員": 0, "道路線形": 0, "衝突地点": 20, "ゾーン規制": 70, "中央分離帯施設等": 0, "歩車道区分": 4, "事故類型": 1, "年齢（当事者A）": 65, "年齢（当事者B）": 25, "当事者種別（当事者A）": 3, "当事者種別（当事者B）": 61, "用途別（当事者A）": 31, "用途別（当事者B）": 0, "車両形状等（当事者A）": 1, "車両形状等（当事者B）": 0, "オートマチック車（当事者A）": 1, "オートマチック車（当事者B）": 0, "サポカー（当事者A）": 11, "サポカー（当事者B）": 0, "速度規制（指定のみ）（当事者A）": 10, "速度規制（指定のみ）（当事者B）": 0, "車両の衝突部位（当事者A）": 60, "車両の衝突部位（当事者B）": 0, "車両の損壊程度（当事者A）": 3, "車両の損壊程度（当事者B）": 0, "エアバッグの装備（当事者A）": 2, "エアバッグの装備（当事者B）": 0, "サイドエアバッグの装備（当事者A）": 2, "サイドエアバッグの装備（当事者B）": 0, "人身損傷程度（当事者A）": 4, "人身損傷程度（当事者B）": 2, "地点　緯度（北緯）": 34.37269528, "地点　経度（東経）": 132.4063364, "曜日(発生年月日)": 1, "祝日(発生年月日)": 3, "認知機能検査経過日数（当事者A）": 9999, "認知機能検査経過日数（当事者B）": 0, "運転練習の方法（当事者A）": 9, "運転練習の方法（当事者B）": 0, "field_69": null }, "geometry": { "type": "Point", "coordinates": [ 132.406336399999986, 34.37269528 ] } },
{ "type": "Feature", "properties": { "資料区分": 1, "都道府県コード": 73, "警察署等コード": 128, "本票番号": 145, "事故内容": 2, "死者数": 0, "負傷者数": 1, "路線コード": 37280, "地点コード": 0, "市区町村コード": 545, "発生日時　　年": 2024, "発生日時　　月": 7, "発生日時　　日": 13, "発生日時　　時": 9, "発生日時　　分": 55, "昼夜": 12, "日の出時刻　　時": 5, "日の出時刻　　分": 8, "日の入り時刻　　時": 19, "日の入り時刻　　分": 24, "天候": 2, "地形": 3, "路面状態": 1, "道路形状": 7, "信号機": 7, "一時停止規制　標識（当事者A）": 0, "一時停止規制　表示（当事者A）": 0, "一時停止規制　標識（当事者B）": 0, "一時停止規制　表示（当事者B）": 0, "車道幅員": 2, "道路線形": 7, "衝突地点": 1, "ゾーン規制": 70, "中央分離帯施設等": 5, "歩車道区分": 3, "事故類型": 1, "年齢（当事者A）": 45, "年齢（当事者B）": 75, "当事者種別（当事者A）": 4, "当事者種別（当事者B）": 61, "用途別（当事者A）": 31, "用途別（当事者B）": 0, "車両形状等（当事者A）": 1, "車両形状等（当事者B）": 0, "オートマチック車（当事者A）": 1, "オートマチック車（当事者B）": 0, "サポカー（当事者A）": 11, "サポカー（当事者B）": 0, "速度規制（指定のみ）（当事者A）": 10, "速度規制（指定のみ）（当事者B）": 0, "車両の衝突部位（当事者A）": 50, "車両の衝突部位（当事者B）": 0, "車両の損壊程度（当事者A）": 3, "車両の損壊程度（当事者B）": 0, "エアバッグの装備（当事者A）": 2, "エアバッグの装備（当事者B）": 0, "サイドエアバッグの装備（当事者A）": 2, "サイドエアバッグの装備（当事者B）": 0, "人身損傷程度（当事者A）": 4, "人身損傷程度（当事者B）": 2, "地点　緯度（北緯）": 34.69978833, "地点　経度（東経）": 133.2461344, "曜日(発生年月日)": 7, "祝日(発生年月日)": 3, "認知機能検査経過日数（当事者A）": 9999, "認知機能検査経過日数（当事者B）": 0, "運転練習の方法（当事者A）": 1, "運転練習の方法（当事者B）": 0, "field_69": null }, "geometry": { "type": "Point", "coordinates": [ 133.246134399999988, 34.69978833 ] } },
{ "type": "Feature", "properties": { "資料区分": 1, "都道府県コード": 73, "警察署等コード": 128, "本票番号": 182, "事故内容": 2, "死者数": 0, "負傷者数": 1, "路線コード": 23920, "地点コード": 0, "市区町村コード": 207, "発生日時　　年": 2024, "発生日時　　月": 10, "発生日時　　日": 7, "発生日時　　時": 17, "発生日時　　分": 55, "昼夜": 21, "日の出時刻　　時": 6, "日の出時刻　　分": 9, "日の入り時刻　　時": 17, "日の入り時刻　　分": 46, "天候": 3, "地形": 3, "路面状態": 2, "道路形状": 7, "信号機": 7, "一時停止規制　標識（当事者A）": 0, "一時停止規制　表示（当事者A）": 0, "一時停止規制　標識（当事者B）": 0, "一時停止規制　表示（当事者B）": 0, "車道幅員": 3, "道路線形": 9, "衝突地点": 1, "ゾーン規制": 70, "中央分離帯施設等": 4, "歩車道区分": 2, "事故類型": 1, "年齢（当事者A）": 35, "年齢（当事者B）": 75, "当事者種別（当事者A）": 4, "当事者種別（当事者B）": 61, "用途別（当事者A）": 31, "用途別（当事者B）": 0, "車両形状等（当事者A）": 1, "車両形状等（当事者B）": 0, "オートマチック車（当事者A）": 1, "オートマチック車（当事者B）": 0, "サポカー（当事者A）": 11, "サポカー（当事者B）": 0, "速度規制（指定のみ）（当事者A）": 3, "速度規制（指定のみ）（当事者B）": 0, "車両の衝突部位（当事者A）": 20, "車両の衝突部位（当事者B）": 0, "車両の損壊程度（当事者A）": 3, "車両の損壊程度（当事者B）": 0, "エアバッグの装備（当事者A）": 2, "エアバッグの装備（当事者B）": 0, "サイドエアバッグの装備（当事者A）": 2, "サイドエアバッグの装備（当事者B）": 0, "人身損傷程度（当事者A）": 4, "人身損傷程度（当事者B）": 2, "地点　緯度（北緯）": 34.54603111, "地点　経度（東経）": 133.3288706, "曜日(発生年月日)": 2, "祝日(発生年月日)": 3, "認知機能検査経過日数（当事者A）": 9999, "認知機能検査経過日数（当事者B）": 0, "運転練習の方法（当事者A）": 1, "運転練習の方法（当事者B）": 0, "field_69": null }, "geometry": { "type": "Point", "coordinates": [ 133.328870599999988, 34.54603111 ] } },
{ "type": "Feature", "properties": { "資料区分": 1, "都道府県コード": 73, "警察署等コード": 129, "本票番号": 167, "事故内容": 2, "死者数": 0, "負傷者数": 1, "路線コード": 37290, "地点コード": 0, "市区町村コード": 108, "発生日時　　年": 2024, "発生日時　　月": 8, "発生日時　　日": 4, "発生日時　　時": 17, "発生日時　　分": 45, "昼夜": 12, "日の出時刻　　時": 5, "日の出時刻　　分": 23, "日の入り時刻　　時": 19, "日の入り時刻　　分": 9, "天候": 1, "地形": 2, "路面状態": 1, "道路形状": 14, "信号機": 7, "一時停止規制　標識（当事者A）": 0, "一時停止規制　表示（当事者A）": 0, "一時停止規制　標識（当事者B）": 0, "一時停止規制　表示（当事者B）": 0, "車道幅員": 3, "道路線形": 9, "衝突地点": 1, "ゾーン規制": 70, "中央分離帯施設等": 5, "歩車道区分": 2, "事故類型": 1, "年齢（当事者A）": 65, "年齢（当事者B）": 65, "当事者種別（当事者A）": 3, "当事者種別（当事者B）": 61, "用途別（当事者A）": 31, "用途別（当事者B）": 0, "車両形状等（当事者A）": 1, "車両形状等（当事者B）": 0, "オートマチック車（当事者A）": 1, "オートマチック車（当事者B）": 0, "サポカー（当事者A）": 11, "サポカー（当事者B）": 0, "速度規制（指定のみ）（当事者A）": 10, "速度規制（指定のみ）（当事者B）": 0, "車両の衝突部位（当事者A）": 10, "車両の衝突部位（当事者B）": 0, "車両の損壊程度（当事者A）": 3, "車両の損壊程度（当事者B）": 0, "エアバッグの装備（当事者A）": 2, "エアバッグの装備（当事者B）": 0, "サイドエアバッグの装備（当事者A）": 2, "サイドエアバッグの装備（当事者B）": 0, "人身損傷程度（当事者A）": 4, "人身損傷程度（当事者B）": 2, "地点　緯度（北緯）": 34.39666806, "地点　経度（東経）": 132.3633467, "曜日(発生年月日)": 1, "祝日(発生年月日)": 3, "認知機能検査経過日数（当事者A）": 9999, "認知機能検査経過日数（当事者B）": 0, "運転練習の方法（当事者A）": 9, "運転練習の方法（当事者B）": 0, "field_69": null }, "geometry": { "type": "Point", "coordinates": [ 132.3633467, 34.39666806 ] } },
{ "type": "Feature", "properties": { "資料区分": 1, "都道府県コード": 73, "警察署等コード": 101, "本票番号": 185, "事故内容": 2, "死者数": 0, "負傷者数": 1, "路線コード": 37010, "地点コード": 0, "市区町村コード": 102, "発生日時　　年": 2024, "発生日時　　月": 10, "発生日時　　日": 22, "発生日時　　時": 12, "発生日時　　分": 0, "昼夜": 12, "日の出時刻　　時": 6, "日の出時刻　　分": 21, "日の入り時刻　　時": 17, "日の入り時刻　　分": 28, "天候": 3, "地形": 1, "路面状態": 2, "道路形状": 1, "信号機": 7, "一時停止規制　標識（当事者A）": 9, "一時停止規制　表示（当事者A）": 22, "一時停止規制　標識（当事者B）": 0, "一時停止規制　表示（当事者B）": 0, "車道幅員": 14, "道路線形": 9, "衝突地点": 30, "ゾーン規制": 70, "中央分離帯施設等": 5, "歩車道区分": 2, "事故類型": 1, "年齢（当事者A）": 35, "年齢（当事者B）": 75, "当事者種別（当事者A）": 4, "当事者種別（当事者B）": 61, "用途別（当事者A）": 31, "用途別（当事者B）": 0, "車両形状等（当事者A）": 1, "車両形状等（当事者B）": 0, "オートマチック車（当事者A）": 1, "オートマチック車（当事者B）": 0, "サポカー（当事者A）": 11, "サポカー（当事者B）": 0, "速度規制（指定のみ）（当事者A）": 10, "速度規制（指定のみ）（当事者B）": 0, "車両の衝突部位（当事者A）": 50, "車両の衝突部位（当事者B）": 0, "車両の損壊程度（当事者A）": 3, "車両の損壊程度（当事者B）": 0, "エアバッグの装備（当事者A）": 2, "エアバッグの装備（当事者B）": 0, "サイドエアバッグの装備（当事者A）": 2, "サイドエアバッグの装備（当事者B）": 0, "人身損傷程度（当事者A）": 4, "人身損傷程度（当事者B）": 2, "地点　緯度（北緯）": 34.41044222, "地点　経度（東経）": 132.4985933, "曜日(発生年月日)": 3, "祝日(発生年月日)": 3, "認知機能検査経過日数（当事者A）": 9999, "認知機能検査経過日数（当事者B）": 0, "運転練習の方法（当事者A）": 1, "運転練習の方法（当事者B）": 0, "field_69": null }, "geometry": { "type": "Point", "coordinates": [ 132.49859330000001, 34.41044222 ] } },
{ "type": "Feature", "properties": { "資料区分": 1, "都道府県コード": 73, "警察署等コード": 101, "本票番号": 188, "事故内容": 2, "死者数": 0, "負傷者数": 1, "路線コード": 37010, "地点コード": 0, "市区町村コード": 102, "発生日時　　年": 2024, "発生日時　　月": 11, "発生日時　　日": 1, "発生日時　　時": 18, "発生日時　　分": 25, "昼夜": 22, "日の出時刻　　時": 6, "日の出時刻　　分": 30, "日の入り時刻　　時": 17, "日の入り時刻　　分": 17, "天候": 3, "地形": 1, "路面状態": 2, "道路形状": 1, "信号機": 7, "一時停止規制　標識（当事者A）": 1, "一時停止規制　表示（当事者A）": 21, "一時停止規制　標識（当事者B）": 0, "一時停止規制　表示（当事者B）": 0, "車道幅員": 14, "道路線形": 3, "衝突地点": 30, "ゾーン規制": 70, "中央分離帯施設等": 5, "歩車道区分": 4, "事故類型": 1, "年齢（当事者A）": 35, "年齢（当事者B）": 35, "当事者種別（当事者A）": 3, "当事者種別（当事者B）": 61, "用途別（当事者A）": 31, "用途別（当事者B）": 0, "車両形状等（当事者A）": 1, "車両形状等（当事者B）": 0, "オートマチック車（当事者A）": 1, "オートマチック車（当事者B）": 0, "サポカー（当事者A）": 11, "サポカー（当事者B）": 0, "速度規制（指定のみ）（当事者A）": 10, "速度規制（指定のみ）（当事者B）": 0, "車両の衝突部位（当事者A）": 10, "車両の衝突部位（当事者B）": 0, "車両の損壊程度（当事者A）": 3, "車両の損壊程度（当事者B）": 0, "エアバッグの装備（当事者A）": 2, "エアバッグの装備（当事者B）": 0, "サイドエアバッグの装備（当事者A）": 2, "サイドエアバッグの装備（当事者B）": 0, "人身損傷程度（当事者A）": 4, "人身損傷程度（当事者B）": 2, "地点　緯度（北緯）": 34.39547222, "地点　経度（東経）": 132.4900833, "曜日(発生年月日)": 6, "祝日(発生年月日)": 3, "認知機能検査経過日数（当事者A）": 9999, "認知機能検査経過日数（当事者B）": 0, "運転練習の方法（当事者A）": 1, "運転練習の方法（当事者B）": 0, "field_69": null }, "geometry": { "type": "Point", "coordinates": [ 132.4900833, 34.39547222 ] } },
{ "type": "Feature", "properties": { "資料区分": 1, "都道府県コード": 73, "警察署等コード": 101, "本票番号": 198, "事故内容": 2, "死者数": 0, "負傷者数": 1, "路線コード": 37010, "地点コード": 0, "市区町村コード": 102, "発生日時　　年": 2024, "発生日時　　月": 10, "発生日時　　日": 31, "発生日時　　時": 6, "発生日時　　分": 8, "昼夜": 23, "日の出時刻　　時": 6, "日の出時刻　　分": 29, "日の入り時刻　　時": 17, "日の入り時刻　　分": 18, "天候": 1, "地形": 1, "路面状態": 1, "道路形状": 1, "信号機": 7, "一時停止規制　標識（当事者A）": 9, "一時停止規制　表示（当事者A）": 22, "一時停止規制　標識（当事者B）": 0, "一時停止規制　表示（当事者B）": 0, "車道幅員": 15, "道路線形": 8, "衝突地点": 30, "ゾーン規制": 70, "中央分離帯施設等": 4, "歩車道区分": 2, "事故類型": 1, "年齢（当事者A）": 65, "年齢（当事者B）": 65, "当事者種別（当事者A）": 3, "当事者種別（当事者B）": 61, "用途別（当事者A）": 1, "用途別（当事者B）": 0, "車両形状等（当事者A）": 1, "車両形状等（当事者B）": 0, "オートマチック車（当事者A）": 1, "オートマチック車（当事者B）": 0, "サポカー（当事者A）": 11, "サポカー（当事者B）": 0, "速度規制（指定のみ）（当事者A）": 3, "速度規制（指定のみ）（当事者B）": 0, "車両の衝突部位（当事者A）": 10, "車両の衝突部位（当事者B）": 0, "車両の損壊程度（当事者A）": 4, "車両の損壊程度（当事者B）": 0, "エアバッグの装備（当事者A）": 2, "エアバッグの装備（当事者B）": 0, "サイドエアバッグの装備（当事者A）": 2, "サイドエアバッグの装備（当事者B）": 0, "人身損傷程度（当事者A）": 4, "人身損傷程度（当事者B）": 2, "地点　緯度（北緯）": 34.43144583, "地点　経度（東経）": 132.4834083, "曜日(発生年月日)": 5, "祝日(発生年月日)": 3, "認知機能検査経過日数（当事者A）": 9999, "認知機能検査経過日数（当事者B）": 0, "運転練習の方法（当事者A）": 9, "運転練習の方法（当事者B）": 0, "field_69": null }, "geometry": { "type": "Point", "coordinates": [ 132.4834083, 34.43144583 ] } },
{ "type": "Feature", "properties": { "資料区分": 1, "都道府県コード": 73, "警察署等コード": 101, "本票番号": 199, "事故内容": 2, "死者数": 0, "負傷者数": 1, "路線コード": 37010, "地点コード": 0, "市区町村コード": 302, "発生日時　　年": 2024, "発生日時　　月": 11, "発生日時　　日": 13, "発生日時　　時": 6, "発生日時　　分": 53, "昼夜": 11, "日の出時刻　　時": 6, "日の出時刻　　分": 41, "日の入り時刻　　時": 17, "日の入り時刻　　分": 7, "天候": 1, "地形": 2, "路面状態": 1, "道路形状": 1, "信号機": 1, "一時停止規制　標識（当事者A）": 9, "一時停止規制　表示（当事者A）": 22, "一時停止規制　標識（当事者B）": 0, "一時停止規制　表示（当事者B）": 0, "車道幅員": 15, "道路線形": 9, "衝突地点": 30, "ゾーン規制": 70, "中央分離帯施設等": 4, "歩車道区分": 2, "事故類型": 1, "年齢（当事者A）": 35, "年齢（当事者B）": 65, "当事者種別（当事者A）": 3, "当事者種別（当事者B）": 61, "用途別（当事者A）": 31, "用途別（当事者B）": 0, "車両形状等（当事者A）": 1, "車両形状等（当事者B）": 0, "オートマチック車（当事者A）": 2, "オートマチック車（当事者B）": 0, "サポカー（当事者A）": 11, "サポカー（当事者B）": 0, "速度規制（指定のみ）（当事者A）": 3, "速度規制（指定のみ）（当事者B）": 0, "車両の衝突部位（当事者A）": 10, "車両の衝突部位（当事者B）": 0, "車両の損壊程度（当事者A）": 3, "車両の損壊程度（当事者B）": 0, "エアバッグの装備（当事者A）": 2, "エアバッグの装備（当事者B）": 0, "サイドエアバッグの装備（当事者A）": 2, "サイドエアバッグの装備（当事者B）": 0, "人身損傷程度（当事者A）": 4, "人身損傷程度（当事者B）": 2, "地点　緯度（北緯）": 34.38996278, "地点　経度（東経）": 132.5072531, "曜日(発生年月日)": 4, "祝日(発生年月日)": 3, "認知機能検査経過日数（当事者A）": 9999, "認知機能検査経過日数（当事者B）": 0, "運転練習の方法（当事者A）": 1, "運転練習の方法（当事者B）": 0, "field_69": null }, "geometry": { "type": "Point", "coordinates": [ 132.507253100000014, 34.38996278 ] } },
{ "type": "Feature", "properties": { "資料区分": 1, "都道府県コード": 73, "警察署等コード": 101, "本票番号": 206, "事故内容": 2, "死者数": 0, "負傷者数": 2, "路線コード": 37010, "地点コード": 0, "市区町村コード": 302, "発生日時　　年": 2024, "発生日時　　月": 11, "発生日時　　日": 2, "発生日時　　時": 19, "発生日時　　分": 17, "昼夜": 22, "日の出時刻　　時": 6, "日の出時刻　　分": 31, "日の入り時刻　　時": 17, "日の入り時刻　　分": 16, "天候": 1, "地形": 1, "路面状態": 1, "道路形状": 7, "信号機": 7, "一時停止規制　標識（当事者A）": 0, "一時停止規制　表示（当事者A）": 0, "一時停止規制　標識（当事者B）": 0, "一時停止規制　表示（当事者B）": 0, "車道幅員": 4, "道路線形": 9, "衝突地点": 1, "ゾーン規制": 70, "中央分離帯施設等": 4, "歩車道区分": 2, "事故類型": 1, "年齢（当事者A）": 65, "年齢（当事者B）": 1, "当事者種別（当事者A）": 3, "当事者種別（当事者B）": 61, "用途別（当事者A）": 1, "用途別（当事者B）": 0, "車両形状等（当事者A）": 1, "車両形状等（当事者B）": 0, "オートマチック車（当事者A）": 1, "オートマチック車（当事者B）": 0, "サポカー（当事者A）": 11, "サポカー（当事者B）": 0, "速度規制（指定のみ）（当事者A）": 3, "速度規制（指定のみ）（当事者B）": 0, "車両の衝突部位（当事者A）": 10, "車両の衝突部位（当事者B）": 0, "車両の損壊程度（当事者A）": 4, "車両の損壊程度（当事者B）": 0, "エアバッグの装備（当事者A）": 2, "エアバッグの装備（当事者B）": 0, "サイドエアバッグの装備（当事者A）": 2, "サイドエアバッグの装備（当事者B）": 0, "人身損傷程度（当事者A）": 4, "人身損傷程度（当事者B）": 2, "地点　緯度（北緯）": 34.39572972, "地点　経度（東経）": 132.5054397, "曜日(発生年月日)": 7, "祝日(発生年月日)": 2, "認知機能検査経過日数（当事者A）": 9999, "認知機能検査経過日数（当事者B）": 0, "運転練習の方法（当事者A）": 9, "運転練習の方法（当事者B）": 0, "field_69": null }, "geometry": { "type": "Point", "coordinates": [ 132.505439700000011, 34.39572972 ] } },
{ "type": "Feature", "properties": { "資料区分": 1, "都道府県コード": 73, "警察署等コード": 102, "本票番号": 345, "事故内容": 2, "死者数": 0, "負傷者数": 1, "路線コード": 38070, "地点コード": 0, "市区町村コード": 101, "発生日時　　年": 2024, "発生日時　　月": 11, "発生日時　　日": 1, "発生日時　　時": 12, "発生日時　　分": 50, "昼夜": 12, "日の出時刻　　時": 6, "日の出時刻　　分": 30, "日の入り時刻　　時": 17, "日の入り時刻　　分": 17, "天候": 3, "地形": 1, "路面状態": 1, "道路形状": 14, "信号機": 7, "一時停止規制　標識（当事者A）": 0, "一時停止規制　表示（当事者A）": 0, "一時停止規制　標識（当事者B）": 0, "一時停止規制　表示（当事者B）": 0, "車道幅員": 6, "道路線形": 9, "衝突地点": 1, "ゾーン規制": 70, "中央分離帯施設等": 5, "歩車道区分": 2, "事故類型": 1, "年齢（当事者A）": 1, "年齢（当事者B）": 65, "当事者種別（当事者A）": 51, "当事者種別（当事者B）": 61, "用途別（当事者A）": 41, "用途別（当事者B）": 0, "車両形状等（当事者A）": 0, "車両形状等（当事者B）": 0, "オートマチック車（当事者A）": 0, "オートマチック車（当事者B）": 0, "サポカー（当事者A）": 0, "サポカー（当事者B）": 0, "速度規制（指定のみ）（当事者A）": 0, "速度規制（指定のみ）（当事者B）": 0, "車両の衝突部位（当事者A）": 10, "車両の衝突部位（当事者B）": 0, "車両の損壊程度（当事者A）": 3, "車両の損壊程度（当事者B）": 0, "エアバッグの装備（当事者A）": 0, "エアバッグの装備（当事者B）": 0, "サイドエアバッグの装備（当事者A）": 0, "サイドエアバッグの装備（当事者B）": 0, "人身損傷程度（当事者A）": 4, "人身損傷程度（当事者B）": 2, "地点　緯度（北緯）": 34.38957972, "地点　経度（東経）": 132.4581964, "曜日(発生年月日)": 6, "祝日(発生年月日)": 3, "認知機能検査経過日数（当事者A）": 0, "認知機能検査経過日数（当事者B）": 0, "運転練習の方法（当事者A）": 0, "運転練習の方法（当事者B）": 0, "field_69": null }, "geometry": { "type": "Point", "coordinates": [ 132.4581964, 34.38957972 ] } },
{ "type": "Feature", "properties": { "資料区分": 1, "都道府県コード": 73, "警察署等コード": 103, "本票番号": 238, "事故内容": 2, "死者数": 0, "負傷者数": 2, "路線コード": 28, "地点コード": 3319, "市区町村コード": 103, "発生日時　　年": 2024, "発生日時　　月": 10, "発生日時　　日": 17, "発生日時　　時": 17, "発生日時　　分": 45, "昼夜": 21, "日の出時刻　　時": 6, "日の出時刻　　分": 17, "日の入り時刻　　時": 17, "日の入り時刻　　分": 34, "天候": 1, "地形": 2, "路面状態": 1, "道路形状": 7, "信号機": 1, "一時停止規制　標識（当事者A）": 0, "一時停止規制　表示（当事者A）": 0, "一時停止規制　標識（当事者B）": 0, "一時停止規制　表示（当事者B）": 0, "車道幅員": 6, "道路線形": 9, "衝突地点": 1, "ゾーン規制": 70, "中央分離帯施設等": 1, "歩車道区分": 2, "事故類型": 1, "年齢（当事者A）": 65, "年齢（当事者B）": 35, "当事者種別（当事者A）": 3, "当事者種別（当事者B）": 61, "用途別（当事者A）": 31, "用途別（当事者B）": 0, "車両形状等（当事者A）": 1, "車両形状等（当事者B）": 0, "オートマチック車（当事者A）": 1, "オートマチック車（当事者B）": 0, "サポカー（当事者A）": 11, "サポカー（当事者B）": 0, "速度規制（指定のみ）（当事者A）": 4, "速度規制（指定のみ）（当事者B）": 0, "車両の衝突部位（当事者A）": 10, "車両の衝突部位（当事者B）": 0, "車両の損壊程度（当事者A）": 3, "車両の損壊程度（当事者B）": 0, "エアバッグの装備（当事者A）": 2, "エアバッグの装備（当事者B）": 0, "サイドエアバッグの装備（当事者A）": 2, "サイドエアバッグの装備（当事者B）": 0, "人身損傷程度（当事者A）": 4, "人身損傷程度（当事者B）": 2, "地点　緯度（北緯）": 34.35460083, "地点　経度（東経）": 132.4586953, "曜日(発生年月日)": 5, "祝日(発生年月日)": 3, "認知機能検査経過日数（当事者A）": 9999, "認知機能検査経過日数（当事者B）": 0, "運転練習の方法（当事者A）": 9, "運転練習の方法（当事者B）": 0, "field_69": null }, "geometry": { "type": "Point", "coordinates": [ 132.458695299999988, 34.35460083 ] } },
{ "type": "Feature", "properties": { "資料区分": 1, "都道府県コード": 73, "警察署等コード": 103, "本票番号": 254, "事故内容": 2, "死者数": 0, "負傷者数": 1, "路線コード": 37030, "地点コード": 0, "市区町村コード": 103, "発生日時　　年": 2024, "発生日時　　月": 11, "発生日時　　日": 7, "発生日時　　時": 8, "発生日時　　分": 45, "昼夜": 12, "日の出時刻　　時": 6, "日の出時刻　　分": 36, "日の入り時刻　　時": 17, "日の入り時刻　　分": 12, "天候": 1, "地形": 1, "路面状態": 1, "道路形状": 14, "信号機": 7, "一時停止規制　標識（当事者A）": 0, "一時停止規制　表示（当事者A）": 0, "一時停止規制　標識（当事者B）": 0, "一時停止規制　表示（当事者B）": 0, "車道幅員": 1, "道路線形": 9, "衝突地点": 1, "ゾーン規制": 70, "中央分離帯施設等": 4, "歩車道区分": 2, "事故類型": 1, "年齢（当事者A）": 45, "年齢（当事者B）": 45, "当事者種別（当事者A）": 4, "当事者種別（当事者B）": 61, "用途別（当事者A）": 31, "用途別（当事者B）": 0, "車両形状等（当事者A）": 1, "車両形状等（当事者B）": 0, "オートマチック車（当事者A）": 1, "オートマチック車（当事者B）": 0, "サポカー（当事者A）": 11, "サポカー（当事者B）": 0, "速度規制（指定のみ）（当事者A）": 1, "速度規制（指定のみ）（当事者B）": 0, "車両の衝突部位（当事者A）": 20, "車両の衝突部位（当事者B）": 0, "車両の損壊程度（当事者A）": 3, "車両の損壊程度（当事者B）": 0, "エアバッグの装備（当事者A）": 2, "エアバッグの装備（当事者B）": 0, "サイドエアバッグの装備（当事者A）": 2, "サイドエアバッグの装備（当事者B）": 0, "人身損傷程度（当事者A）": 4, "人身損傷程度（当事者B）": 2, "地点　緯度（北緯）": 34.37899389, "地点　経度（東経）": 132.469865, "曜日(発生年月日)": 5, "祝日(発生年月日)": 3, "認知機能検査経過日数（当事者A）": 9999, "認知機能検査経過日数（当事者B）": 0, "運転練習の方法（当事者A）": 1, "運転練習の方法（当事者B）": 0, "field_69": null }, "geometry": { "type": "Point", "coordinates": [ 132.469865, 34.37899389 ] } },
{ "type": "Feature", "properties": { "資料区分": 1, "都道府県コード": 73, "警察署等コード": 103, "本票番号": 255, "事故内容": 2, "死者数": 0, "負傷者数": 1, "路線コード": 37030, "地点コード": 0, "市区町村コード": 103, "発生日時　　年": 2024, "発生日時　　月": 10, "発生日時　　日": 21, "発生日時　　時": 10, "発生日時　　分": 52, "昼夜": 12, "日の出時刻　　時": 6, "日の出時刻　　分": 20, "日の入り時刻　　時": 17, "日の入り時刻　　分": 29, "天候": 1, "地形": 1, "路面状態": 1, "道路形状": 14, "信号機": 7, "一時停止規制　標識（当事者A）": 0, "一時停止規制　表示（当事者A）": 0, "一時停止規制　標識（当事者B）": 0, "一時停止規制　表示（当事者B）": 0, "車道幅員": 3, "道路線形": 9, "衝突地点": 1, "ゾーン規制": 70, "中央分離帯施設等": 1, "歩車道区分": 2, "事故類型": 1, "年齢（当事者A）": 25, "年齢（当事者B）": 65, "当事者種別（当事者A）": 51, "当事者種別（当事者B）": 61, "用途別（当事者A）": 41, "用途別（当事者B）": 0, "車両形状等（当事者A）": 0, "車両形状等（当事者B）": 0, "オートマチック車（当事者A）": 0, "オートマチック車（当事者B）": 0, "サポカー（当事者A）": 0, "サポカー（当事者B）": 0, "速度規制（指定のみ）（当事者A）": 0, "速度規制（指定のみ）（当事者B）": 0, "車両の衝突部位（当事者A）": 10, "車両の衝突部位（当事者B）": 0, "車両の損壊程度（当事者A）": 3, "車両の損壊程度（当事者B）": 0, "エアバッグの装備（当事者A）": 0, "エアバッグの装備（当事者B）": 0, "サイドエアバッグの装備（当事者A）": 0, "サイドエアバッグの装備（当事者B）": 0, "人身損傷程度（当事者A）": 4, "人身損傷程度（当事者B）": 2, "地点　緯度（北緯）": 34.39013972, "地点　経度（東経）": 132.4769103, "曜日(発生年月日)": 2, "祝日(発生年月日)": 3, "認知機能検査経過日数（当事者A）": 0, "認知機能検査経過日数（当事者B）": 0, "運転練習の方法（当事者A）": 0, "運転練習の方法（当事者B）": 0, "field_69": null }, "geometry": { "type": "Point", "coordinates": [ 132.476910299999986, 34.39013972 ] } },
{ "type": "Feature", "properties": { "資料区分": 1, "都道府県コード": 73, "警察署等コード": 103, "本票番号": 258, "事故内容": 2, "死者数": 0, "負傷者数": 1, "路線コード": 20, "地点コード": 3321, "市区町村コード": 103, "発生日時　　年": 2024, "発生日時　　月": 11, "発生日時　　日": 13, "発生日時　　時": 18, "発生日時　　分": 5, "昼夜": 21, "日の出時刻　　時": 6, "日の出時刻　　分": 41, "日の入り時刻　　時": 17, "日の入り時刻　　分": 7, "天候": 1, "地形": 1, "路面状態": 1, "道路形状": 1, "信号機": 1, "一時停止規制　標識（当事者A）": 9, "一時停止規制　表示（当事者A）": 22, "一時停止規制　標識（当事者B）": 0, "一時停止規制　表示（当事者B）": 0, "車道幅員": 19, "道路線形": 9, "衝突地点": 30, "ゾーン規制": 70, "中央分離帯施設等": 5, "歩車道区分": 1, "事故類型": 1, "年齢（当事者A）": 45, "年齢（当事者B）": 1, "当事者種別（当事者A）": 13, "当事者種別（当事者B）": 61, "用途別（当事者A）": 31, "用途別（当事者B）": 0, "車両形状等（当事者A）": 11, "車両形状等（当事者B）": 0, "オートマチック車（当事者A）": 1, "オートマチック車（当事者B）": 0, "サポカー（当事者A）": 11, "サポカー（当事者B）": 0, "速度規制（指定のみ）（当事者A）": 4, "速度規制（指定のみ）（当事者B）": 0, "車両の衝突部位（当事者A）": 50, "車両の衝突部位（当事者B）": 0, "車両の損壊程度（当事者A）": 3, "車両の損壊程度（当事者B）": 0, "エアバッグの装備（当事者A）": 2, "エアバッグの装備（当事者B）": 0, "サイドエアバッグの装備（当事者A）": 2, "サイドエアバッグの装備（当事者B）": 0, "人身損傷程度（当事者A）": 4, "人身損傷程度（当事者B）": 2, "地点　緯度（北緯）": 34.37783889, "地点　経度（東経）": 132.4943239, "曜日(発生年月日)": 4, "祝日(発生年月日)": 3, "認知機能検査経過日数（当事者A）": 9999, "認知機能検査経過日数（当事者B）": 0, "運転練習の方法（当事者A）": 9, "運転練習の方法（当事者B）": 0, "field_69": null }, "geometry": { "type": "Point", "coordinates": [ 132.494323900000012, 34.37783889 ] } },
{ "type": "Feature", "properties": { "資料区分": 1, "都道府県コード": 73, "警察署等コード": 104, "本票番号": 153, "事故内容": 2, "死者数": 0, "負傷者数": 1, "路線コード": 99000, "地点コード": 0, "市区町村コード": 202, "発生日時　　年": 2024, "発生日時　　月": 11, "発生日時　　日": 1, "発生日時　　時": 15, "発生日時　　分": 0, "昼夜": 12, "日の出時刻　　時": 6, "日の出時刻　　分": 30, "日の入り時刻　　時": 17, "日の入り時刻　　分": 17, "天候": 3, "地形": 3, "路面状態": 1, "道路形状": 0, "信号機": 7, "一時停止規制　標識（当事者A）": 0, "一時停止規制　表示（当事者A）": 0, "一時停止規制　標識（当事者B）": 0, "一時停止規制　表示（当事者B）": 0, "車道幅員": 0, "道路線形": 0, "衝突地点": 20, "ゾーン規制": 70, "中央分離帯施設等": 0, "歩車道区分": 4, "事故類型": 1, "年齢（当事者A）": 35, "年齢（当事者B）": 75, "当事者種別（当事者A）": 3, "当事者種別（当事者B）": 61, "用途別（当事者A）": 31, "用途別（当事者B）": 0, "車両形状等（当事者A）": 1, "車両形状等（当事者B）": 0, "オートマチック車（当事者A）": 1, "オートマチック車（当事者B）": 0, "サポカー（当事者A）": 11, "サポカー（当事者B）": 0, "速度規制（指定のみ）（当事者A）": 10, "速度規制（指定のみ）（当事者B）": 0, "車両の衝突部位（当事者A）": 10, "車両の衝突部位（当事者B）": 0, "車両の損壊程度（当事者A）": 3, "車両の損壊程度（当事者B）": 0, "エアバッグの装備（当事者A）": 2, "エアバッグの装備（当事者B）": 0, "サイドエアバッグの装備（当事者A）": 2, "サイドエアバッグの装備（当事者B）": 0, "人身損傷程度（当事者A）": 4, "人身損傷程度（当事者B）": 2, "地点　緯度（北緯）": 34.24298056, "地点　経度（東経）": 132.5565464, "曜日(発生年月日)": 6, "祝日(発生年月日)": 3, "認知機能検査経過日数（当事者A）": 9999, "認知機能検査経過日数（当事者B）": 0, "運転練習の方法（当事者A）": 1, "運転練習の方法（当事者B）": 0, "field_69": null }, "geometry": { "type": "Point", "coordinates": [ 132.5565464, 34.24298056 ] } },
{ "type": "Feature", "properties": { "資料区分": 1, "都道府県コード": 73, "警察署等コード": 104, "本票番号": 156, "事故内容": 2, "死者数": 0, "負傷者数": 1, "路線コード": 37040, "地点コード": 0, "市区町村コード": 202, "発生日時　　年": 2024, "発生日時　　月": 11, "発生日時　　日": 13, "発生日時　　時": 16, "発生日時　　分": 20, "昼夜": 13, "日の出時刻　　時": 6, "日の出時刻　　分": 41, "日の入り時刻　　時": 17, "日の入り時刻　　分": 7, "天候": 1, "地形": 3, "路面状態": 1, "道路形状": 1, "信号機": 7, "一時停止規制　標識（当事者A）": 9, "一時停止規制　表示（当事者A）": 22, "一時停止規制　標識（当事者B）": 0, "一時停止規制　表示（当事者B）": 0, "車道幅員": 15, "道路線形": 6, "衝突地点": 30, "ゾーン規制": 70, "中央分離帯施設等": 5, "歩車道区分": 4, "事故類型": 1, "年齢（当事者A）": 75, "年齢（当事者B）": 75, "当事者種別（当事者A）": 4, "当事者種別（当事者B）": 61, "用途別（当事者A）": 31, "用途別（当事者B）": 0, "車両形状等（当事者A）": 1, "車両形状等（当事者B）": 0, "オートマチック車（当事者A）": 1, "オートマチック車（当事者B）": 0, "サポカー（当事者A）": 11, "サポカー（当事者B）": 0, "速度規制（指定のみ）（当事者A）": 2, "速度規制（指定のみ）（当事者B）": 0, "車両の衝突部位（当事者A）": 10, "車両の衝突部位（当事者B）": 0, "車両の損壊程度（当事者A）": 3, "車両の損壊程度（当事者B）": 0, "エアバッグの装備（当事者A）": 2, "エアバッグの装備（当事者B）": 0, "サイドエアバッグの装備（当事者A）": 2, "サイドエアバッグの装備（当事者B）": 0, "人身損傷程度（当事者A）": 4, "人身損傷程度（当事者B）": 2, "地点　緯度（北緯）": 34.295005, "地点　経度（東経）": 132.55758, "曜日(発生年月日)": 4, "祝日(発生年月日)": 3, "認知機能検査経過日数（当事者A）": 1133, "認知機能検査経過日数（当事者B）": 0, "運転練習の方法（当事者A）": 9, "運転練習の方法（当事者B）": 0, "field_69": null }, "geometry": { "type": "Point", "coordinates": [ 132.55758, 34.295005 ] } },
{ "type": "Feature", "properties": { "資料区分": 1, "都道府県コード": 73, "警察署等コード": 104, "本票番号": 158, "事故内容": 2, "死者数": 0, "負傷者数": 1, "路線コード": 1850, "地点コード": 7, "市区町村コード": 202, "発生日時　　年": 2024, "発生日時　　月": 11, "発生日時　　日": 9, "発生日時　　時": 10, "発生日時　　分": 44, "昼夜": 12, "日の出時刻　　時": 6, "日の出時刻　　分": 38, "日の入り時刻　　時": 17, "日の入り時刻　　分": 10, "天候": 1, "地形": 1, "路面状態": 1, "道路形状": 1, "信号機": 1, "一時停止規制　標識（当事者A）": 9, "一時停止規制　表示（当事者A）": 22, "一時停止規制　標識（当事者B）": 0, "一時停止規制　表示（当事者B）": 0, "車道幅員": 19, "道路線形": 9, "衝突地点": 30, "ゾーン規制": 70, "中央分離帯施設等": 1, "歩車道区分": 2, "事故類型": 1, "年齢（当事者A）": 75, "年齢（当事者B）": 75, "当事者種別（当事者A）": 3, "当事者種別（当事者B）": 61, "用途別（当事者A）": 31, "用途別（当事者B）": 0, "車両形状等（当事者A）": 1, "車両形状等（当事者B）": 0, "オートマチック車（当事者A）": 1, "オートマチック車（当事者B）": 0, "サポカー（当事者A）": 11, "サポカー（当事者B）": 0, "速度規制（指定のみ）（当事者A）": 4, "速度規制（指定のみ）（当事者B）": 0, "車両の衝突部位（当事者A）": 10, "車両の衝突部位（当事者B）": 0, "車両の損壊程度（当事者A）": 3, "車両の損壊程度（当事者B）": 0, "エアバッグの装備（当事者A）": 2, "エアバッグの装備（当事者B）": 0, "サイドエアバッグの装備（当事者A）": 2, "サイドエアバッグの装備（当事者B）": 0, "人身損傷程度（当事者A）": 4, "人身損傷程度（当事者B）": 2, "地点　緯度（北緯）": 34.24740111, "地点　経度（東経）": 132.5692117, "曜日(発生年月日)": 7, "祝日(発生年月日)": 3, "認知機能検査経過日数（当事者A）": 155, "認知機能検査経過日数（当事者B）": 0, "運転練習の方法（当事者A）": 9, "運転練習の方法（当事者B）": 0, "field_69": null }, "geometry": { "type": "Point", "coordinates": [ 132.569211700000011, 34.24740111 ] } },
{ "type": "Feature", "properties": { "資料区分": 1, "都道府県コード": 73, "警察署等コード": 104, "本票番号": 163, "事故内容": 1, "死者数": 1, "負傷者数": 0, "路線コード": 14350, "地点コード": 0, "市区町村コード": 202, "発生日時　　年": 2024, "発生日時　　月": 11, "発生日時　　日": 29, "発生日時　　時": 16, "発生日時　　分": 5, "昼夜": 13, "日の出時刻　　時": 6, "日の出時刻　　分": 56, "日の入り時刻　　時": 17, "日の入り時刻　　分": 0, "天候": 1, "地形": 3, "路面状態": 1, "道路形状": 13, "信号機": 7, "一時停止規制　標識（当事者A）": 0, "一時停止規制　表示（当事者A）": 0, "一時停止規制　標識（当事者B）": 0, "一時停止規制　表示（当事者B）": 0, "車道幅員": 3, "道路線形": 6, "衝突地点": 1, "ゾーン規制": 70, "中央分離帯施設等": 4, "歩車道区分": 2, "事故類型": 1, "年齢（当事者A）": 75, "年齢（当事者B）": 45, "当事者種別（当事者A）": 4, "当事者種別（当事者B）": 61, "用途別（当事者A）": 31, "用途別（当事者B）": 0, "車両形状等（当事者A）": 1, "車両形状等（当事者B）": 0, "オートマチック車（当事者A）": 1, "オートマチック車（当事者B）": 0, "サポカー（当事者A）": 11, "サポカー（当事者B）": 0, "速度規制（指定のみ）（当事者A）": 3, "速度規制（指定のみ）（当事者B）": 0, "車両の衝突部位（当事者A）": 10, "車両の衝突部位（当事者B）": 0, "車両の損壊程度（当事者A）": 2, "車両の損壊程度（当事者B）": 0, "エアバッグの装備（当事者A）": 2, "エアバッグの装備（当事者B）": 0, "サイドエアバッグの装備（当事者A）": 2, "サイドエアバッグの装備（当事者B）": 0, "人身損傷程度（当事者A）": 4, "人身損傷程度（当事者B）": 1, "地点　緯度（北緯）": 34.16933361, "地点　経度（東経）": 132.4958533, "曜日(発生年月日)": 6, "祝日(発生年月日)": 3, "認知機能検査経過日数（当事者A）": 792, "認知機能検査経過日数（当事者B）": 0, "運転練習の方法（当事者A）": 9, "運転練習の方法（当事者B）": 0, "field_69": null }, "geometry": { "type": "Point", "coordinates": [ 132.4958533, 34.16933361 ] } },
{ "type": "Feature", "properties": { "資料区分": 1, "都道府県コード": 73, "警察署等コード": 107, "本票番号": 67, "事故内容": 2, "死者数": 0, "負傷者数": 1, "路線コード": 310, "地点コード": 35, "市区町村コード": 309, "発生日時　　年": 2024, "発生日時　　月": 4, "発生日時　　日": 27, "発生日時　　時": 1, "発生日時　　分": 11, "昼夜": 22, "日の出時刻　　時": 5, "日の出時刻　　分": 25, "日の入り時刻　　時": 18, "日の入り時刻　　分": 51, "天候": 2, "地形": 2, "路面状態": 1, "道路形状": 14, "信号機": 7, "一時停止規制　標識（当事者A）": 0, "一時停止規制　表示（当事者A）": 0, "一時停止規制　標識（当事者B）": 0, "一時停止規制　表示（当事者B）": 0, "車道幅員": 3, "道路線形": 9, "衝突地点": 1, "ゾーン規制": 70, "中央分離帯施設等": 4, "歩車道区分": 1, "事故類型": 1, "年齢（当事者A）": 25, "年齢（当事者B）": 35, "当事者種別（当事者A）": 13, "当事者種別（当事者B）": 61, "用途別（当事者A）": 31, "用途別（当事者B）": 0, "車両形状等（当事者A）": 11, "車両形状等（当事者B）": 0, "オートマチック車（当事者A）": 1, "オートマチック車（当事者B）": 0, "サポカー（当事者A）": 11, "サポカー（当事者B）": 0, "速度規制（指定のみ）（当事者A）": 4, "速度規制（指定のみ）（当事者B）": 0, "車両の衝突部位（当事者A）": 50, "車両の衝突部位（当事者B）": 0, "車両の損壊程度（当事者A）": 3, "車両の損壊程度（当事者B）": 0, "エアバッグの装備（当事者A）": 2, "エアバッグの装備（当事者B）": 0, "サイドエアバッグの装備（当事者A）": 2, "サイドエアバッグの装備（当事者B）": 0, "人身損傷程度（当事者A）": 4, "人身損傷程度（当事者B）": 2, "地点　緯度（北緯）": 34.34573972, "地点　経度（東経）": 132.5174736, "曜日(発生年月日)": 7, "祝日(発生年月日)": 3, "認知機能検査経過日数（当事者A）": 9999, "認知機能検査経過日数（当事者B）": 0, "運転練習の方法（当事者A）": 1, "運転練習の方法（当事者B）": 0, "field_69": null }, "geometry": { "type": "Point", "coordinates": [ 132.517473599999988, 34.34573972 ] } },
{ "type": "Feature", "properties": { "資料区分": 1, "都道府県コード": 73, "警察署等コード": 107, "本票番号": 136, "事故内容": 1, "死者数": 1, "負傷者数": 0, "路線コード": 21740, "地点コード": 0, "市区町村コード": 307, "発生日時　　年": 2024, "発生日時　　月": 11, "発生日時　　日": 14, "発生日時　　時": 22, "発生日時　　分": 20, "昼夜": 22, "日の出時刻　　時": 6, "日の出時刻　　分": 42, "日の入り時刻　　時": 17, "日の入り時刻　　分": 7, "天候": 1, "地形": 3, "路面状態": 1, "道路形状": 7, "信号機": 7, "一時停止規制　標識（当事者A）": 0, "一時停止規制　表示（当事者A）": 0, "一時停止規制　標識（当事者B）": 0, "一時停止規制　表示（当事者B）": 0, "車道幅員": 3, "道路線形": 9, "衝突地点": 1, "ゾーン規制": 70, "中央分離帯施設等": 4, "歩車道区分": 2, "事故類型": 1, "年齢（当事者A）": 45, "年齢（当事者B）": 75, "当事者種別（当事者A）": 4, "当事者種別（当事者B）": 61, "用途別（当事者A）": 31, "用途別（当事者B）": 0, "車両形状等（当事者A）": 1, "車両形状等（当事者B）": 0, "オートマチック車（当事者A）": 1, "オートマチック車（当事者B）": 0, "サポカー（当事者A）": 11, "サポカー（当事者B）": 0, "速度規制（指定のみ）（当事者A）": 4, "速度規制（指定のみ）（当事者B）": 0, "車両の衝突部位（当事者A）": 10, "車両の衝突部位（当事者B）": 0, "車両の損壊程度（当事者A）": 2, "車両の損壊程度（当事者B）": 0, "エアバッグの装備（当事者A）": 2, "エアバッグの装備（当事者B）": 0, "サイドエアバッグの装備（当事者A）": 2, "サイドエアバッグの装備（当事者B）": 0, "人身損傷程度（当事者A）": 4, "人身損傷程度（当事者B）": 1, "地点　緯度（北緯）": 34.35983667, "地点　経度（東経）": 132.5990956, "曜日(発生年月日)": 5, "祝日(発生年月日)": 3, "認知機能検査経過日数（当事者A）": 9999, "認知機能検査経過日数（当事者B）": 0, "運転練習の方法（当事者A）": 1, "運転練習の方法（当事者B）": 0, "field_69": null }, "geometry": { "type": "Point", "coordinates": [ 132.5990956, 34.35983667 ] } },
{ "type": "Feature", "properties": { "資料区分": 1, "都道府県コード": 73, "警察署等コード": 109, "本票番号": 24, "事故内容": 2, "死者数": 0, "負傷者数": 2, "路線コード": 37090, "地点コード": 0, "市区町村コード": 211, "発生日時　　年": 2024, "発生日時　　月": 10, "発生日時　　日": 10, "発生日時　　時": 7, "発生日時　　分": 34, "昼夜": 12, "日の出時刻　　時": 6, "日の出時刻　　分": 11, "日の入り時刻　　時": 17, "日の入り時刻　　分": 43, "天候": 1, "地形": 1, "路面状態": 1, "道路形状": 1, "信号機": 7, "一時停止規制　標識（当事者A）": 1, "一時停止規制　表示（当事者A）": 21, "一時停止規制　標識（当事者B）": 0, "一時停止規制　表示（当事者B）": 0, "車道幅員": 15, "道路線形": 9, "衝突地点": 30, "ゾーン規制": 70, "中央分離帯施設等": 5, "歩車道区分": 3, "事故類型": 1, "年齢（当事者A）": 25, "年齢（当事者B）": 1, "当事者種別（当事者A）": 3, "当事者種別（当事者B）": 61, "用途別（当事者A）": 31, "用途別（当事者B）": 0, "車両形状等（当事者A）": 1, "車両形状等（当事者B）": 0, "オートマチック車（当事者A）": 1, "オートマチック車（当事者B）": 0, "サポカー（当事者A）": 11, "サポカー（当事者B）": 0, "速度規制（指定のみ）（当事者A）": 2, "速度規制（指定のみ）（当事者B）": 0, "車両の衝突部位（当事者A）": 10, "車両の衝突部位（当事者B）": 0, "車両の損壊程度（当事者A）": 3, "車両の損壊程度（当事者B）": 0, "エアバッグの装備（当事者A）": 2, "エアバッグの装備（当事者B）": 0, "サイドエアバッグの装備（当事者A）": 2, "サイドエアバッグの装備（当事者B）": 0, "人身損傷程度（当事者A）": 4, "人身損傷程度（当事者B）": 2, "地点　緯度（北緯）": 34.21559, "地点　経度（東経）": 132.2252092, "曜日(発生年月日)": 5, "祝日(発生年月日)": 3, "認知機能検査経過日数（当事者A）": 9999, "認知機能検査経過日数（当事者B）": 0, "運転練習の方法（当事者A）": 5, "運転練習の方法（当事者B）": 0, "field_69": null }, "geometry": { "type": "Point", "coordinates": [ 132.2252092, 34.21559 ] } },
{ "type": "Feature", "properties": { "資料区分": 1, "都道府県コード": 73, "警察署等コード": 110, "本票番号": 46, "事故内容": 2, "死者数": 0, "負傷者数": 1, "路線コード": 1850, "地点コード": 479, "市区町村コード": 203, "発生日時　　年": 2024, "発生日時　　月": 10, "発生日時　　日": 16, "発生日時　　時": 19, "発生日時　　分": 32, "昼夜": 22, "日の出時刻　　時": 6, "日の出時刻　　分": 16, "日の入り時刻　　時": 17, "日の入り時刻　　分": 35, "天候": 1, "地形": 3, "路面状態": 1, "道路形状": 14, "信号機": 7, "一時停止規制　標識（当事者A）": 0, "一時停止規制　表示（当事者A）": 0, "一時停止規制　標識（当事者B）": 0, "一時停止規制　表示（当事者B）": 0, "車道幅員": 3, "道路線形": 9, "衝突地点": 1, "ゾーン規制": 70, "中央分離帯施設等": 4, "歩車道区分": 2, "事故類型": 1, "年齢（当事者A）": 45, "年齢（当事者B）": 75, "当事者種別（当事者A）": 3, "当事者種別（当事者B）": 61, "用途別（当事者A）": 31, "用途別（当事者B）": 0, "車両形状等（当事者A）": 1, "車両形状等（当事者B）": 0, "オートマチック車（当事者A）": 1, "オートマチック車（当事者B）": 0, "サポカー（当事者A）": 11, "サポカー（当事者B）": 0, "速度規制（指定のみ）（当事者A）": 10, "速度規制（指定のみ）（当事者B）": 0, "車両の衝突部位（当事者A）": 0, "車両の衝突部位（当事者B）": 0, "車両の損壊程度（当事者A）": 4, "車両の損壊程度（当事者B）": 0, "エアバッグの装備（当事者A）": 2, "エアバッグの装備（当事者B）": 0, "サイドエアバッグの装備（当事者A）": 2, "サイドエアバッグの装備（当事者B）": 0, "人身損傷程度（当事者A）": 4, "人身損傷程度（当事者B）": 2, "地点　緯度（北緯）": 34.32705, "地点　経度（東経）": 132.9313111, "曜日(発生年月日)": 4, "祝日(発生年月日)": 3, "認知機能検査経過日数（当事者A）": 9999, "認知機能検査経過日数（当事者B）": 0, "運転練習の方法（当事者A）": 5, "運転練習の方法（当事者B）": 0, "field_69": null }, "geometry": { "type": "Point", "coordinates": [ 132.931311099999988, 34.32705 ] } },
{ "type": "Feature", "properties": { "資料区分": 1, "都道府県コード": 73, "警察署等コード": 111, "本票番号": 110, "事故内容": 2, "死者数": 0, "負傷者数": 1, "路線コード": 37110, "地点コード": 0, "市区町村コード": 202, "発生日時　　年": 2024, "発生日時　　月": 9, "発生日時　　日": 10, "発生日時　　時": 23, "発生日時　　分": 23, "昼夜": 22, "日の出時刻　　時": 5, "日の出時刻　　分": 50, "日の入り時刻　　時": 18, "日の入り時刻　　分": 24, "天候": 1, "地形": 2, "路面状態": 1, "道路形状": 1, "信号機": 3, "一時停止規制　標識（当事者A）": 9, "一時停止規制　表示（当事者A）": 22, "一時停止規制　標識（当事者B）": 0, "一時停止規制　表示（当事者B）": 0, "車道幅員": 15, "道路線形": 9, "衝突地点": 30, "ゾーン規制": 70, "中央分離帯施設等": 5, "歩車道区分": 2, "事故類型": 1, "年齢（当事者A）": 25, "年齢（当事者B）": 25, "当事者種別（当事者A）": 4, "当事者種別（当事者B）": 61, "用途別（当事者A）": 31, "用途別（当事者B）": 0, "車両形状等（当事者A）": 1, "車両形状等（当事者B）": 0, "オートマチック車（当事者A）": 1, "オートマチック車（当事者B）": 0, "サポカー（当事者A）": 11, "サポカー（当事者B）": 0, "速度規制（指定のみ）（当事者A）": 3, "速度規制（指定のみ）（当事者B）": 0, "車両の衝突部位（当事者A）": 80, "車両の衝突部位（当事者B）": 0, "車両の損壊程度（当事者A）": 3, "車両の損壊程度（当事者B）": 0, "エアバッグの装備（当事者A）": 2, "エアバッグの装備（当事者B）": 0, "サイドエアバッグの装備（当事者A）": 2, "サイドエアバッグの装備（当事者B）": 0, "人身損傷程度（当事者A）": 4, "人身損傷程度（当事者B）": 2, "地点　緯度（北緯）": 34.2362325, "地点　経度（東経）": 132.6174578, "曜日(発生年月日)": 3, "祝日(発生年月日)": 3, "認知機能検査経過日数（当事者A）": 9999, "認知機能検査経過日数（当事者B）": 0, "運転練習の方法（当事者A）": 1, "運転練習の方法（当事者B）": 0, "field_69": null }, "geometry": { "type": "Point", "coordinates": [ 132.617457800000011, 34.2362325 ] } },
{ "type": "Feature", "properties": { "資料区分": 1, "都道府県コード": 73, "警察署等コード": 111, "本票番号": 113, "事故内容": 2, "死者数": 0, "負傷者数": 1, "路線コード": 3750, "地点コード": 0, "市区町村コード": 202, "発生日時　　年": 2024, "発生日時　　月": 10, "発生日時　　日": 26, "発生日時　　時": 18, "発生日時　　分": 25, "昼夜": 22, "日の出時刻　　時": 6, "日の出時刻　　分": 25, "日の入り時刻　　時": 17, "日の入り時刻　　分": 23, "天候": 1, "地形": 1, "路面状態": 1, "道路形状": 14, "信号機": 7, "一時停止規制　標識（当事者A）": 0, "一時停止規制　表示（当事者A）": 0, "一時停止規制　標識（当事者B）": 0, "一時停止規制　表示（当事者B）": 0, "車道幅員": 1, "道路線形": 9, "衝突地点": 1, "ゾーン規制": 70, "中央分離帯施設等": 5, "歩車道区分": 2, "事故類型": 1, "年齢（当事者A）": 45, "年齢（当事者B）": 35, "当事者種別（当事者A）": 4, "当事者種別（当事者B）": 61, "用途別（当事者A）": 31, "用途別（当事者B）": 0, "車両形状等（当事者A）": 1, "車両形状等（当事者B）": 0, "オートマチック車（当事者A）": 1, "オートマチック車（当事者B）": 0, "サポカー（当事者A）": 11, "サポカー（当事者B）": 0, "速度規制（指定のみ）（当事者A）": 4, "速度規制（指定のみ）（当事者B）": 0, "車両の衝突部位（当事者A）": 10, "車両の衝突部位（当事者B）": 0, "車両の損壊程度（当事者A）": 3, "車両の損壊程度（当事者B）": 0, "エアバッグの装備（当事者A）": 2, "エアバッグの装備（当事者B）": 0, "サイドエアバッグの装備（当事者A）": 2, "サイドエアバッグの装備（当事者B）": 0, "人身損傷程度（当事者A）": 4, "人身損傷程度（当事者B）": 2, "地点　緯度（北緯）": 34.23594111, "地点　経度（東経）": 132.6240567, "曜日(発生年月日)": 7, "祝日(発生年月日)": 3, "認知機能検査経過日数（当事者A）": 9999, "認知機能検査経過日数（当事者B）": 0, "運転練習の方法（当事者A）": 1, "運転練習の方法（当事者B）": 0, "field_69": null }, "geometry": { "type": "Point", "coordinates": [ 132.624056700000011, 34.23594111 ] } },
{ "type": "Feature", "properties": { "資料区分": 1, "都道府県コード": 73, "警察署等コード": 112, "本票番号": 251, "事故内容": 2, "死者数": 0, "負傷者数": 1, "路線コード": 23320, "地点コード": 0, "市区町村コード": 212, "発生日時　　年": 2024, "発生日時　　月": 10, "発生日時　　日": 7, "発生日時　　時": 21, "発生日時　　分": 10, "昼夜": 22, "日の出時刻　　時": 6, "日の出時刻　　分": 9, "日の入り時刻　　時": 17, "日の入り時刻　　分": 46, "天候": 2, "地形": 1, "路面状態": 1, "道路形状": 1, "信号機": 7, "一時停止規制　標識（当事者A）": 9, "一時停止規制　表示（当事者A）": 22, "一時停止規制　標識（当事者B）": 0, "一時停止規制　表示（当事者B）": 0, "車道幅員": 14, "道路線形": 9, "衝突地点": 30, "ゾーン規制": 70, "中央分離帯施設等": 4, "歩車道区分": 2, "事故類型": 1, "年齢（当事者A）": 45, "年齢（当事者B）": 1, "当事者種別（当事者A）": 4, "当事者種別（当事者B）": 61, "用途別（当事者A）": 31, "用途別（当事者B）": 0, "車両形状等（当事者A）": 1, "車両形状等（当事者B）": 0, "オートマチック車（当事者A）": 1, "オートマチック車（当事者B）": 0, "サポカー（当事者A）": 11, "サポカー（当事者B）": 0, "速度規制（指定のみ）（当事者A）": 3, "速度規制（指定のみ）（当事者B）": 0, "車両の衝突部位（当事者A）": 10, "車両の衝突部位（当事者B）": 0, "車両の損壊程度（当事者A）": 3, "車両の損壊程度（当事者B）": 0, "エアバッグの装備（当事者A）": 2, "エアバッグの装備（当事者B）": 0, "サイドエアバッグの装備（当事者A）": 2, "サイドエアバッグの装備（当事者B）": 0, "人身損傷程度（当事者A）": 4, "人身損傷程度（当事者B）": 2, "地点　緯度（北緯）": 34.42609, "地点　経度（東経）": 132.7317467, "曜日(発生年月日)": 2, "祝日(発生年月日)": 3, "認知機能検査経過日数（当事者A）": 9999, "認知機能検査経過日数（当事者B）": 0, "運転練習の方法（当事者A）": 1, "運転練習の方法（当事者B）": 0, "field_69": null }, "geometry": { "type": "Point", "coordinates": [ 132.7317467, 34.42609 ] } },
{ "type": "Feature", "properties": { "資料区分": 1, "都道府県コード": 73, "警察署等コード": 112, "本票番号": 257, "事故内容": 2, "死者数": 0, "負傷者数": 1, "路線コード": 99000, "地点コード": 0, "市区町村コード": 212, "発生日時　　年": 2024, "発生日時　　月": 11, "発生日時　　日": 9, "発生日時　　時": 9, "発生日時　　分": 7, "昼夜": 12, "日の出時刻　　時": 6, "日の出時刻　　分": 38, "日の入り時刻　　時": 17, "日の入り時刻　　分": 10, "天候": 1, "地形": 2, "路面状態": 1, "道路形状": 0, "信号機": 7, "一時停止規制　標識（当事者A）": 0, "一時停止規制　表示（当事者A）": 0, "一時停止規制　標識（当事者B）": 0, "一時停止規制　表示（当事者B）": 0, "車道幅員": 0, "道路線形": 0, "衝突地点": 20, "ゾーン規制": 70, "中央分離帯施設等": 0, "歩車道区分": 4, "事故類型": 1, "年齢（当事者A）": 75, "年齢（当事者B）": 75, "当事者種別（当事者A）": 36, "当事者種別（当事者B）": 61, "用途別（当事者A）": 31, "用途別（当事者B）": 0, "車両形状等（当事者A）": 0, "車両形状等（当事者B）": 0, "オートマチック車（当事者A）": 0, "オートマチック車（当事者B）": 0, "サポカー（当事者A）": 11, "サポカー（当事者B）": 0, "速度規制（指定のみ）（当事者A）": 10, "速度規制（指定のみ）（当事者B）": 0, "車両の衝突部位（当事者A）": 10, "車両の衝突部位（当事者B）": 0, "車両の損壊程度（当事者A）": 3, "車両の損壊程度（当事者B）": 0, "エアバッグの装備（当事者A）": 0, "エアバッグの装備（当事者B）": 0, "サイドエアバッグの装備（当事者A）": 0, "サイドエアバッグの装備（当事者B）": 0, "人身損傷程度（当事者A）": 4, "人身損傷程度（当事者B）": 2, "地点　緯度（北緯）": 34.42695083, "地点　経度（東経）": 132.7503778, "曜日(発生年月日)": 7, "祝日(発生年月日)": 3, "認知機能検査経過日数（当事者A）": 824, "認知機能検査経過日数（当事者B）": 0, "運転練習の方法（当事者A）": 9, "運転練習の方法（当事者B）": 0, "field_69": null }, "geometry": { "type": "Point", "coordinates": [ 132.7503778, 34.42695083 ] } },
{ "type": "Feature", "properties": { "資料区分": 1, "都道府県コード": 73, "警察署等コード": 112, "本票番号": 259, "事故内容": 2, "死者数": 0, "負傷者数": 1, "路線コード": 14320, "地点コード": 0, "市区町村コード": 212, "発生日時　　年": 2024, "発生日時　　月": 11, "発生日時　　日": 12, "発生日時　　時": 6, "発生日時　　分": 50, "昼夜": 11, "日の出時刻　　時": 6, "日の出時刻　　分": 40, "日の入り時刻　　時": 17, "日の入り時刻　　分": 8, "天候": 1, "地形": 3, "路面状態": 1, "道路形状": 1, "信号機": 7, "一時停止規制　標識（当事者A）": 9, "一時停止規制　表示（当事者A）": 22, "一時停止規制　標識（当事者B）": 0, "一時停止規制　表示（当事者B）": 0, "車道幅員": 18, "道路線形": 9, "衝突地点": 30, "ゾーン規制": 70, "中央分離帯施設等": 1, "歩車道区分": 2, "事故類型": 1, "年齢（当事者A）": 55, "年齢（当事者B）": 45, "当事者種別（当事者A）": 14, "当事者種別（当事者B）": 61, "用途別（当事者A）": 31, "用途別（当事者B）": 0, "車両形状等（当事者A）": 11, "車両形状等（当事者B）": 0, "オートマチック車（当事者A）": 1, "オートマチック車（当事者B）": 0, "サポカー（当事者A）": 11, "サポカー（当事者B）": 0, "速度規制（指定のみ）（当事者A）": 4, "速度規制（指定のみ）（当事者B）": 0, "車両の衝突部位（当事者A）": 50, "車両の衝突部位（当事者B）": 0, "車両の損壊程度（当事者A）": 3, "車両の損壊程度（当事者B）": 0, "エアバッグの装備（当事者A）": 2, "エアバッグの装備（当事者B）": 0, "サイドエアバッグの装備（当事者A）": 2, "サイドエアバッグの装備（当事者B）": 0, "人身損傷程度（当事者A）": 4, "人身損傷程度（当事者B）": 2, "地点　緯度（北緯）": 34.38723278, "地点　経度（東経）": 132.7582697, "曜日(発生年月日)": 3, "祝日(発生年月日)": 3, "認知機能検査経過日数（当事者A）": 9999, "認知機能検査経過日数（当事者B）": 0, "運転練習の方法（当事者A）": 9, "運転練習の方法（当事者B）": 0, "field_69": null }, "geometry": { "type": "Point", "coordinates": [ 132.7582697, 34.38723278 ] } },
{ "type": "Feature", "properties": { "資料区分": 1, "都道府県コード": 73, "警察署等コード": 114, "本票番号": 203, "事故内容": 2, "死者数": 0, "負傷者数": 1, "路線コード": 37140, "地点コード": 0, "市区町村コード": 106, "発生日時　　年": 2024, "発生日時　　月": 10, "発生日時　　日": 22, "発生日時　　時": 18, "発生日時　　分": 50, "昼夜": 22, "日の出時刻　　時": 6, "日の出時刻　　分": 21, "日の入り時刻　　時": 17, "日の入り時刻　　分": 28, "天候": 2, "地形": 1, "路面状態": 2, "道路形状": 1, "信号機": 7, "一時停止規制　標識（当事者A）": 9, "一時停止規制　表示（当事者A）": 22, "一時停止規制　標識（当事者B）": 0, "一時停止規制　表示（当事者B）": 0, "車道幅員": 15, "道路線形": 9, "衝突地点": 30, "ゾーン規制": 70, "中央分離帯施設等": 4, "歩車道区分": 2, "事故類型": 1, "年齢（当事者A）": 65, "年齢（当事者B）": 1, "当事者種別（当事者A）": 35, "当事者種別（当事者B）": 61, "用途別（当事者A）": 31, "用途別（当事者B）": 0, "車両形状等（当事者A）": 0, "車両形状等（当事者B）": 0, "オートマチック車（当事者A）": 0, "オートマチック車（当事者B）": 0, "サポカー（当事者A）": 11, "サポカー（当事者B）": 0, "速度規制（指定のみ）（当事者A）": 3, "速度規制（指定のみ）（当事者B）": 0, "車両の衝突部位（当事者A）": 10, "車両の衝突部位（当事者B）": 0, "車両の損壊程度（当事者A）": 3, "車両の損壊程度（当事者B）": 0, "エアバッグの装備（当事者A）": 0, "エアバッグの装備（当事者B）": 0, "サイドエアバッグの装備（当事者A）": 0, "サイドエアバッグの装備（当事者B）": 0, "人身損傷程度（当事者A）": 4, "人身損傷程度（当事者B）": 2, "地点　緯度（北緯）": 34.48148917, "地点　経度（東経）": 132.5092433, "曜日(発生年月日)": 3, "祝日(発生年月日)": 3, "認知機能検査経過日数（当事者A）": 9999, "認知機能検査経過日数（当事者B）": 0, "運転練習の方法（当事者A）": 9, "運転練習の方法（当事者B）": 0, "field_69": null }, "geometry": { "type": "Point", "coordinates": [ 132.5092433, 34.48148917 ] } },
{ "type": "Feature", "properties": { "資料区分": 1, "都道府県コード": 73, "警察署等コード": 114, "本票番号": 208, "事故内容": 2, "死者数": 0, "負傷者数": 1, "路線コード": 99000, "地点コード": 0, "市区町村コード": 106, "発生日時　　年": 2024, "発生日時　　月": 11, "発生日時　　日": 8, "発生日時　　時": 11, "発生日時　　分": 2, "昼夜": 12, "日の出時刻　　時": 6, "日の出時刻　　分": 37, "日の入り時刻　　時": 17, "日の入り時刻　　分": 11, "天候": 1, "地形": 3, "路面状態": 1, "道路形状": 0, "信号機": 7, "一時停止規制　標識（当事者A）": 0, "一時停止規制　表示（当事者A）": 0, "一時停止規制　標識（当事者B）": 0, "一時停止規制　表示（当事者B）": 0, "車道幅員": 0, "道路線形": 0, "衝突地点": 20, "ゾーン規制": 70, "中央分離帯施設等": 0, "歩車道区分": 4, "事故類型": 1, "年齢（当事者A）": 45, "年齢（当事者B）": 65, "当事者種別（当事者A）": 3, "当事者種別（当事者B）": 61, "用途別（当事者A）": 31, "用途別（当事者B）": 0, "車両形状等（当事者A）": 1, "車両形状等（当事者B）": 0, "オートマチック車（当事者A）": 1, "オートマチック車（当事者B）": 0, "サポカー（当事者A）": 11, "サポカー（当事者B）": 0, "速度規制（指定のみ）（当事者A）": 10, "速度規制（指定のみ）（当事者B）": 0, "車両の衝突部位（当事者A）": 70, "車両の衝突部位（当事者B）": 0, "車両の損壊程度（当事者A）": 3, "車両の損壊程度（当事者B）": 0, "エアバッグの装備（当事者A）": 2, "エアバッグの装備（当事者B）": 0, "サイドエアバッグの装備（当事者A）": 2, "サイドエアバッグの装備（当事者B）": 0, "人身損傷程度（当事者A）": 4, "人身損傷程度（当事者B）": 2, "地点　緯度（北緯）": 34.46202528, "地点　経度（東経）": 132.4965381, "曜日(発生年月日)": 6, "祝日(発生年月日)": 3, "認知機能検査経過日数（当事者A）": 9999, "認知機能検査経過日数（当事者B）": 0, "運転練習の方法（当事者A）": 1, "運転練習の方法（当事者B）": 0, "field_69": null }, "geometry": { "type": "Point", "coordinates": [ 132.4965381, 34.46202528 ] } },
{ "type": "Feature", "properties": { "資料区分": 1, "都道府県コード": 73, "警察署等コード": 114, "本票番号": 214, "事故内容": 2, "死者数": 0, "負傷者数": 1, "路線コード": 1830, "地点コード": 0, "市区町村コード": 106, "発生日時　　年": 2024, "発生日時　　月": 11, "発生日時　　日": 12, "発生日時　　時": 7, "発生日時　　分": 55, "昼夜": 12, "日の出時刻　　時": 6, "日の出時刻　　分": 40, "日の入り時刻　　時": 17, "日の入り時刻　　分": 8, "天候": 1, "地形": 1, "路面状態": 1, "道路形状": 14, "信号機": 7, "一時停止規制　標識（当事者A）": 0, "一時停止規制　表示（当事者A）": 0, "一時停止規制　標識（当事者B）": 0, "一時停止規制　表示（当事者B）": 0, "車道幅員": 3, "道路線形": 9, "衝突地点": 1, "ゾーン規制": 70, "中央分離帯施設等": 4, "歩車道区分": 2, "事故類型": 1, "年齢（当事者A）": 35, "年齢（当事者B）": 45, "当事者種別（当事者A）": 1, "当事者種別（当事者B）": 61, "用途別（当事者A）": 1, "用途別（当事者B）": 0, "車両形状等（当事者A）": 1, "車両形状等（当事者B）": 0, "オートマチック車（当事者A）": 1, "オートマチック車（当事者B）": 0, "サポカー（当事者A）": 11, "サポカー（当事者B）": 0, "速度規制（指定のみ）（当事者A）": 4, "速度規制（指定のみ）（当事者B）": 0, "車両の衝突部位（当事者A）": 0, "車両の衝突部位（当事者B）": 0, "車両の損壊程度（当事者A）": 3, "車両の損壊程度（当事者B）": 0, "エアバッグの装備（当事者A）": 2, "エアバッグの装備（当事者B）": 0, "サイドエアバッグの装備（当事者A）": 2, "サイドエアバッグの装備（当事者B）": 0, "人身損傷程度（当事者A）": 4, "人身損傷程度（当事者B）": 2, "地点　緯度（北緯）": 34.516875, "地点　経度（東経）": 132.5102389, "曜日(発生年月日)": 3, "祝日(発生年月日)": 3, "認知機能検査経過日数（当事者A）": 9999, "認知機能検査経過日数（当事者B）": 0, "運転練習の方法（当事者A）": 1, "運転練習の方法（当事者B）": 0, "field_69": null }, "geometry": { "type": "Point", "coordinates": [ 132.5102389, 34.516875 ] } },
{ "type": "Feature", "properties": { "資料区分": 1, "都道府県コード": 73, "警察署等コード": 115, "本票番号": 36, "事故内容": 2, "死者数": 0, "負傷者数": 1, "路線コード": 99000, "地点コード": 0, "市区町村コード": 214, "発生日時　　年": 2024, "発生日時　　月": 11, "発生日時　　日": 25, "発生日時　　時": 17, "発生日時　　分": 9, "昼夜": 21, "日の出時刻　　時": 6, "日の出時刻　　分": 53, "日の入り時刻　　時": 17, "日の入り時刻　　分": 1, "天候": 1, "地形": 3, "路面状態": 1, "道路形状": 0, "信号機": 7, "一時停止規制　標識（当事者A）": 0, "一時停止規制　表示（当事者A）": 0, "一時停止規制　標識（当事者B）": 0, "一時停止規制　表示（当事者B）": 0, "車道幅員": 0, "道路線形": 0, "衝突地点": 20, "ゾーン規制": 70, "中央分離帯施設等": 0, "歩車道区分": 4, "事故類型": 1, "年齢（当事者A）": 45, "年齢（当事者B）": 45, "当事者種別（当事者A）": 4, "当事者種別（当事者B）": 61, "用途別（当事者A）": 31, "用途別（当事者B）": 0, "車両形状等（当事者A）": 1, "車両形状等（当事者B）": 0, "オートマチック車（当事者A）": 1, "オートマチック車（当事者B）": 0, "サポカー（当事者A）": 11, "サポカー（当事者B）": 0, "速度規制（指定のみ）（当事者A）": 10, "速度規制（指定のみ）（当事者B）": 0, "車両の衝突部位（当事者A）": 50, "車両の衝突部位（当事者B）": 0, "車両の損壊程度（当事者A）": 3, "車両の損壊程度（当事者B）": 0, "エアバッグの装備（当事者A）": 2, "エアバッグの装備（当事者B）": 0, "サイドエアバッグの装備（当事者A）": 2, "サイドエアバッグの装備（当事者B）": 0, "人身損傷程度（当事者A）": 4, "人身損傷程度（当事者B）": 2, "地点　緯度（北緯）": 34.67175167, "地点　経度（東経）": 132.6978408, "曜日(発生年月日)": 2, "祝日(発生年月日)": 3, "認知機能検査経過日数（当事者A）": 9999, "認知機能検査経過日数（当事者B）": 0, "運転練習の方法（当事者A）": 1, "運転練習の方法（当事者B）": 0, "field_69": null }, "geometry": { "type": "Point", "coordinates": [ 132.6978408, 34.67175167 ] } },
{ "type": "Feature", "properties": { "資料区分": 1, "都道府県コード": 73, "警察署等コード": 119, "本票番号": 76, "事故内容": 2, "死者数": 0, "負傷者数": 1, "路線コード": 37190, "地点コード": 0, "市区町村コード": 204, "発生日時　　年": 2024, "発生日時　　月": 10, "発生日時　　日": 25, "発生日時　　時": 14, "発生日時　　分": 35, "昼夜": 12, "日の出時刻　　時": 6, "日の出時刻　　分": 24, "日の入り時刻　　時": 17, "日の入り時刻　　分": 24, "天候": 1, "地形": 1, "路面状態": 1, "道路形状": 14, "信号機": 7, "一時停止規制　標識（当事者A）": 0, "一時停止規制　表示（当事者A）": 0, "一時停止規制　標識（当事者B）": 0, "一時停止規制　表示（当事者B）": 0, "車道幅員": 2, "道路線形": 9, "衝突地点": 1, "ゾーン規制": 70, "中央分離帯施設等": 4, "歩車道区分": 3, "事故類型": 1, "年齢（当事者A）": 65, "年齢（当事者B）": 1, "当事者種別（当事者A）": 3, "当事者種別（当事者B）": 61, "用途別（当事者A）": 31, "用途別（当事者B）": 0, "車両形状等（当事者A）": 1, "車両形状等（当事者B）": 0, "オートマチック車（当事者A）": 1, "オートマチック車（当事者B）": 0, "サポカー（当事者A）": 11, "サポカー（当事者B）": 0, "速度規制（指定のみ）（当事者A）": 2, "速度規制（指定のみ）（当事者B）": 0, "車両の衝突部位（当事者A）": 10, "車両の衝突部位（当事者B）": 0, "車両の損壊程度（当事者A）": 3, "車両の損壊程度（当事者B）": 0, "エアバッグの装備（当事者A）": 2, "エアバッグの装備（当事者B）": 0, "サイドエアバッグの装備（当事者A）": 2, "サイドエアバッグの装備（当事者B）": 0, "人身損傷程度（当事者A）": 4, "人身損傷程度（当事者B）": 2, "地点　緯度（北緯）": 34.39367889, "地点　経度（東経）": 133.0736128, "曜日(発生年月日)": 6, "祝日(発生年月日)": 3, "認知機能検査経過日数（当事者A）": 9999, "認知機能検査経過日数（当事者B）": 0, "運転練習の方法（当事者A）": 9, "運転練習の方法（当事者B）": 0, "field_69": null }, "geometry": { "type": "Point", "coordinates": [ 133.0736128, 34.39367889 ] } },
{ "type": "Feature", "properties": { "資料区分": 1, "都道府県コード": 73, "警察署等コード": 120, "本票番号": 159, "事故内容": 1, "死者数": 1, "負傷者数": 0, "路線コード": 20, "地点コード": 2408, "市区町村コード": 207, "発生日時　　年": 2024, "発生日時　　月": 11, "発生日時　　日": 8, "発生日時　　時": 18, "発生日時　　分": 28, "昼夜": 22, "日の出時刻　　時": 6, "日の出時刻　　分": 37, "日の入り時刻　　時": 17, "日の入り時刻　　分": 11, "天候": 1, "地形": 1, "路面状態": 1, "道路形状": 1, "信号機": 1, "一時停止規制　標識（当事者A）": 9, "一時停止規制　表示（当事者A）": 22, "一時停止規制　標識（当事者B）": 0, "一時停止規制　表示（当事者B）": 0, "車道幅員": 15, "道路線形": 9, "衝突地点": 30, "ゾーン規制": 70, "中央分離帯施設等": 5, "歩車道区分": 2, "事故類型": 1, "年齢（当事者A）": 65, "年齢（当事者B）": 75, "当事者種別（当事者A）": 3, "当事者種別（当事者B）": 61, "用途別（当事者A）": 31, "用途別（当事者B）": 0, "車両形状等（当事者A）": 1, "車両形状等（当事者B）": 0, "オートマチック車（当事者A）": 1, "オートマチック車（当事者B）": 0, "サポカー（当事者A）": 11, "サポカー（当事者B）": 0, "速度規制（指定のみ）（当事者A）": 4, "速度規制（指定のみ）（当事者B）": 0, "車両の衝突部位（当事者A）": 10, "車両の衝突部位（当事者B）": 0, "車両の損壊程度（当事者A）": 3, "車両の損壊程度（当事者B）": 0, "エアバッグの装備（当事者A）": 2, "エアバッグの装備（当事者B）": 0, "サイドエアバッグの装備（当事者A）": 2, "サイドエアバッグの装備（当事者B）": 0, "人身損傷程度（当事者A）": 4, "人身損傷程度（当事者B）": 1, "地点　緯度（北緯）": 34.45384361, "地点　経度（東経）": 133.2639872, "曜日(発生年月日)": 6, "祝日(発生年月日)": 3, "認知機能検査経過日数（当事者A）": 9999, "認知機能検査経過日数（当事者B）": 0, "運転練習の方法（当事者A）": 5, "運転練習の方法（当事者B）": 0, "field_69": null }, "geometry": { "type": "Point", "coordinates": [ 133.2639872, 34.45384361 ] } },
{ "type": "Feature", "properties": { "資料区分": 1, "都道府県コード": 73, "警察署等コード": 120, "本票番号": 161, "事故内容": 2, "死者数": 0, "負傷者数": 1, "路線コード": 14480, "地点コード": 0, "市区町村コード": 207, "発生日時　　年": 2024, "発生日時　　月": 11, "発生日時　　日": 3, "発生日時　　時": 1, "発生日時　　分": 42, "昼夜": 22, "日の出時刻　　時": 6, "日の出時刻　　分": 32, "日の入り時刻　　時": 17, "日の入り時刻　　分": 15, "天候": 1, "地形": 3, "路面状態": 1, "道路形状": 13, "信号機": 7, "一時停止規制　標識（当事者A）": 0, "一時停止規制　表示（当事者A）": 0, "一時停止規制　標識（当事者B）": 0, "一時停止規制　表示（当事者B）": 0, "車道幅員": 4, "道路線形": 3, "衝突地点": 1, "ゾーン規制": 70, "中央分離帯施設等": 4, "歩車道区分": 2, "事故類型": 1, "年齢（当事者A）": 35, "年齢（当事者B）": 45, "当事者種別（当事者A）": 4, "当事者種別（当事者B）": 61, "用途別（当事者A）": 31, "用途別（当事者B）": 0, "車両形状等（当事者A）": 1, "車両形状等（当事者B）": 0, "オートマチック車（当事者A）": 1, "オートマチック車（当事者B）": 0, "サポカー（当事者A）": 11, "サポカー（当事者B）": 0, "速度規制（指定のみ）（当事者A）": 4, "速度規制（指定のみ）（当事者B）": 0, "車両の衝突部位（当事者A）": 20, "車両の衝突部位（当事者B）": 0, "車両の損壊程度（当事者A）": 3, "車両の損壊程度（当事者B）": 0, "エアバッグの装備（当事者A）": 2, "エアバッグの装備（当事者B）": 0, "サイドエアバッグの装備（当事者A）": 2, "サイドエアバッグの装備（当事者B）": 0, "人身損傷程度（当事者A）": 4, "人身損傷程度（当事者B）": 2, "地点　緯度（北緯）": 34.48529556, "地点　経度（東経）": 133.2381183, "曜日(発生年月日)": 1, "祝日(発生年月日)": 1, "認知機能検査経過日数（当事者A）": 9999, "認知機能検査経過日数（当事者B）": 0, "運転練習の方法（当事者A）": 1, "運転練習の方法（当事者B）": 0, "field_69": null }, "geometry": { "type": "Point", "coordinates": [ 133.2381183, 34.48529556 ] } },
{ "type": "Feature", "properties": { "資料区分": 1, "都道府県コード": 73, "警察署等コード": 121, "本票番号": 492, "事故内容": 2, "死者数": 0, "負傷者数": 1, "路線コード": 99000, "地点コード": 0, "市区町村コード": 207, "発生日時　　年": 2024, "発生日時　　月": 10, "発生日時　　日": 31, "発生日時　　時": 10, "発生日時　　分": 45, "昼夜": 12, "日の出時刻　　時": 6, "日の出時刻　　分": 29, "日の入り時刻　　時": 17, "日の入り時刻　　分": 18, "天候": 2, "地形": 1, "路面状態": 1, "道路形状": 0, "信号機": 7, "一時停止規制　標識（当事者A）": 0, "一時停止規制　表示（当事者A）": 0, "一時停止規制　標識（当事者B）": 0, "一時停止規制　表示（当事者B）": 0, "車道幅員": 0, "道路線形": 0, "衝突地点": 20, "ゾーン規制": 70, "中央分離帯施設等": 0, "歩車道区分": 4, "事故類型": 1, "年齢（当事者A）": 65, "年齢（当事者B）": 25, "当事者種別（当事者A）": 3, "当事者種別（当事者B）": 61, "用途別（当事者A）": 31, "用途別（当事者B）": 0, "車両形状等（当事者A）": 1, "車両形状等（当事者B）": 0, "オートマチック車（当事者A）": 1, "オートマチック車（当事者B）": 0, "サポカー（当事者A）": 11, "サポカー（当事者B）": 0, "速度規制（指定のみ）（当事者A）": 10, "速度規制（指定のみ）（当事者B）": 0, "車両の衝突部位（当事者A）": 10, "車両の衝突部位（当事者B）": 0, "車両の損壊程度（当事者A）": 3, "車両の損壊程度（当事者B）": 0, "エアバッグの装備（当事者A）": 2, "エアバッグの装備（当事者B）": 0, "サイドエアバッグの装備（当事者A）": 2, "サイドエアバッグの装備（当事者B）": 0, "人身損傷程度（当事者A）": 4, "人身損傷程度（当事者B）": 2, "地点　緯度（北緯）": 34.50294722, "地点　経度（東経）": 133.4232806, "曜日(発生年月日)": 5, "祝日(発生年月日)": 3, "認知機能検査経過日数（当事者A）": 9999, "認知機能検査経過日数（当事者B）": 0, "運転練習の方法（当事者A）": 9, "運転練習の方法（当事者B）": 0, "field_69": null }, "geometry": { "type": "Point", "coordinates": [ 133.4232806, 34.50294722 ] } },
{ "type": "Feature", "properties": { "資料区分": 1, "都道府県コード": 73, "警察署等コード": 121, "本票番号": 496, "事故内容": 2, "死者数": 0, "負傷者数": 1, "路線コード": 37210, "地点コード": 0, "市区町村コード": 207, "発生日時　　年": 2024, "発生日時　　月": 10, "発生日時　　日": 21, "発生日時　　時": 18, "発生日時　　分": 0, "昼夜": 21, "日の出時刻　　時": 6, "日の出時刻　　分": 20, "日の入り時刻　　時": 17, "日の入り時刻　　分": 29, "天候": 2, "地形": 1, "路面状態": 1, "道路形状": 1, "信号機": 7, "一時停止規制　標識（当事者A）": 1, "一時停止規制　表示（当事者A）": 22, "一時停止規制　標識（当事者B）": 0, "一時停止規制　表示（当事者B）": 0, "車道幅員": 15, "道路線形": 9, "衝突地点": 30, "ゾーン規制": 70, "中央分離帯施設等": 4, "歩車道区分": 2, "事故類型": 1, "年齢（当事者A）": 35, "年齢（当事者B）": 55, "当事者種別（当事者A）": 3, "当事者種別（当事者B）": 61, "用途別（当事者A）": 31, "用途別（当事者B）": 0, "車両形状等（当事者A）": 1, "車両形状等（当事者B）": 0, "オートマチック車（当事者A）": 1, "オートマチック車（当事者B）": 0, "サポカー（当事者A）": 11, "サポカー（当事者B）": 0, "速度規制（指定のみ）（当事者A）": 10, "速度規制（指定のみ）（当事者B）": 0, "車両の衝突部位（当事者A）": 10, "車両の衝突部位（当事者B）": 0, "車両の損壊程度（当事者A）": 3, "車両の損壊程度（当事者B）": 0, "エアバッグの装備（当事者A）": 2, "エアバッグの装備（当事者B）": 0, "サイドエアバッグの装備（当事者A）": 2, "サイドエアバッグの装備（当事者B）": 0, "人身損傷程度（当事者A）": 4, "人身損傷程度（当事者B）": 2, "地点　緯度（北緯）": 34.49394833, "地点　経度（東経）": 133.3435219, "曜日(発生年月日)": 2, "祝日(発生年月日)": 3, "認知機能検査経過日数（当事者A）": 9999, "認知機能検査経過日数（当事者B）": 0, "運転練習の方法（当事者A）": 1, "運転練習の方法（当事者B）": 0, "field_69": null }, "geometry": { "type": "Point", "coordinates": [ 133.343521900000013, 34.49394833 ] } },
{ "type": "Feature", "properties": { "資料区分": 1, "都道府県コード": 73, "警察署等コード": 121, "本票番号": 502, "事故内容": 2, "死者数": 0, "負傷者数": 1, "路線コード": 99000, "地点コード": 0, "市区町村コード": 207, "発生日時　　年": 2024, "発生日時　　月": 10, "発生日時　　日": 30, "発生日時　　時": 11, "発生日時　　分": 10, "昼夜": 12, "日の出時刻　　時": 6, "日の出時刻　　分": 28, "日の入り時刻　　時": 17, "日の入り時刻　　分": 19, "天候": 2, "地形": 2, "路面状態": 1, "道路形状": 0, "信号機": 7, "一時停止規制　標識（当事者A）": 0, "一時停止規制　表示（当事者A）": 0, "一時停止規制　標識（当事者B）": 0, "一時停止規制　表示（当事者B）": 0, "車道幅員": 0, "道路線形": 0, "衝突地点": 20, "ゾーン規制": 70, "中央分離帯施設等": 0, "歩車道区分": 4, "事故類型": 1, "年齢（当事者A）": 65, "年齢（当事者B）": 55, "当事者種別（当事者A）": 17, "当事者種別（当事者B）": 61, "用途別（当事者A）": 31, "用途別（当事者B）": 0, "車両形状等（当事者A）": 11, "車両形状等（当事者B）": 0, "オートマチック車（当事者A）": 2, "オートマチック車（当事者B）": 0, "サポカー（当事者A）": 11, "サポカー（当事者B）": 0, "速度規制（指定のみ）（当事者A）": 1, "速度規制（指定のみ）（当事者B）": 0, "車両の衝突部位（当事者A）": 50, "車両の衝突部位（当事者B）": 0, "車両の損壊程度（当事者A）": 4, "車両の損壊程度（当事者B）": 0, "エアバッグの装備（当事者A）": 2, "エアバッグの装備（当事者B）": 0, "サイドエアバッグの装備（当事者A）": 2, "サイドエアバッグの装備（当事者B）": 0, "人身損傷程度（当事者A）": 4, "人身損傷程度（当事者B）": 2, "地点　緯度（北緯）": 34.47217611, "地点　経度（東経）": 133.3831783, "曜日(発生年月日)": 4, "祝日(発生年月日)": 3, "認知機能検査経過日数（当事者A）": 9999, "認知機能検査経過日数（当事者B）": 0, "運転練習の方法（当事者A）": 9, "運転練習の方法（当事者B）": 0, "field_69": null }, "geometry": { "type": "Point", "coordinates": [ 133.3831783, 34.47217611 ] } },
{ "type": "Feature", "properties": { "資料区分": 1, "都道府県コード": 73, "警察署等コード": 121, "本票番号": 506, "事故内容": 2, "死者数": 0, "負傷者数": 1, "路線コード": 14760, "地点コード": 0, "市区町村コード": 207, "発生日時　　年": 2024, "発生日時　　月": 10, "発生日時　　日": 31, "発生日時　　時": 9, "発生日時　　分": 9, "昼夜": 12, "日の出時刻　　時": 6, "日の出時刻　　分": 29, "日の入り時刻　　時": 17, "日の入り時刻　　分": 18, "天候": 2, "地形": 1, "路面状態": 1, "道路形状": 14, "信号機": 7, "一時停止規制　標識（当事者A）": 0, "一時停止規制　表示（当事者A）": 0, "一時停止規制　標識（当事者B）": 0, "一時停止規制　表示（当事者B）": 0, "車道幅員": 6, "道路線形": 9, "衝突地点": 1, "ゾーン規制": 70, "中央分離帯施設等": 4, "歩車道区分": 2, "事故類型": 1, "年齢（当事者A）": 45, "年齢（当事者B）": 75, "当事者種別（当事者A）": 3, "当事者種別（当事者B）": 61, "用途別（当事者A）": 31, "用途別（当事者B）": 0, "車両形状等（当事者A）": 1, "車両形状等（当事者B）": 0, "オートマチック車（当事者A）": 1, "オートマチック車（当事者B）": 0, "サポカー（当事者A）": 11, "サポカー（当事者B）": 0, "速度規制（指定のみ）（当事者A）": 3, "速度規制（指定のみ）（当事者B）": 0, "車両の衝突部位（当事者A）": 10, "車両の衝突部位（当事者B）": 0, "車両の損壊程度（当事者A）": 3, "車両の損壊程度（当事者B）": 0, "エアバッグの装備（当事者A）": 2, "エアバッグの装備（当事者B）": 0, "サイドエアバッグの装備（当事者A）": 2, "サイドエアバッグの装備（当事者B）": 0, "人身損傷程度（当事者A）": 4, "人身損傷程度（当事者B）": 2, "地点　緯度（北緯）": 34.50551389, "地点　経度（東経）": 133.4248389, "曜日(発生年月日)": 5, "祝日(発生年月日)": 3, "認知機能検査経過日数（当事者A）": 9999, "認知機能検査経過日数（当事者B）": 0, "運転練習の方法（当事者A）": 9, "運転練習の方法（当事者B）": 0, "field_69": null }, "geometry": { "type": "Point", "coordinates": [ 133.4248389, 34.50551389 ] } },
{ "type": "Feature", "properties": { "資料区分": 1, "都道府県コード": 73, "警察署等コード": 121, "本票番号": 534, "事故内容": 2, "死者数": 0, "負傷者数": 1, "路線コード": 99000, "地点コード": 0, "市区町村コード": 207, "発生日時　　年": 2024, "発生日時　　月": 11, "発生日時　　日": 22, "発生日時　　時": 11, "発生日時　　分": 34, "昼夜": 12, "日の出時刻　　時": 6, "日の出時刻　　分": 50, "日の入り時刻　　時": 17, "日の入り時刻　　分": 3, "天候": 1, "地形": 2, "路面状態": 1, "道路形状": 0, "信号機": 7, "一時停止規制　標識（当事者A）": 0, "一時停止規制　表示（当事者A）": 0, "一時停止規制　標識（当事者B）": 0, "一時停止規制　表示（当事者B）": 0, "車道幅員": 0, "道路線形": 0, "衝突地点": 20, "ゾーン規制": 70, "中央分離帯施設等": 0, "歩車道区分": 4, "事故類型": 1, "年齢（当事者A）": 45, "年齢（当事者B）": 45, "当事者種別（当事者A）": 3, "当事者種別（当事者B）": 61, "用途別（当事者A）": 31, "用途別（当事者B）": 0, "車両形状等（当事者A）": 1, "車両形状等（当事者B）": 0, "オートマチック車（当事者A）": 1, "オートマチック車（当事者B）": 0, "サポカー（当事者A）": 11, "サポカー（当事者B）": 0, "速度規制（指定のみ）（当事者A）": 10, "速度規制（指定のみ）（当事者B）": 0, "車両の衝突部位（当事者A）": 30, "車両の衝突部位（当事者B）": 0, "車両の損壊程度（当事者A）": 3, "車両の損壊程度（当事者B）": 0, "エアバッグの装備（当事者A）": 2, "エアバッグの装備（当事者B）": 0, "サイドエアバッグの装備（当事者A）": 2, "サイドエアバッグの装備（当事者B）": 0, "人身損傷程度（当事者A）": 4, "人身損傷程度（当事者B）": 2, "地点　緯度（北緯）": 34.48565361, "地点　経度（東経）": 133.3624194, "曜日(発生年月日)": 6, "祝日(発生年月日)": 2, "認知機能検査経過日数（当事者A）": 9999, "認知機能検査経過日数（当事者B）": 0, "運転練習の方法（当事者A）": 1, "運転練習の方法（当事者B）": 0, "field_69": null }, "geometry": { "type": "Point", "coordinates": [ 133.3624194, 34.48565361 ] } },
{ "type": "Feature", "properties": { "資料区分": 1, "都道府県コード": 73, "警察署等コード": 121, "本票番号": 539, "事故内容": 2, "死者数": 0, "負傷者数": 1, "路線コード": 37210, "地点コード": 0, "市区町村コード": 207, "発生日時　　年": 2024, "発生日時　　月": 10, "発生日時　　日": 9, "発生日時　　時": 18, "発生日時　　分": 15, "昼夜": 21, "日の出時刻　　時": 6, "日の出時刻　　分": 11, "日の入り時刻　　時": 17, "日の入り時刻　　分": 44, "天候": 1, "地形": 1, "路面状態": 1, "道路形状": 7, "信号機": 7, "一時停止規制　標識（当事者A）": 0, "一時停止規制　表示（当事者A）": 0, "一時停止規制　標識（当事者B）": 0, "一時停止規制　表示（当事者B）": 0, "車道幅員": 2, "道路線形": 9, "衝突地点": 1, "ゾーン規制": 70, "中央分離帯施設等": 5, "歩車道区分": 4, "事故類型": 1, "年齢（当事者A）": 55, "年齢（当事者B）": 0, "当事者種別（当事者A）": 61, "当事者種別（当事者B）": 0, "用途別（当事者A）": 0, "用途別（当事者B）": 0, "車両形状等（当事者A）": 0, "車両形状等（当事者B）": 0, "オートマチック車（当事者A）": 0, "オートマチック車（当事者B）": 0, "サポカー（当事者A）": 0, "サポカー（当事者B）": 0, "速度規制（指定のみ）（当事者A）": 0, "速度規制（指定のみ）（当事者B）": 0, "車両の衝突部位（当事者A）": 0, "車両の衝突部位（当事者B）": 0, "車両の損壊程度（当事者A）": 0, "車両の損壊程度（当事者B）": 0, "エアバッグの装備（当事者A）": 0, "エアバッグの装備（当事者B）": 0, "サイドエアバッグの装備（当事者A）": 0, "サイドエアバッグの装備（当事者B）": 0, "人身損傷程度（当事者A）": 2, "人身損傷程度（当事者B）": 0, "地点　緯度（北緯）": 34.48809083, "地点　経度（東経）": 133.3619839, "曜日(発生年月日)": 4, "祝日(発生年月日)": 3, "認知機能検査経過日数（当事者A）": 0, "認知機能検査経過日数（当事者B）": 0, "運転練習の方法（当事者A）": 0, "運転練習の方法（当事者B）": 0, "field_69": null }, "geometry": { "type": "Point", "coordinates": [ 133.361983900000013, 34.48809083 ] } },
{ "type": "Feature", "properties": { "資料区分": 1, "都道府県コード": 73, "警察署等コード": 122, "本票番号": 40, "事故内容": 2, "死者数": 0, "負傷者数": 1, "路線コード": 14480, "地点コード": 0, "市区町村コード": 208, "発生日時　　年": 2024, "発生日時　　月": 11, "発生日時　　日": 5, "発生日時　　時": 19, "発生日時　　分": 15, "昼夜": 22, "日の出時刻　　時": 6, "日の出時刻　　分": 34, "日の入り時刻　　時": 17, "日の入り時刻　　分": 13, "天候": 1, "地形": 2, "路面状態": 1, "道路形状": 14, "信号機": 7, "一時停止規制　標識（当事者A）": 0, "一時停止規制　表示（当事者A）": 0, "一時停止規制　標識（当事者B）": 0, "一時停止規制　表示（当事者B）": 0, "車道幅員": 3, "道路線形": 7, "衝突地点": 1, "ゾーン規制": 70, "中央分離帯施設等": 4, "歩車道区分": 2, "事故類型": 1, "年齢（当事者A）": 45, "年齢（当事者B）": 75, "当事者種別（当事者A）": 4, "当事者種別（当事者B）": 61, "用途別（当事者A）": 31, "用途別（当事者B）": 0, "車両形状等（当事者A）": 1, "車両形状等（当事者B）": 0, "オートマチック車（当事者A）": 1, "オートマチック車（当事者B）": 0, "サポカー（当事者A）": 11, "サポカー（当事者B）": 0, "速度規制（指定のみ）（当事者A）": 3, "速度規制（指定のみ）（当事者B）": 0, "車両の衝突部位（当事者A）": 50, "車両の衝突部位（当事者B）": 0, "車両の損壊程度（当事者A）": 2, "車両の損壊程度（当事者B）": 0, "エアバッグの装備（当事者A）": 2, "エアバッグの装備（当事者B）": 0, "サイドエアバッグの装備（当事者A）": 2, "サイドエアバッグの装備（当事者B）": 0, "人身損傷程度（当事者A）": 4, "人身損傷程度（当事者B）": 2, "地点　緯度（北緯）": 34.55401111, "地点　経度（東経）": 133.2417111, "曜日(発生年月日)": 3, "祝日(発生年月日)": 3, "認知機能検査経過日数（当事者A）": 9999, "認知機能検査経過日数（当事者B）": 0, "運転練習の方法（当事者A）": 1, "運転練習の方法（当事者B）": 0, "field_69": null }, "geometry": { "type": "Point", "coordinates": [ 133.2417111, 34.55401111 ] } },
{ "type": "Feature", "properties": { "資料区分": 1, "都道府県コード": 73, "警察署等コード": 122, "本票番号": 43, "事故内容": 2, "死者数": 0, "負傷者数": 1, "路線コード": 99000, "地点コード": 0, "市区町村コード": 208, "発生日時　　年": 2024, "発生日時　　月": 11, "発生日時　　日": 2, "発生日時　　時": 15, "発生日時　　分": 30, "昼夜": 12, "日の出時刻　　時": 6, "日の出時刻　　分": 31, "日の入り時刻　　時": 17, "日の入り時刻　　分": 16, "天候": 1, "地形": 3, "路面状態": 1, "道路形状": 0, "信号機": 7, "一時停止規制　標識（当事者A）": 0, "一時停止規制　表示（当事者A）": 0, "一時停止規制　標識（当事者B）": 0, "一時停止規制　表示（当事者B）": 0, "車道幅員": 0, "道路線形": 0, "衝突地点": 20, "ゾーン規制": 70, "中央分離帯施設等": 0, "歩車道区分": 4, "事故類型": 1, "年齢（当事者A）": 35, "年齢（当事者B）": 55, "当事者種別（当事者A）": 14, "当事者種別（当事者B）": 61, "用途別（当事者A）": 31, "用途別（当事者B）": 0, "車両形状等（当事者A）": 11, "車両形状等（当事者B）": 0, "オートマチック車（当事者A）": 1, "オートマチック車（当事者B）": 0, "サポカー（当事者A）": 11, "サポカー（当事者B）": 0, "速度規制（指定のみ）（当事者A）": 10, "速度規制（指定のみ）（当事者B）": 0, "車両の衝突部位（当事者A）": 30, "車両の衝突部位（当事者B）": 0, "車両の損壊程度（当事者A）": 4, "車両の損壊程度（当事者B）": 0, "エアバッグの装備（当事者A）": 2, "エアバッグの装備（当事者B）": 0, "サイドエアバッグの装備（当事者A）": 2, "サイドエアバッグの装備（当事者B）": 0, "人身損傷程度（当事者A）": 4, "人身損傷程度（当事者B）": 2, "地点　緯度（北緯）": 34.56106222, "地点　経度（東経）": 133.2484911, "曜日(発生年月日)": 7, "祝日(発生年月日)": 2, "認知機能検査経過日数（当事者A）": 9999, "認知機能検査経過日数（当事者B）": 0, "運転練習の方法（当事者A）": 1, "運転練習の方法（当事者B）": 0, "field_69": null }, "geometry": { "type": "Point", "coordinates": [ 133.2484911, 34.56106222 ] } },
{ "type": "Feature", "properties": { "資料区分": 1, "都道府県コード": 73, "警察署等コード": 126, "本票番号": 272, "事故内容": 2, "死者数": 0, "負傷者数": 1, "路線コード": 37260, "地点コード": 0, "市区町村コード": 105, "発生日時　　年": 2024, "発生日時　　月": 10, "発生日時　　日": 26, "発生日時　　時": 10, "発生日時　　分": 18, "昼夜": 12, "日の出時刻　　時": 6, "日の出時刻　　分": 25, "日の入り時刻　　時": 17, "日の入り時刻　　分": 23, "天候": 2, "地形": 1, "路面状態": 1, "道路形状": 14, "信号機": 7, "一時停止規制　標識（当事者A）": 0, "一時停止規制　表示（当事者A）": 0, "一時停止規制　標識（当事者B）": 0, "一時停止規制　表示（当事者B）": 0, "車道幅員": 2, "道路線形": 9, "衝突地点": 1, "ゾーン規制": 70, "中央分離帯施設等": 5, "歩車道区分": 4, "事故類型": 1, "年齢（当事者A）": 45, "年齢（当事者B）": 45, "当事者種別（当事者A）": 3, "当事者種別（当事者B）": 61, "用途別（当事者A）": 31, "用途別（当事者B）": 0, "車両形状等（当事者A）": 1, "車両形状等（当事者B）": 0, "オートマチック車（当事者A）": 1, "オートマチック車（当事者B）": 0, "サポカー（当事者A）": 11, "サポカー（当事者B）": 0, "速度規制（指定のみ）（当事者A）": 10, "速度規制（指定のみ）（当事者B）": 0, "車両の衝突部位（当事者A）": 40, "車両の衝突部位（当事者B）": 0, "車両の損壊程度（当事者A）": 3, "車両の損壊程度（当事者B）": 0, "エアバッグの装備（当事者A）": 2, "エアバッグの装備（当事者B）": 0, "サイドエアバッグの装備（当事者A）": 2, "サイドエアバッグの装備（当事者B）": 0, "人身損傷程度（当事者A）": 4, "人身損傷程度（当事者B）": 2, "地点　緯度（北緯）": 34.44078528, "地点　経度（東経）": 132.4627633, "曜日(発生年月日)": 7, "祝日(発生年月日)": 3, "認知機能検査経過日数（当事者A）": 9999, "認知機能検査経過日数（当事者B）": 0, "運転練習の方法（当事者A）": 1, "運転練習の方法（当事者B）": 0, "field_69": null }, "geometry": { "type": "Point", "coordinates": [ 132.4627633, 34.44078528 ] } },
{ "type": "Feature", "properties": { "資料区分": 1, "都道府県コード": 73, "警察署等コード": 126, "本票番号": 275, "事故内容": 2, "死者数": 0, "負傷者数": 1, "路線コード": 540, "地点コード": 117, "市区町村コード": 105, "発生日時　　年": 2024, "発生日時　　月": 11, "発生日時　　日": 11, "発生日時　　時": 6, "発生日時　　分": 10, "昼夜": 23, "日の出時刻　　時": 6, "日の出時刻　　分": 39, "日の入り時刻　　時": 17, "日の入り時刻　　分": 9, "天候": 1, "地形": 1, "路面状態": 1, "道路形状": 1, "信号機": 1, "一時停止規制　標識（当事者A）": 9, "一時停止規制　表示（当事者A）": 22, "一時停止規制　標識（当事者B）": 0, "一時停止規制　表示（当事者B）": 0, "車道幅員": 18, "道路線形": 9, "衝突地点": 30, "ゾーン規制": 70, "中央分離帯施設等": 1, "歩車道区分": 2, "事故類型": 1, "年齢（当事者A）": 25, "年齢（当事者B）": 65, "当事者種別（当事者A）": 4, "当事者種別（当事者B）": 61, "用途別（当事者A）": 31, "用途別（当事者B）": 0, "車両形状等（当事者A）": 1, "車両形状等（当事者B）": 0, "オートマチック車（当事者A）": 1, "オートマチック車（当事者B）": 0, "サポカー（当事者A）": 11, "サポカー（当事者B）": 0, "速度規制（指定のみ）（当事者A）": 4, "速度規制（指定のみ）（当事者B）": 0, "車両の衝突部位（当事者A）": 10, "車両の衝突部位（当事者B）": 0, "車両の損壊程度（当事者A）": 3, "車両の損壊程度（当事者B）": 0, "エアバッグの装備（当事者A）": 2, "エアバッグの装備（当事者B）": 0, "サイドエアバッグの装備（当事者A）": 2, "サイドエアバッグの装備（当事者B）": 0, "人身損傷程度（当事者A）": 4, "人身損傷程度（当事者B）": 2, "地点　緯度（北緯）": 34.48028694, "地点　経度（東経）": 132.4950319, "曜日(発生年月日)": 2, "祝日(発生年月日)": 3, "認知機能検査経過日数（当事者A）": 9999, "認知機能検査経過日数（当事者B）": 0, "運転練習の方法（当事者A）": 1, "運転練習の方法（当事者B）": 0, "field_69": null }, "geometry": { "type": "Point", "coordinates": [ 132.495031899999987, 34.48028694 ] } },
{ "type": "Feature", "properties": { "資料区分": 1, "都道府県コード": 73, "警察署等コード": 126, "本票番号": 278, "事故内容": 2, "死者数": 0, "負傷者数": 1, "路線コード": 37260, "地点コード": 0, "市区町村コード": 105, "発生日時　　年": 2024, "発生日時　　月": 11, "発生日時　　日": 16, "発生日時　　時": 16, "発生日時　　分": 30, "昼夜": 13, "日の出時刻　　時": 6, "日の出時刻　　分": 44, "日の入り時刻　　時": 17, "日の入り時刻　　分": 5, "天候": 1, "地形": 1, "路面状態": 1, "道路形状": 1, "信号機": 7, "一時停止規制　標識（当事者A）": 9, "一時停止規制　表示（当事者A）": 22, "一時停止規制　標識（当事者B）": 0, "一時停止規制　表示（当事者B）": 0, "車道幅員": 11, "道路線形": 9, "衝突地点": 30, "ゾーン規制": 70, "中央分離帯施設等": 5, "歩車道区分": 4, "事故類型": 1, "年齢（当事者A）": 55, "年齢（当事者B）": 25, "当事者種別（当事者A）": 14, "当事者種別（当事者B）": 61, "用途別（当事者A）": 1, "用途別（当事者B）": 0, "車両形状等（当事者A）": 11, "車両形状等（当事者B）": 0, "オートマチック車（当事者A）": 1, "オートマチック車（当事者B）": 0, "サポカー（当事者A）": 11, "サポカー（当事者B）": 0, "速度規制（指定のみ）（当事者A）": 10, "速度規制（指定のみ）（当事者B）": 0, "車両の衝突部位（当事者A）": 60, "車両の衝突部位（当事者B）": 0, "車両の損壊程度（当事者A）": 4, "車両の損壊程度（当事者B）": 0, "エアバッグの装備（当事者A）": 2, "エアバッグの装備（当事者B）": 0, "サイドエアバッグの装備（当事者A）": 2, "サイドエアバッグの装備（当事者B）": 0, "人身損傷程度（当事者A）": 4, "人身損傷程度（当事者B）": 2, "地点　緯度（北緯）": 34.42901194, "地点　経度（東経）": 132.4589117, "曜日(発生年月日)": 7, "祝日(発生年月日)": 3, "認知機能検査経過日数（当事者A）": 9999, "認知機能検査経過日数（当事者B）": 0, "運転練習の方法（当事者A）": 9, "運転練習の方法（当事者B）": 0, "field_69": null }, "geometry": { "type": "Point", "coordinates": [ 132.458911699999987, 34.42901194 ] } },
{ "type": "Feature", "properties": { "資料区分": 1, "都道府県コード": 73, "警察署等コード": 126, "本票番号": 284, "事故内容": 2, "死者数": 0, "負傷者数": 1, "路線コード": 37260, "地点コード": 0, "市区町村コード": 105, "発生日時　　年": 2024, "発生日時　　月": 11, "発生日時　　日": 16, "発生日時　　時": 18, "発生日時　　分": 55, "昼夜": 22, "日の出時刻　　時": 6, "日の出時刻　　分": 44, "日の入り時刻　　時": 17, "日の入り時刻　　分": 5, "天候": 1, "地形": 1, "路面状態": 1, "道路形状": 14, "信号機": 7, "一時停止規制　標識（当事者A）": 0, "一時停止規制　表示（当事者A）": 0, "一時停止規制　標識（当事者B）": 0, "一時停止規制　表示（当事者B）": 0, "車道幅員": 3, "道路線形": 7, "衝突地点": 1, "ゾーン規制": 70, "中央分離帯施設等": 5, "歩車道区分": 4, "事故類型": 1, "年齢（当事者A）": 65, "年齢（当事者B）": 25, "当事者種別（当事者A）": 4, "当事者種別（当事者B）": 61, "用途別（当事者A）": 31, "用途別（当事者B）": 0, "車両形状等（当事者A）": 1, "車両形状等（当事者B）": 0, "オートマチック車（当事者A）": 1, "オートマチック車（当事者B）": 0, "サポカー（当事者A）": 11, "サポカー（当事者B）": 0, "速度規制（指定のみ）（当事者A）": 1, "速度規制（指定のみ）（当事者B）": 0, "車両の衝突部位（当事者A）": 40, "車両の衝突部位（当事者B）": 0, "車両の損壊程度（当事者A）": 4, "車両の損壊程度（当事者B）": 0, "エアバッグの装備（当事者A）": 2, "エアバッグの装備（当事者B）": 0, "サイドエアバッグの装備（当事者A）": 2, "サイドエアバッグの装備（当事者B）": 0, "人身損傷程度（当事者A）": 4, "人身損傷程度（当事者B）": 2, "地点　緯度（北緯）": 34.47610111, "地点　経度（東経）": 132.4344633, "曜日(発生年月日)": 7, "祝日(発生年月日)": 3, "認知機能検査経過日数（当事者A）": 9999, "認知機能検査経過日数（当事者B）": 0, "運転練習の方法（当事者A）": 9, "運転練習の方法（当事者B）": 0, "field_69": null }, "geometry": { "type": "Point", "coordinates": [ 132.4344633, 34.47610111 ] } },
{ "type": "Feature", "properties": { "資料区分": 1, "都道府県コード": 73, "警察署等コード": 127, "本票番号": 226, "事故内容": 2, "死者数": 0, "負傷者数": 1, "路線コード": 37270, "地点コード": 0, "市区町村コード": 104, "発生日時　　年": 2024, "発生日時　　月": 9, "発生日時　　日": 29, "発生日時　　時": 2, "発生日時　　分": 23, "昼夜": 22, "日の出時刻　　時": 6, "日の出時刻　　分": 3, "日の入り時刻　　時": 17, "日の入り時刻　　分": 57, "天候": 1, "地形": 2, "路面状態": 1, "道路形状": 7, "信号機": 7, "一時停止規制　標識（当事者A）": 0, "一時停止規制　表示（当事者A）": 0, "一時停止規制　標識（当事者B）": 0, "一時停止規制　表示（当事者B）": 0, "車道幅員": 2, "道路線形": 9, "衝突地点": 1, "ゾーン規制": 70, "中央分離帯施設等": 5, "歩車道区分": 3, "事故類型": 1, "年齢（当事者A）": 65, "年齢（当事者B）": 45, "当事者種別（当事者A）": 3, "当事者種別（当事者B）": 61, "用途別（当事者A）": 1, "用途別（当事者B）": 0, "車両形状等（当事者A）": 1, "車両形状等（当事者B）": 0, "オートマチック車（当事者A）": 1, "オートマチック車（当事者B）": 0, "サポカー（当事者A）": 11, "サポカー（当事者B）": 0, "速度規制（指定のみ）（当事者A）": 10, "速度規制（指定のみ）（当事者B）": 0, "車両の衝突部位（当事者A）": 40, "車両の衝突部位（当事者B）": 0, "車両の損壊程度（当事者A）": 4, "車両の損壊程度（当事者B）": 0, "エアバッグの装備（当事者A）": 2, "エアバッグの装備（当事者B）": 0, "サイドエアバッグの装備（当事者A）": 2, "サイドエアバッグの装備（当事者B）": 0, "人身損傷程度（当事者A）": 4, "人身損傷程度（当事者B）": 2, "地点　緯度（北緯）": 34.38394611, "地点　経度（東経）": 132.4330022, "曜日(発生年月日)": 1, "祝日(発生年月日)": 3, "認知機能検査経過日数（当事者A）": 9999, "認知機能検査経過日数（当事者B）": 0, "運転練習の方法（当事者A）": 9, "運転練習の方法（当事者B）": 0, "field_69": null }, "geometry": { "type": "Point", "coordinates": [ 132.4330022, 34.38394611 ] } },
{ "type": "Feature", "properties": { "資料区分": 1, "都道府県コード": 73, "警察署等コード": 128, "本票番号": 189, "事故内容": 2, "死者数": 0, "負傷者数": 1, "路線コード": 99000, "地点コード": 0, "市区町村コード": 207, "発生日時　　年": 2024, "発生日時　　月": 10, "発生日時　　日": 13, "発生日時　　時": 12, "発生日時　　分": 20, "昼夜": 12, "日の出時刻　　時": 6, "日の出時刻　　分": 14, "日の入り時刻　　時": 17, "日の入り時刻　　分": 39, "天候": 1, "地形": 3, "路面状態": 1, "道路形状": 0, "信号機": 7, "一時停止規制　標識（当事者A）": 0, "一時停止規制　表示（当事者A）": 0, "一時停止規制　標識（当事者B）": 0, "一時停止規制　表示（当事者B）": 0, "車道幅員": 0, "道路線形": 0, "衝突地点": 20, "ゾーン規制": 70, "中央分離帯施設等": 0, "歩車道区分": 4, "事故類型": 1, "年齢（当事者A）": 55, "年齢（当事者B）": 75, "当事者種別（当事者A）": 3, "当事者種別（当事者B）": 61, "用途別（当事者A）": 31, "用途別（当事者B）": 0, "車両形状等（当事者A）": 1, "車両形状等（当事者B）": 0, "オートマチック車（当事者A）": 1, "オートマチック車（当事者B）": 0, "サポカー（当事者A）": 11, "サポカー（当事者B）": 0, "速度規制（指定のみ）（当事者A）": 10, "速度規制（指定のみ）（当事者B）": 0, "車両の衝突部位（当事者A）": 30, "車両の衝突部位（当事者B）": 0, "車両の損壊程度（当事者A）": 3, "車両の損壊程度（当事者B）": 0, "エアバッグの装備（当事者A）": 2, "エアバッグの装備（当事者B）": 0, "サイドエアバッグの装備（当事者A）": 2, "サイドエアバッグの装備（当事者B）": 0, "人身損傷程度（当事者A）": 4, "人身損傷程度（当事者B）": 2, "地点　緯度（北緯）": 34.54600056, "地点　経度（東経）": 133.29452, "曜日(発生年月日)": 1, "祝日(発生年月日)": 2, "認知機能検査経過日数（当事者A）": 9999, "認知機能検査経過日数（当事者B）": 0, "運転練習の方法（当事者A）": 9, "運転練習の方法（当事者B）": 0, "field_69": null }, "geometry": { "type": "Point", "coordinates": [ 133.29452, 34.54600056 ] } },
{ "type": "Feature", "properties": { "資料区分": 1, "都道府県コード": 73, "警察署等コード": 128, "本票番号": 198, "事故内容": 2, "死者数": 0, "負傷者数": 1, "路線コード": 37280, "地点コード": 0, "市区町村コード": 207, "発生日時　　年": 2024, "発生日時　　月": 11, "発生日時　　日": 7, "発生日時　　時": 15, "発生日時　　分": 13, "昼夜": 12, "日の出時刻　　時": 6, "日の出時刻　　分": 36, "日の入り時刻　　時": 17, "日の入り時刻　　分": 12, "天候": 1, "地形": 3, "路面状態": 1, "道路形状": 14, "信号機": 7, "一時停止規制　標識（当事者A）": 0, "一時停止規制　表示（当事者A）": 0, "一時停止規制　標識（当事者B）": 0, "一時停止規制　表示（当事者B）": 0, "車道幅員": 3, "道路線形": 9, "衝突地点": 1, "ゾーン規制": 70, "中央分離帯施設等": 5, "歩車道区分": 4, "事故類型": 1, "年齢（当事者A）": 35, "年齢（当事者B）": 1, "当事者種別（当事者A）": 4, "当事者種別（当事者B）": 61, "用途別（当事者A）": 31, "用途別（当事者B）": 0, "車両形状等（当事者A）": 1, "車両形状等（当事者B）": 0, "オートマチック車（当事者A）": 1, "オートマチック車（当事者B）": 0, "サポカー（当事者A）": 11, "サポカー（当事者B）": 0, "速度規制（指定のみ）（当事者A）": 10, "速度規制（指定のみ）（当事者B）": 0, "車両の衝突部位（当事者A）": 80, "車両の衝突部位（当事者B）": 0, "車両の損壊程度（当事者A）": 3, "車両の損壊程度（当事者B）": 0, "エアバッグの装備（当事者A）": 2, "エアバッグの装備（当事者B）": 0, "サイドエアバッグの装備（当事者A）": 2, "サイドエアバッグの装備（当事者B）": 0, "人身損傷程度（当事者A）": 4, "人身損傷程度（当事者B）": 2, "地点　緯度（北緯）": 34.54897056, "地点　経度（東経）": 133.3735647, "曜日(発生年月日)": 5, "祝日(発生年月日)": 3, "認知機能検査経過日数（当事者A）": 9999, "認知機能検査経過日数（当事者B）": 0, "運転練習の方法（当事者A）": 9, "運転練習の方法（当事者B）": 0, "field_69": null }, "geometry": { "type": "Point", "coordinates": [ 133.3735647, 34.54897056 ] } },
{ "type": "Feature", "properties": { "資料区分": 1, "都道府県コード": 73, "警察署等コード": 129, "本票番号": 162, "事故内容": 2, "死者数": 0, "負傷者数": 1, "路線コード": 14710, "地点コード": 0, "市区町村コード": 108, "発生日時　　年": 2024, "発生日時　　月": 10, "発生日時　　日": 6, "発生日時　　時": 14, "発生日時　　分": 5, "昼夜": 12, "日の出時刻　　時": 6, "日の出時刻　　分": 8, "日の入り時刻　　時": 17, "日の入り時刻　　分": 48, "天候": 1, "地形": 2, "路面状態": 1, "道路形状": 14, "信号機": 7, "一時停止規制　標識（当事者A）": 0, "一時停止規制　表示（当事者A）": 0, "一時停止規制　標識（当事者B）": 0, "一時停止規制　表示（当事者B）": 0, "車道幅員": 6, "道路線形": 9, "衝突地点": 1, "ゾーン規制": 70, "中央分離帯施設等": 1, "歩車道区分": 2, "事故類型": 1, "年齢（当事者A）": 45, "年齢（当事者B）": 45, "当事者種別（当事者A）": 3, "当事者種別（当事者B）": 61, "用途別（当事者A）": 31, "用途別（当事者B）": 0, "車両形状等（当事者A）": 1, "車両形状等（当事者B）": 0, "オートマチック車（当事者A）": 1, "オートマチック車（当事者B）": 0, "サポカー（当事者A）": 11, "サポカー（当事者B）": 0, "速度規制（指定のみ）（当事者A）": 4, "速度規制（指定のみ）（当事者B）": 0, "車両の衝突部位（当事者A）": 10, "車両の衝突部位（当事者B）": 0, "車両の損壊程度（当事者A）": 3, "車両の損壊程度（当事者B）": 0, "エアバッグの装備（当事者A）": 2, "エアバッグの装備（当事者B）": 0, "サイドエアバッグの装備（当事者A）": 2, "サイドエアバッグの装備（当事者B）": 0, "人身損傷程度（当事者A）": 4, "人身損傷程度（当事者B）": 2, "地点　緯度（北緯）": 34.40479833, "地点　経度（東経）": 132.3949142, "曜日(発生年月日)": 1, "祝日(発生年月日)": 3, "認知機能検査経過日数（当事者A）": 9999, "認知機能検査経過日数（当事者B）": 0, "運転練習の方法（当事者A）": 5, "運転練習の方法（当事者B）": 0, "field_69": null }, "geometry": { "type": "Point", "coordinates": [ 132.394914199999988, 34.40479833 ] } },
{ "type": "Feature", "properties": { "資料区分": 1, "都道府県コード": 73, "警察署等コード": 129, "本票番号": 172, "事故内容": 2, "死者数": 0, "負傷者数": 1, "路線コード": 14410, "地点コード": 0, "市区町村コード": 108, "発生日時　　年": 2024, "発生日時　　月": 9, "発生日時　　日": 19, "発生日時　　時": 19, "発生日時　　分": 20, "昼夜": 22, "日の出時刻　　時": 5, "日の出時刻　　分": 56, "日の入り時刻　　時": 18, "日の入り時刻　　分": 12, "天候": 1, "地形": 1, "路面状態": 1, "道路形状": 7, "信号機": 7, "一時停止規制　標識（当事者A）": 0, "一時停止規制　表示（当事者A）": 0, "一時停止規制　標識（当事者B）": 0, "一時停止規制　表示（当事者B）": 0, "車道幅員": 3, "道路線形": 9, "衝突地点": 1, "ゾーン規制": 70, "中央分離帯施設等": 4, "歩車道区分": 2, "事故類型": 1, "年齢（当事者A）": 45, "年齢（当事者B）": 25, "当事者種別（当事者A）": 13, "当事者種別（当事者B）": 61, "用途別（当事者A）": 31, "用途別（当事者B）": 0, "車両形状等（当事者A）": 11, "車両形状等（当事者B）": 0, "オートマチック車（当事者A）": 1, "オートマチック車（当事者B）": 0, "サポカー（当事者A）": 11, "サポカー（当事者B）": 0, "速度規制（指定のみ）（当事者A）": 3, "速度規制（指定のみ）（当事者B）": 0, "車両の衝突部位（当事者A）": 50, "車両の衝突部位（当事者B）": 0, "車両の損壊程度（当事者A）": 3, "車両の損壊程度（当事者B）": 0, "エアバッグの装備（当事者A）": 2, "エアバッグの装備（当事者B）": 0, "サイドエアバッグの装備（当事者A）": 2, "サイドエアバッグの装備（当事者B）": 0, "人身損傷程度（当事者A）": 4, "人身損傷程度（当事者B）": 2, "地点　緯度（北緯）": 34.3930275, "地点　経度（東経）": 132.3574653, "曜日(発生年月日)": 5, "祝日(発生年月日)": 3, "認知機能検査経過日数（当事者A）": 9999, "認知機能検査経過日数（当事者B）": 0, "運転練習の方法（当事者A）": 9, "運転練習の方法（当事者B）": 0, "field_69": null }, "geometry": { "type": "Point", "coordinates": [ 132.3574653, 34.3930275 ] } },
{ "type": "Feature", "properties": { "資料区分": 1, "都道府県コード": 73, "警察署等コード": 129, "本票番号": 175, "事故内容": 2, "死者数": 0, "負傷者数": 1, "路線コード": 37290, "地点コード": 0, "市区町村コード": 108, "発生日時　　年": 2024, "発生日時　　月": 10, "発生日時　　日": 25, "発生日時　　時": 22, "発生日時　　分": 23, "昼夜": 22, "日の出時刻　　時": 6, "日の出時刻　　分": 24, "日の入り時刻　　時": 17, "日の入り時刻　　分": 24, "天候": 1, "地形": 2, "路面状態": 1, "道路形状": 14, "信号機": 7, "一時停止規制　標識（当事者A）": 0, "一時停止規制　表示（当事者A）": 0, "一時停止規制　標識（当事者B）": 0, "一時停止規制　表示（当事者B）": 0, "車道幅員": 2, "道路線形": 9, "衝突地点": 1, "ゾーン規制": 70, "中央分離帯施設等": 5, "歩車道区分": 3, "事故類型": 1, "年齢（当事者A）": 55, "年齢（当事者B）": 25, "当事者種別（当事者A）": 36, "当事者種別（当事者B）": 61, "用途別（当事者A）": 31, "用途別（当事者B）": 0, "車両形状等（当事者A）": 0, "車両形状等（当事者B）": 0, "オートマチック車（当事者A）": 0, "オートマチック車（当事者B）": 0, "サポカー（当事者A）": 11, "サポカー（当事者B）": 0, "速度規制（指定のみ）（当事者A）": 10, "速度規制（指定のみ）（当事者B）": 0, "車両の衝突部位（当事者A）": 10, "車両の衝突部位（当事者B）": 0, "車両の損壊程度（当事者A）": 3, "車両の損壊程度（当事者B）": 0, "エアバッグの装備（当事者A）": 0, "エアバッグの装備（当事者B）": 0, "サイドエアバッグの装備（当事者A）": 0, "サイドエアバッグの装備（当事者B）": 0, "人身損傷程度（当事者A）": 4, "人身損傷程度（当事者B）": 2, "地点　緯度（北緯）": 34.37506639, "地点　経度（東経）": 132.3527578, "曜日(発生年月日)": 6, "祝日(発生年月日)": 3, "認知機能検査経過日数（当事者A）": 9999, "認知機能検査経過日数（当事者B）": 0, "運転練習の方法（当事者A）": 9, "運転練習の方法（当事者B）": 0, "field_69": null }, "geometry": { "type": "Point", "coordinates": [ 132.3527578, 34.37506639 ] } },
{ "type": "Feature", "properties": { "資料区分": 1, "都道府県コード": 73, "警察署等コード": 101, "本票番号": 208, "事故内容": 2, "死者数": 0, "負傷者数": 1, "路線コード": 37010, "地点コード": 0, "市区町村コード": 102, "発生日時　　年": 2024, "発生日時　　月": 11, "発生日時　　日": 25, "発生日時　　時": 14, "発生日時　　分": 51, "昼夜": 12, "日の出時刻　　時": 6, "日の出時刻　　分": 53, "日の入り時刻　　時": 17, "日の入り時刻　　分": 1, "天候": 1, "地形": 1, "路面状態": 1, "道路形状": 1, "信号機": 1, "一時停止規制　標識（当事者A）": 9, "一時停止規制　表示（当事者A）": 22, "一時停止規制　標識（当事者B）": 0, "一時停止規制　表示（当事者B）": 0, "車道幅員": 14, "道路線形": 9, "衝突地点": 30, "ゾーン規制": 70, "中央分離帯施設等": 5, "歩車道区分": 3, "事故類型": 1, "年齢（当事者A）": 35, "年齢（当事者B）": 1, "当事者種別（当事者A）": 14, "当事者種別（当事者B）": 61, "用途別（当事者A）": 1, "用途別（当事者B）": 0, "車両形状等（当事者A）": 11, "車両形状等（当事者B）": 0, "オートマチック車（当事者A）": 1, "オートマチック車（当事者B）": 0, "サポカー（当事者A）": 11, "サポカー（当事者B）": 0, "速度規制（指定のみ）（当事者A）": 4, "速度規制（指定のみ）（当事者B）": 0, "車両の衝突部位（当事者A）": 50, "車両の衝突部位（当事者B）": 0, "車両の損壊程度（当事者A）": 3, "車両の損壊程度（当事者B）": 0, "エアバッグの装備（当事者A）": 2, "エアバッグの装備（当事者B）": 0, "サイドエアバッグの装備（当事者A）": 2, "サイドエアバッグの装備（当事者B）": 0, "人身損傷程度（当事者A）": 4, "人身損傷程度（当事者B）": 2, "地点　緯度（北緯）": 34.40909167, "地点　経度（東経）": 132.4716631, "曜日(発生年月日)": 2, "祝日(発生年月日)": 3, "認知機能検査経過日数（当事者A）": 9999, "認知機能検査経過日数（当事者B）": 0, "運転練習の方法（当事者A）": 1, "運転練習の方法（当事者B）": 0, "field_69": null }, "geometry": { "type": "Point", "coordinates": [ 132.4716631, 34.40909167 ] } },
{ "type": "Feature", "properties": { "資料区分": 1, "都道府県コード": 73, "警察署等コード": 101, "本票番号": 209, "事故内容": 2, "死者数": 0, "負傷者数": 1, "路線コード": 37010, "地点コード": 0, "市区町村コード": 302, "発生日時　　年": 2024, "発生日時　　月": 11, "発生日時　　日": 12, "発生日時　　時": 17, "発生日時　　分": 58, "昼夜": 21, "日の出時刻　　時": 6, "日の出時刻　　分": 40, "日の入り時刻　　時": 17, "日の入り時刻　　分": 8, "天候": 1, "地形": 2, "路面状態": 1, "道路形状": 13, "信号機": 7, "一時停止規制　標識（当事者A）": 0, "一時停止規制　表示（当事者A）": 0, "一時停止規制　標識（当事者B）": 0, "一時停止規制　表示（当事者B）": 0, "車道幅員": 3, "道路線形": 3, "衝突地点": 1, "ゾーン規制": 70, "中央分離帯施設等": 5, "歩車道区分": 4, "事故類型": 1, "年齢（当事者A）": 45, "年齢（当事者B）": 75, "当事者種別（当事者A）": 35, "当事者種別（当事者B）": 61, "用途別（当事者A）": 31, "用途別（当事者B）": 0, "車両形状等（当事者A）": 0, "車両形状等（当事者B）": 0, "オートマチック車（当事者A）": 0, "オートマチック車（当事者B）": 0, "サポカー（当事者A）": 11, "サポカー（当事者B）": 0, "速度規制（指定のみ）（当事者A）": 10, "速度規制（指定のみ）（当事者B）": 0, "車両の衝突部位（当事者A）": 20, "車両の衝突部位（当事者B）": 0, "車両の損壊程度（当事者A）": 3, "車両の損壊程度（当事者B）": 0, "エアバッグの装備（当事者A）": 0, "エアバッグの装備（当事者B）": 0, "サイドエアバッグの装備（当事者A）": 0, "サイドエアバッグの装備（当事者B）": 0, "人身損傷程度（当事者A）": 4, "人身損傷程度（当事者B）": 2, "地点　緯度（北緯）": 34.38934722, "地点　経度（東経）": 132.5122703, "曜日(発生年月日)": 3, "祝日(発生年月日)": 3, "認知機能検査経過日数（当事者A）": 9999, "認知機能検査経過日数（当事者B）": 0, "運転練習の方法（当事者A）": 9, "運転練習の方法（当事者B）": 0, "field_69": null }, "geometry": { "type": "Point", "coordinates": [ 132.512270300000012, 34.38934722 ] } },
{ "type": "Feature", "properties": { "資料区分": 1, "都道府県コード": 73, "警察署等コード": 101, "本票番号": 210, "事故内容": 2, "死者数": 0, "負傷者数": 1, "路線コード": 37010, "地点コード": 0, "市区町村コード": 302, "発生日時　　年": 2024, "発生日時　　月": 11, "発生日時　　日": 22, "発生日時　　時": 17, "発生日時　　分": 52, "昼夜": 21, "日の出時刻　　時": 6, "日の出時刻　　分": 50, "日の入り時刻　　時": 17, "日の入り時刻　　分": 3, "天候": 1, "地形": 2, "路面状態": 1, "道路形状": 14, "信号機": 7, "一時停止規制　標識（当事者A）": 0, "一時停止規制　表示（当事者A）": 0, "一時停止規制　標識（当事者B）": 0, "一時停止規制　表示（当事者B）": 0, "車道幅員": 2, "道路線形": 9, "衝突地点": 1, "ゾーン規制": 70, "中央分離帯施設等": 5, "歩車道区分": 4, "事故類型": 1, "年齢（当事者A）": 35, "年齢（当事者B）": 75, "当事者種別（当事者A）": 13, "当事者種別（当事者B）": 61, "用途別（当事者A）": 31, "用途別（当事者B）": 0, "車両形状等（当事者A）": 11, "車両形状等（当事者B）": 0, "オートマチック車（当事者A）": 1, "オートマチック車（当事者B）": 0, "サポカー（当事者A）": 11, "サポカー（当事者B）": 0, "速度規制（指定のみ）（当事者A）": 10, "速度規制（指定のみ）（当事者B）": 0, "車両の衝突部位（当事者A）": 30, "車両の衝突部位（当事者B）": 0, "車両の損壊程度（当事者A）": 3, "車両の損壊程度（当事者B）": 0, "エアバッグの装備（当事者A）": 2, "エアバッグの装備（当事者B）": 0, "サイドエアバッグの装備（当事者A）": 2, "サイドエアバッグの装備（当事者B）": 0, "人身損傷程度（当事者A）": 4, "人身損傷程度（当事者B）": 2, "地点　緯度（北緯）": 34.38326, "地点　経度（東経）": 132.5158778, "曜日(発生年月日)": 6, "祝日(発生年月日)": 2, "認知機能検査経過日数（当事者A）": 9999, "認知機能検査経過日数（当事者B）": 0, "運転練習の方法（当事者A）": 5, "運転練習の方法（当事者B）": 0, "field_69": null }, "geometry": { "type": "Point", "coordinates": [ 132.5158778, 34.38326 ] } },
{ "type": "Feature", "properties": { "資料区分": 1, "都道府県コード": 73, "警察署等コード": 101, "本票番号": 211, "事故内容": 2, "死者数": 0, "負傷者数": 1, "路線コード": 37010, "地点コード": 0, "市区町村コード": 302, "発生日時　　年": 2024, "発生日時　　月": 11, "発生日時　　日": 11, "発生日時　　時": 15, "発生日時　　分": 45, "昼夜": 12, "日の出時刻　　時": 6, "日の出時刻　　分": 39, "日の入り時刻　　時": 17, "日の入り時刻　　分": 9, "天候": 1, "地形": 1, "路面状態": 1, "道路形状": 1, "信号機": 7, "一時停止規制　標識（当事者A）": 9, "一時停止規制　表示（当事者A）": 22, "一時停止規制　標識（当事者B）": 0, "一時停止規制　表示（当事者B）": 0, "車道幅員": 14, "道路線形": 8, "衝突地点": 30, "ゾーン規制": 70, "中央分離帯施設等": 4, "歩車道区分": 2, "事故類型": 1, "年齢（当事者A）": 65, "年齢（当事者B）": 1, "当事者種別（当事者A）": 3, "当事者種別（当事者B）": 61, "用途別（当事者A）": 31, "用途別（当事者B）": 0, "車両形状等（当事者A）": 1, "車両形状等（当事者B）": 0, "オートマチック車（当事者A）": 1, "オートマチック車（当事者B）": 0, "サポカー（当事者A）": 11, "サポカー（当事者B）": 0, "速度規制（指定のみ）（当事者A）": 3, "速度規制（指定のみ）（当事者B）": 0, "車両の衝突部位（当事者A）": 10, "車両の衝突部位（当事者B）": 0, "車両の損壊程度（当事者A）": 3, "車両の損壊程度（当事者B）": 0, "エアバッグの装備（当事者A）": 2, "エアバッグの装備（当事者B）": 0, "サイドエアバッグの装備（当事者A）": 2, "サイドエアバッグの装備（当事者B）": 0, "人身損傷程度（当事者A）": 4, "人身損傷程度（当事者B）": 2, "地点　緯度（北緯）": 34.40259306, "地点　経度（東経）": 132.5113322, "曜日(発生年月日)": 2, "祝日(発生年月日)": 3, "認知機能検査経過日数（当事者A）": 9999, "認知機能検査経過日数（当事者B）": 0, "運転練習の方法（当事者A）": 9, "運転練習の方法（当事者B）": 0, "field_69": null }, "geometry": { "type": "Point", "coordinates": [ 132.5113322, 34.40259306 ] } },
{ "type": "Feature", "properties": { "資料区分": 1, "都道府県コード": 73, "警察署等コード": 101, "本票番号": 212, "事故内容": 2, "死者数": 0, "負傷者数": 1, "路線コード": 14700, "地点コード": 0, "市区町村コード": 302, "発生日時　　年": 2024, "発生日時　　月": 11, "発生日時　　日": 23, "発生日時　　時": 10, "発生日時　　分": 2, "昼夜": 12, "日の出時刻　　時": 6, "日の出時刻　　分": 51, "日の入り時刻　　時": 17, "日の入り時刻　　分": 2, "天候": 1, "地形": 2, "路面状態": 1, "道路形状": 1, "信号機": 1, "一時停止規制　標識（当事者A）": 9, "一時停止規制　表示（当事者A）": 22, "一時停止規制　標識（当事者B）": 0, "一時停止規制　表示（当事者B）": 0, "車道幅員": 18, "道路線形": 9, "衝突地点": 30, "ゾーン規制": 70, "中央分離帯施設等": 1, "歩車道区分": 2, "事故類型": 1, "年齢（当事者A）": 1, "年齢（当事者B）": 75, "当事者種別（当事者A）": 3, "当事者種別（当事者B）": 61, "用途別（当事者A）": 31, "用途別（当事者B）": 0, "車両形状等（当事者A）": 1, "車両形状等（当事者B）": 0, "オートマチック車（当事者A）": 1, "オートマチック車（当事者B）": 0, "サポカー（当事者A）": 11, "サポカー（当事者B）": 0, "速度規制（指定のみ）（当事者A）": 4, "速度規制（指定のみ）（当事者B）": 0, "車両の衝突部位（当事者A）": 40, "車両の衝突部位（当事者B）": 0, "車両の損壊程度（当事者A）": 3, "車両の損壊程度（当事者B）": 0, "エアバッグの装備（当事者A）": 2, "エアバッグの装備（当事者B）": 0, "サイドエアバッグの装備（当事者A）": 2, "サイドエアバッグの装備（当事者B）": 0, "人身損傷程度（当事者A）": 4, "人身損傷程度（当事者B）": 2, "地点　緯度（北緯）": 34.39648083, "地点　経度（東経）": 132.4978556, "曜日(発生年月日)": 7, "祝日(発生年月日)": 1, "認知機能検査経過日数（当事者A）": 9999, "認知機能検査経過日数（当事者B）": 0, "運転練習の方法（当事者A）": 1, "運転練習の方法（当事者B）": 0, "field_69": null }, "geometry": { "type": "Point", "coordinates": [ 132.4978556, 34.39648083 ] } },
{ "type": "Feature", "properties": { "資料区分": 1, "都道府県コード": 73, "警察署等コード": 101, "本票番号": 214, "事故内容": 2, "死者数": 0, "負傷者数": 1, "路線コード": 22640, "地点コード": 0, "市区町村コード": 102, "発生日時　　年": 2024, "発生日時　　月": 12, "発生日時　　日": 6, "発生日時　　時": 17, "発生日時　　分": 40, "昼夜": 21, "日の出時刻　　時": 7, "日の出時刻　　分": 2, "日の入り時刻　　時": 17, "日の入り時刻　　分": 0, "天候": 1, "地形": 2, "路面状態": 1, "道路形状": 1, "信号機": 1, "一時停止規制　標識（当事者A）": 9, "一時停止規制　表示（当事者A）": 22, "一時停止規制　標識（当事者B）": 0, "一時停止規制　表示（当事者B）": 0, "車道幅員": 15, "道路線形": 7, "衝突地点": 30, "ゾーン規制": 70, "中央分離帯施設等": 5, "歩車道区分": 2, "事故類型": 1, "年齢（当事者A）": 45, "年齢（当事者B）": 55, "当事者種別（当事者A）": 14, "当事者種別（当事者B）": 61, "用途別（当事者A）": 31, "用途別（当事者B）": 0, "車両形状等（当事者A）": 11, "車両形状等（当事者B）": 0, "オートマチック車（当事者A）": 1, "オートマチック車（当事者B）": 0, "サポカー（当事者A）": 11, "サポカー（当事者B）": 0, "速度規制（指定のみ）（当事者A）": 3, "速度規制（指定のみ）（当事者B）": 0, "車両の衝突部位（当事者A）": 50, "車両の衝突部位（当事者B）": 0, "車両の損壊程度（当事者A）": 3, "車両の損壊程度（当事者B）": 0, "エアバッグの装備（当事者A）": 2, "エアバッグの装備（当事者B）": 0, "サイドエアバッグの装備（当事者A）": 2, "サイドエアバッグの装備（当事者B）": 0, "人身損傷程度（当事者A）": 4, "人身損傷程度（当事者B）": 2, "地点　緯度（北緯）": 34.40683944, "地点　経度（東経）": 132.4945328, "曜日(発生年月日)": 6, "祝日(発生年月日)": 3, "認知機能検査経過日数（当事者A）": 9999, "認知機能検査経過日数（当事者B）": 0, "運転練習の方法（当事者A）": 9, "運転練習の方法（当事者B）": 0, "field_69": null }, "geometry": { "type": "Point", "coordinates": [ 132.4945328, 34.40683944 ] } },
{ "type": "Feature", "properties": { "資料区分": 1, "都道府県コード": 73, "警察署等コード": 101, "本票番号": 219, "事故内容": 2, "死者数": 0, "負傷者数": 1, "路線コード": 37010, "地点コード": 0, "市区町村コード": 302, "発生日時　　年": 2024, "発生日時　　月": 12, "発生日時　　日": 11, "発生日時　　時": 16, "発生日時　　分": 7, "昼夜": 13, "日の出時刻　　時": 7, "日の出時刻　　分": 6, "日の入り時刻　　時": 17, "日の入り時刻　　分": 1, "天候": 1, "地形": 1, "路面状態": 1, "道路形状": 1, "信号機": 7, "一時停止規制　標識（当事者A）": 9, "一時停止規制　表示（当事者A）": 22, "一時停止規制　標識（当事者B）": 0, "一時停止規制　表示（当事者B）": 0, "車道幅員": 11, "道路線形": 8, "衝突地点": 30, "ゾーン規制": 70, "中央分離帯施設等": 5, "歩車道区分": 3, "事故類型": 1, "年齢（当事者A）": 1, "年齢（当事者B）": 1, "当事者種別（当事者A）": 14, "当事者種別（当事者B）": 61, "用途別（当事者A）": 1, "用途別（当事者B）": 0, "車両形状等（当事者A）": 11, "車両形状等（当事者B）": 0, "オートマチック車（当事者A）": 1, "オートマチック車（当事者B）": 0, "サポカー（当事者A）": 11, "サポカー（当事者B）": 0, "速度規制（指定のみ）（当事者A）": 10, "速度規制（指定のみ）（当事者B）": 0, "車両の衝突部位（当事者A）": 70, "車両の衝突部位（当事者B）": 0, "車両の損壊程度（当事者A）": 3, "車両の損壊程度（当事者B）": 0, "エアバッグの装備（当事者A）": 2, "エアバッグの装備（当事者B）": 0, "サイドエアバッグの装備（当事者A）": 2, "サイドエアバッグの装備（当事者B）": 0, "人身損傷程度（当事者A）": 4, "人身損傷程度（当事者B）": 2, "地点　緯度（北緯）": 34.39808806, "地点　経度（東経）": 132.500155, "曜日(発生年月日)": 4, "祝日(発生年月日)": 3, "認知機能検査経過日数（当事者A）": 9999, "認知機能検査経過日数（当事者B）": 0, "運転練習の方法（当事者A）": 1, "運転練習の方法（当事者B）": 0, "field_69": null }, "geometry": { "type": "Point", "coordinates": [ 132.500155, 34.39808806 ] } },
{ "type": "Feature", "properties": { "資料区分": 1, "都道府県コード": 73, "警察署等コード": 101, "本票番号": 224, "事故内容": 2, "死者数": 0, "負傷者数": 1, "路線コード": 540, "地点コード": 40, "市区町村コード": 102, "発生日時　　年": 2024, "発生日時　　月": 12, "発生日時　　日": 23, "発生日時　　時": 8, "発生日時　　分": 20, "昼夜": 12, "日の出時刻　　時": 7, "日の出時刻　　分": 14, "日の入り時刻　　時": 17, "日の入り時刻　　分": 5, "天候": 1, "地形": 1, "路面状態": 1, "道路形状": 14, "信号機": 7, "一時停止規制　標識（当事者A）": 0, "一時停止規制　表示（当事者A）": 0, "一時停止規制　標識（当事者B）": 0, "一時停止規制　表示（当事者B）": 0, "車道幅員": 2, "道路線形": 9, "衝突地点": 1, "ゾーン規制": 70, "中央分離帯施設等": 1, "歩車道区分": 2, "事故類型": 1, "年齢（当事者A）": 55, "年齢（当事者B）": 35, "当事者種別（当事者A）": 34, "当事者種別（当事者B）": 61, "用途別（当事者A）": 31, "用途別（当事者B）": 0, "車両形状等（当事者A）": 0, "車両形状等（当事者B）": 0, "オートマチック車（当事者A）": 0, "オートマチック車（当事者B）": 0, "サポカー（当事者A）": 11, "サポカー（当事者B）": 0, "速度規制（指定のみ）（当事者A）": 10, "速度規制（指定のみ）（当事者B）": 0, "車両の衝突部位（当事者A）": 10, "車両の衝突部位（当事者B）": 0, "車両の損壊程度（当事者A）": 3, "車両の損壊程度（当事者B）": 0, "エアバッグの装備（当事者A）": 0, "エアバッグの装備（当事者B）": 0, "サイドエアバッグの装備（当事者A）": 0, "サイドエアバッグの装備（当事者B）": 0, "人身損傷程度（当事者A）": 4, "人身損傷程度（当事者B）": 2, "地点　緯度（北緯）": 34.42361, "地点　経度（東経）": 132.4663633, "曜日(発生年月日)": 2, "祝日(発生年月日)": 3, "認知機能検査経過日数（当事者A）": 9999, "認知機能検査経過日数（当事者B）": 0, "運転練習の方法（当事者A）": 9, "運転練習の方法（当事者B）": 0, "field_69": null }, "geometry": { "type": "Point", "coordinates": [ 132.466363300000012, 34.42361 ] } },
{ "type": "Feature", "properties": { "資料区分": 1, "都道府県コード": 73, "警察署等コード": 102, "本票番号": 377, "事故内容": 2, "死者数": 0, "負傷者数": 1, "路線コード": 37020, "地点コード": 0, "市区町村コード": 101, "発生日時　　年": 2024, "発生日時　　月": 12, "発生日時　　日": 9, "発生日時　　時": 12, "発生日時　　分": 0, "昼夜": 12, "日の出時刻　　時": 7, "日の出時刻　　分": 5, "日の入り時刻　　時": 17, "日の入り時刻　　分": 0, "天候": 1, "地形": 1, "路面状態": 1, "道路形状": 1, "信号機": 1, "一時停止規制　標識（当事者A）": 9, "一時停止規制　表示（当事者A）": 22, "一時停止規制　標識（当事者B）": 0, "一時停止規制　表示（当事者B）": 0, "車道幅員": 15, "道路線形": 9, "衝突地点": 30, "ゾーン規制": 70, "中央分離帯施設等": 5, "歩車道区分": 2, "事故類型": 1, "年齢（当事者A）": 65, "年齢（当事者B）": 55, "当事者種別（当事者A）": 3, "当事者種別（当事者B）": 61, "用途別（当事者A）": 31, "用途別（当事者B）": 0, "車両形状等（当事者A）": 1, "車両形状等（当事者B）": 0, "オートマチック車（当事者A）": 1, "オートマチック車（当事者B）": 0, "サポカー（当事者A）": 11, "サポカー（当事者B）": 0, "速度規制（指定のみ）（当事者A）": 10, "速度規制（指定のみ）（当事者B）": 0, "車両の衝突部位（当事者A）": 10, "車両の衝突部位（当事者B）": 0, "車両の損壊程度（当事者A）": 3, "車両の損壊程度（当事者B）": 0, "エアバッグの装備（当事者A）": 2, "エアバッグの装備（当事者B）": 0, "サイドエアバッグの装備（当事者A）": 2, "サイドエアバッグの装備（当事者B）": 0, "人身損傷程度（当事者A）": 4, "人身損傷程度（当事者B）": 2, "地点　緯度（北緯）": 34.39584722, "地点　経度（東経）": 132.4687028, "曜日(発生年月日)": 2, "祝日(発生年月日)": 3, "認知機能検査経過日数（当事者A）": 9999, "認知機能検査経過日数（当事者B）": 0, "運転練習の方法（当事者A）": 9, "運転練習の方法（当事者B）": 0, "field_69": null }, "geometry": { "type": "Point", "coordinates": [ 132.468702799999988, 34.39584722 ] } },
{ "type": "Feature", "properties": { "資料区分": 1, "都道府県コード": 73, "警察署等コード": 102, "本票番号": 378, "事故内容": 2, "死者数": 0, "負傷者数": 1, "路線コード": 14370, "地点コード": 0, "市区町村コード": 101, "発生日時　　年": 2024, "発生日時　　月": 12, "発生日時　　日": 8, "発生日時　　時": 8, "発生日時　　分": 24, "昼夜": 12, "日の出時刻　　時": 7, "日の出時刻　　分": 4, "日の入り時刻　　時": 17, "日の入り時刻　　分": 0, "天候": 1, "地形": 1, "路面状態": 2, "道路形状": 7, "信号機": 7, "一時停止規制　標識（当事者A）": 0, "一時停止規制　表示（当事者A）": 0, "一時停止規制　標識（当事者B）": 0, "一時停止規制　表示（当事者B）": 0, "車道幅員": 4, "道路線形": 9, "衝突地点": 1, "ゾーン規制": 70, "中央分離帯施設等": 4, "歩車道区分": 2, "事故類型": 1, "年齢（当事者A）": 1, "年齢（当事者B）": 25, "当事者種別（当事者A）": 3, "当事者種別（当事者B）": 61, "用途別（当事者A）": 31, "用途別（当事者B）": 0, "車両形状等（当事者A）": 1, "車両形状等（当事者B）": 0, "オートマチック車（当事者A）": 1, "オートマチック車（当事者B）": 0, "サポカー（当事者A）": 11, "サポカー（当事者B）": 0, "速度規制（指定のみ）（当事者A）": 4, "速度規制（指定のみ）（当事者B）": 0, "車両の衝突部位（当事者A）": 10, "車両の衝突部位（当事者B）": 0, "車両の損壊程度（当事者A）": 2, "車両の損壊程度（当事者B）": 0, "エアバッグの装備（当事者A）": 1, "エアバッグの装備（当事者B）": 0, "サイドエアバッグの装備（当事者A）": 1, "サイドエアバッグの装備（当事者B）": 0, "人身損傷程度（当事者A）": 4, "人身損傷程度（当事者B）": 2, "地点　緯度（北緯）": 34.40522028, "地点　経度（東経）": 132.4654967, "曜日(発生年月日)": 1, "祝日(発生年月日)": 3, "認知機能検査経過日数（当事者A）": 9999, "認知機能検査経過日数（当事者B）": 0, "運転練習の方法（当事者A）": 1, "運転練習の方法（当事者B）": 0, "field_69": null }, "geometry": { "type": "Point", "coordinates": [ 132.465496699999989, 34.40522028 ] } },
{ "type": "Feature", "properties": { "資料区分": 1, "都道府県コード": 73, "警察署等コード": 102, "本票番号": 387, "事故内容": 2, "死者数": 0, "負傷者数": 1, "路線コード": 21640, "地点コード": 0, "市区町村コード": 101, "発生日時　　年": 2024, "発生日時　　月": 12, "発生日時　　日": 5, "発生日時　　時": 17, "発生日時　　分": 9, "昼夜": 21, "日の出時刻　　時": 7, "日の出時刻　　分": 2, "日の入り時刻　　時": 17, "日の入り時刻　　分": 0, "天候": 1, "地形": 1, "路面状態": 1, "道路形状": 7, "信号機": 1, "一時停止規制　標識（当事者A）": 0, "一時停止規制　表示（当事者A）": 0, "一時停止規制　標識（当事者B）": 0, "一時停止規制　表示（当事者B）": 0, "車道幅員": 5, "道路線形": 9, "衝突地点": 1, "ゾーン規制": 70, "中央分離帯施設等": 4, "歩車道区分": 2, "事故類型": 1, "年齢（当事者A）": 35, "年齢（当事者B）": 45, "当事者種別（当事者A）": 1, "当事者種別（当事者B）": 61, "用途別（当事者A）": 1, "用途別（当事者B）": 0, "車両形状等（当事者A）": 1, "車両形状等（当事者B）": 0, "オートマチック車（当事者A）": 1, "オートマチック車（当事者B）": 0, "サポカー（当事者A）": 11, "サポカー（当事者B）": 0, "速度規制（指定のみ）（当事者A）": 10, "速度規制（指定のみ）（当事者B）": 0, "車両の衝突部位（当事者A）": 40, "車両の衝突部位（当事者B）": 0, "車両の損壊程度（当事者A）": 3, "車両の損壊程度（当事者B）": 0, "エアバッグの装備（当事者A）": 2, "エアバッグの装備（当事者B）": 0, "サイドエアバッグの装備（当事者A）": 2, "サイドエアバッグの装備（当事者B）": 0, "人身損傷程度（当事者A）": 4, "人身損傷程度（当事者B）": 2, "地点　緯度（北緯）": 34.39366222, "地点　経度（東経）": 132.4644094, "曜日(発生年月日)": 5, "祝日(発生年月日)": 3, "認知機能検査経過日数（当事者A）": 9999, "認知機能検査経過日数（当事者B）": 0, "運転練習の方法（当事者A）": 5, "運転練習の方法（当事者B）": 0, "field_69": null }, "geometry": { "type": "Point", "coordinates": [ 132.4644094, 34.39366222 ] } },
{ "type": "Feature", "properties": { "資料区分": 1, "都道府県コード": 73, "警察署等コード": 103, "本票番号": 266, "事故内容": 2, "死者数": 0, "負傷者数": 1, "路線コード": 37030, "地点コード": 0, "市区町村コード": 103, "発生日時　　年": 2024, "発生日時　　月": 12, "発生日時　　日": 6, "発生日時　　時": 17, "発生日時　　分": 40, "昼夜": 21, "日の出時刻　　時": 7, "日の出時刻　　分": 2, "日の入り時刻　　時": 17, "日の入り時刻　　分": 0, "天候": 1, "地形": 1, "路面状態": 1, "道路形状": 1, "信号機": 7, "一時停止規制　標識（当事者A）": 9, "一時停止規制　表示（当事者A）": 22, "一時停止規制　標識（当事者B）": 0, "一時停止規制　表示（当事者B）": 0, "車道幅員": 15, "道路線形": 9, "衝突地点": 30, "ゾーン規制": 70, "中央分離帯施設等": 4, "歩車道区分": 2, "事故類型": 1, "年齢（当事者A）": 55, "年齢（当事者B）": 65, "当事者種別（当事者A）": 4, "当事者種別（当事者B）": 61, "用途別（当事者A）": 31, "用途別（当事者B）": 0, "車両形状等（当事者A）": 1, "車両形状等（当事者B）": 0, "オートマチック車（当事者A）": 1, "オートマチック車（当事者B）": 0, "サポカー（当事者A）": 11, "サポカー（当事者B）": 0, "速度規制（指定のみ）（当事者A）": 2, "速度規制（指定のみ）（当事者B）": 0, "車両の衝突部位（当事者A）": 80, "車両の衝突部位（当事者B）": 0, "車両の損壊程度（当事者A）": 3, "車両の損壊程度（当事者B）": 0, "エアバッグの装備（当事者A）": 2, "エアバッグの装備（当事者B）": 0, "サイドエアバッグの装備（当事者A）": 2, "サイドエアバッグの装備（当事者B）": 0, "人身損傷程度（当事者A）": 4, "人身損傷程度（当事者B）": 2, "地点　緯度（北緯）": 34.38110694, "地点　経度（東経）": 132.4713058, "曜日(発生年月日)": 6, "祝日(発生年月日)": 3, "認知機能検査経過日数（当事者A）": 9999, "認知機能検査経過日数（当事者B）": 0, "運転練習の方法（当事者A）": 1, "運転練習の方法（当事者B）": 0, "field_69": null }, "geometry": { "type": "Point", "coordinates": [ 132.47130580000001, 34.38110694 ] } },
{ "type": "Feature", "properties": { "資料区分": 1, "都道府県コード": 73, "警察署等コード": 103, "本票番号": 271, "事故内容": 2, "死者数": 0, "負傷者数": 1, "路線コード": 14860, "地点コード": 0, "市区町村コード": 103, "発生日時　　年": 2024, "発生日時　　月": 12, "発生日時　　日": 13, "発生日時　　時": 8, "発生日時　　分": 50, "昼夜": 12, "日の出時刻　　時": 7, "日の出時刻　　分": 8, "日の入り時刻　　時": 17, "日の入り時刻　　分": 1, "天候": 1, "地形": 1, "路面状態": 1, "道路形状": 1, "信号機": 7, "一時停止規制　標識（当事者A）": 1, "一時停止規制　表示（当事者A）": 21, "一時停止規制　標識（当事者B）": 0, "一時停止規制　表示（当事者B）": 0, "車道幅員": 17, "道路線形": 9, "衝突地点": 30, "ゾーン規制": 70, "中央分離帯施設等": 1, "歩車道区分": 2, "事故類型": 1, "年齢（当事者A）": 55, "年齢（当事者B）": 65, "当事者種別（当事者A）": 4, "当事者種別（当事者B）": 61, "用途別（当事者A）": 31, "用途別（当事者B）": 0, "車両形状等（当事者A）": 1, "車両形状等（当事者B）": 0, "オートマチック車（当事者A）": 1, "オートマチック車（当事者B）": 0, "サポカー（当事者A）": 11, "サポカー（当事者B）": 0, "速度規制（指定のみ）（当事者A）": 10, "速度規制（指定のみ）（当事者B）": 0, "車両の衝突部位（当事者A）": 10, "車両の衝突部位（当事者B）": 0, "車両の損壊程度（当事者A）": 3, "車両の損壊程度（当事者B）": 0, "エアバッグの装備（当事者A）": 2, "エアバッグの装備（当事者B）": 0, "サイドエアバッグの装備（当事者A）": 2, "サイドエアバッグの装備（当事者B）": 0, "人身損傷程度（当事者A）": 4, "人身損傷程度（当事者B）": 2, "地点　緯度（北緯）": 34.36358028, "地点　経度（東経）": 132.4804017, "曜日(発生年月日)": 6, "祝日(発生年月日)": 3, "認知機能検査経過日数（当事者A）": 9999, "認知機能検査経過日数（当事者B）": 0, "運転練習の方法（当事者A）": 9, "運転練習の方法（当事者B）": 0, "field_69": null }, "geometry": { "type": "Point", "coordinates": [ 132.480401699999987, 34.36358028 ] } },
{ "type": "Feature", "properties": { "資料区分": 1, "都道府県コード": 73, "警察署等コード": 103, "本票番号": 272, "事故内容": 2, "死者数": 0, "負傷者数": 2, "路線コード": 37030, "地点コード": 0, "市区町村コード": 103, "発生日時　　年": 2024, "発生日時　　月": 12, "発生日時　　日": 4, "発生日時　　時": 17, "発生日時　　分": 35, "昼夜": 21, "日の出時刻　　時": 7, "日の出時刻　　分": 1, "日の入り時刻　　時": 17, "日の入り時刻　　分": 0, "天候": 1, "地形": 1, "路面状態": 1, "道路形状": 7, "信号機": 7, "一時停止規制　標識（当事者A）": 0, "一時停止規制　表示（当事者A）": 0, "一時停止規制　標識（当事者B）": 0, "一時停止規制　表示（当事者B）": 0, "車道幅員": 3, "道路線形": 9, "衝突地点": 1, "ゾーン規制": 70, "中央分離帯施設等": 4, "歩車道区分": 2, "事故類型": 1, "年齢（当事者A）": 1, "年齢（当事者B）": 45, "当事者種別（当事者A）": 51, "当事者種別（当事者B）": 61, "用途別（当事者A）": 41, "用途別（当事者B）": 0, "車両形状等（当事者A）": 0, "車両形状等（当事者B）": 0, "オートマチック車（当事者A）": 0, "オートマチック車（当事者B）": 0, "サポカー（当事者A）": 0, "サポカー（当事者B）": 0, "速度規制（指定のみ）（当事者A）": 0, "速度規制（指定のみ）（当事者B）": 0, "車両の衝突部位（当事者A）": 20, "車両の衝突部位（当事者B）": 0, "車両の損壊程度（当事者A）": 4, "車両の損壊程度（当事者B）": 0, "エアバッグの装備（当事者A）": 0, "エアバッグの装備（当事者B）": 0, "サイドエアバッグの装備（当事者A）": 0, "サイドエアバッグの装備（当事者B）": 0, "人身損傷程度（当事者A）": 4, "人身損傷程度（当事者B）": 2, "地点　緯度（北緯）": 34.38010889, "地点　経度（東経）": 132.4770139, "曜日(発生年月日)": 4, "祝日(発生年月日)": 3, "認知機能検査経過日数（当事者A）": 0, "認知機能検査経過日数（当事者B）": 0, "運転練習の方法（当事者A）": 0, "運転練習の方法（当事者B）": 0, "field_69": null }, "geometry": { "type": "Point", "coordinates": [ 132.4770139, 34.38010889 ] } },
{ "type": "Feature", "properties": { "資料区分": 1, "都道府県コード": 73, "警察署等コード": 103, "本票番号": 277, "事故内容": 2, "死者数": 0, "負傷者数": 1, "路線コード": 20, "地点コード": 3319, "市区町村コード": 103, "発生日時　　年": 2024, "発生日時　　月": 12, "発生日時　　日": 12, "発生日時　　時": 6, "発生日時　　分": 55, "昼夜": 23, "日の出時刻　　時": 7, "日の出時刻　　分": 7, "日の入り時刻　　時": 17, "日の入り時刻　　分": 1, "天候": 1, "地形": 2, "路面状態": 1, "道路形状": 1, "信号機": 7, "一時停止規制　標識（当事者A）": 1, "一時停止規制　表示（当事者A）": 21, "一時停止規制　標識（当事者B）": 0, "一時停止規制　表示（当事者B）": 0, "車道幅員": 17, "道路線形": 6, "衝突地点": 30, "ゾーン規制": 70, "中央分離帯施設等": 1, "歩車道区分": 2, "事故類型": 1, "年齢（当事者A）": 45, "年齢（当事者B）": 35, "当事者種別（当事者A）": 4, "当事者種別（当事者B）": 61, "用途別（当事者A）": 31, "用途別（当事者B）": 0, "車両形状等（当事者A）": 1, "車両形状等（当事者B）": 0, "オートマチック車（当事者A）": 1, "オートマチック車（当事者B）": 0, "サポカー（当事者A）": 11, "サポカー（当事者B）": 0, "速度規制（指定のみ）（当事者A）": 10, "速度規制（指定のみ）（当事者B）": 0, "車両の衝突部位（当事者A）": 80, "車両の衝突部位（当事者B）": 0, "車両の損壊程度（当事者A）": 3, "車両の損壊程度（当事者B）": 0, "エアバッグの装備（当事者A）": 2, "エアバッグの装備（当事者B）": 0, "サイドエアバッグの装備（当事者A）": 2, "サイドエアバッグの装備（当事者B）": 0, "人身損傷程度（当事者A）": 4, "人身損傷程度（当事者B）": 2, "地点　緯度（北緯）": 34.37645417, "地点　経度（東経）": 132.4964906, "曜日(発生年月日)": 5, "祝日(発生年月日)": 3, "認知機能検査経過日数（当事者A）": 9999, "認知機能検査経過日数（当事者B）": 0, "運転練習の方法（当事者A）": 5, "運転練習の方法（当事者B）": 0, "field_69": null }, "geometry": { "type": "Point", "coordinates": [ 132.496490599999987, 34.37645417 ] } },
{ "type": "Feature", "properties": { "資料区分": 1, "都道府県コード": 73, "警察署等コード": 103, "本票番号": 286, "事故内容": 2, "死者数": 0, "負傷者数": 1, "路線コード": 37030, "地点コード": 0, "市区町村コード": 103, "発生日時　　年": 2024, "発生日時　　月": 12, "発生日時　　日": 11, "発生日時　　時": 18, "発生日時　　分": 5, "昼夜": 22, "日の出時刻　　時": 7, "日の出時刻　　分": 6, "日の入り時刻　　時": 17, "日の入り時刻　　分": 1, "天候": 1, "地形": 1, "路面状態": 1, "道路形状": 1, "信号機": 7, "一時停止規制　標識（当事者A）": 9, "一時停止規制　表示（当事者A）": 22, "一時停止規制　標識（当事者B）": 0, "一時停止規制　表示（当事者B）": 0, "車道幅員": 15, "道路線形": 9, "衝突地点": 30, "ゾーン規制": 70, "中央分離帯施設等": 5, "歩車道区分": 2, "事故類型": 1, "年齢（当事者A）": 45, "年齢（当事者B）": 45, "当事者種別（当事者A）": 13, "当事者種別（当事者B）": 61, "用途別（当事者A）": 31, "用途別（当事者B）": 0, "車両形状等（当事者A）": 11, "車両形状等（当事者B）": 0, "オートマチック車（当事者A）": 2, "オートマチック車（当事者B）": 0, "サポカー（当事者A）": 11, "サポカー（当事者B）": 0, "速度規制（指定のみ）（当事者A）": 2, "速度規制（指定のみ）（当事者B）": 0, "車両の衝突部位（当事者A）": 50, "車両の衝突部位（当事者B）": 0, "車両の損壊程度（当事者A）": 3, "車両の損壊程度（当事者B）": 0, "エアバッグの装備（当事者A）": 2, "エアバッグの装備（当事者B）": 0, "サイドエアバッグの装備（当事者A）": 2, "サイドエアバッグの装備（当事者B）": 0, "人身損傷程度（当事者A）": 4, "人身損傷程度（当事者B）": 2, "地点　緯度（北緯）": 34.37713056, "地点　経度（東経）": 132.4644042, "曜日(発生年月日)": 4, "祝日(発生年月日)": 3, "認知機能検査経過日数（当事者A）": 9999, "認知機能検査経過日数（当事者B）": 0, "運転練習の方法（当事者A）": 5, "運転練習の方法（当事者B）": 0, "field_69": null }, "geometry": { "type": "Point", "coordinates": [ 132.4644042, 34.37713056 ] } },
{ "type": "Feature", "properties": { "資料区分": 1, "都道府県コード": 73, "警察署等コード": 103, "本票番号": 288, "事故内容": 2, "死者数": 0, "負傷者数": 3, "路線コード": 38080, "地点コード": 0, "市区町村コード": 103, "発生日時　　年": 2024, "発生日時　　月": 12, "発生日時　　日": 26, "発生日時　　時": 19, "発生日時　　分": 15, "昼夜": 22, "日の出時刻　　時": 7, "日の出時刻　　分": 15, "日の入り時刻　　時": 17, "日の入り時刻　　分": 7, "天候": 1, "地形": 1, "路面状態": 1, "道路形状": 13, "信号機": 7, "一時停止規制　標識（当事者A）": 0, "一時停止規制　表示（当事者A）": 0, "一時停止規制　標識（当事者B）": 0, "一時停止規制　表示（当事者B）": 0, "車道幅員": 5, "道路線形": 6, "衝突地点": 1, "ゾーン規制": 70, "中央分離帯施設等": 1, "歩車道区分": 2, "事故類型": 1, "年齢（当事者A）": 45, "年齢（当事者B）": 75, "当事者種別（当事者A）": 35, "当事者種別（当事者B）": 61, "用途別（当事者A）": 31, "用途別（当事者B）": 0, "車両形状等（当事者A）": 0, "車両形状等（当事者B）": 0, "オートマチック車（当事者A）": 0, "オートマチック車（当事者B）": 0, "サポカー（当事者A）": 11, "サポカー（当事者B）": 0, "速度規制（指定のみ）（当事者A）": 10, "速度規制（指定のみ）（当事者B）": 0, "車両の衝突部位（当事者A）": 10, "車両の衝突部位（当事者B）": 0, "車両の損壊程度（当事者A）": 1, "車両の損壊程度（当事者B）": 0, "エアバッグの装備（当事者A）": 0, "エアバッグの装備（当事者B）": 0, "サイドエアバッグの装備（当事者A）": 0, "サイドエアバッグの装備（当事者B）": 0, "人身損傷程度（当事者A）": 2, "人身損傷程度（当事者B）": 2, "地点　緯度（北緯）": 34.35711972, "地点　経度（東経）": 132.4574647, "曜日(発生年月日)": 5, "祝日(発生年月日)": 3, "認知機能検査経過日数（当事者A）": 9999, "認知機能検査経過日数（当事者B）": 0, "運転練習の方法（当事者A）": 9, "運転練習の方法（当事者B）": 0, "field_69": null }, "geometry": { "type": "Point", "coordinates": [ 132.4574647, 34.35711972 ] } },
{ "type": "Feature", "properties": { "資料区分": 1, "都道府県コード": 73, "警察署等コード": 104, "本票番号": 175, "事故内容": 2, "死者数": 0, "負傷者数": 1, "路線コード": 4870, "地点コード": 0, "市区町村コード": 202, "発生日時　　年": 2024, "発生日時　　月": 12, "発生日時　　日": 17, "発生日時　　時": 19, "発生日時　　分": 26, "昼夜": 22, "日の出時刻　　時": 7, "日の出時刻　　分": 10, "日の入り時刻　　時": 17, "日の入り時刻　　分": 2, "天候": 1, "地形": 1, "路面状態": 1, "道路形状": 7, "信号機": 1, "一時停止規制　標識（当事者A）": 0, "一時停止規制　表示（当事者A）": 0, "一時停止規制　標識（当事者B）": 0, "一時停止規制　表示（当事者B）": 0, "車道幅員": 3, "道路線形": 6, "衝突地点": 1, "ゾーン規制": 70, "中央分離帯施設等": 4, "歩車道区分": 2, "事故類型": 1, "年齢（当事者A）": 45, "年齢（当事者B）": 75, "当事者種別（当事者A）": 4, "当事者種別（当事者B）": 61, "用途別（当事者A）": 31, "用途別（当事者B）": 0, "車両形状等（当事者A）": 1, "車両形状等（当事者B）": 0, "オートマチック車（当事者A）": 1, "オートマチック車（当事者B）": 0, "サポカー（当事者A）": 11, "サポカー（当事者B）": 0, "速度規制（指定のみ）（当事者A）": 3, "速度規制（指定のみ）（当事者B）": 0, "車両の衝突部位（当事者A）": 10, "車両の衝突部位（当事者B）": 0, "車両の損壊程度（当事者A）": 3, "車両の損壊程度（当事者B）": 0, "エアバッグの装備（当事者A）": 2, "エアバッグの装備（当事者B）": 0, "サイドエアバッグの装備（当事者A）": 2, "サイドエアバッグの装備（当事者B）": 0, "人身損傷程度（当事者A）": 4, "人身損傷程度（当事者B）": 2, "地点　緯度（北緯）": 34.19247722, "地点　経度（東経）": 132.5335969, "曜日(発生年月日)": 3, "祝日(発生年月日)": 3, "認知機能検査経過日数（当事者A）": 9999, "認知機能検査経過日数（当事者B）": 0, "運転練習の方法（当事者A）": 1, "運転練習の方法（当事者B）": 0, "field_69": null }, "geometry": { "type": "Point", "coordinates": [ 132.5335969, 34.19247722 ] } },
{ "type": "Feature", "properties": { "資料区分": 1, "都道府県コード": 73, "警察署等コード": 104, "本票番号": 178, "事故内容": 2, "死者数": 0, "負傷者数": 1, "路線コード": 37040, "地点コード": 0, "市区町村コード": 202, "発生日時　　年": 2024, "発生日時　　月": 12, "発生日時　　日": 7, "発生日時　　時": 0, "発生日時　　分": 32, "昼夜": 22, "日の出時刻　　時": 7, "日の出時刻　　分": 3, "日の入り時刻　　時": 17, "日の入り時刻　　分": 0, "天候": 1, "地形": 2, "路面状態": 1, "道路形状": 1, "信号機": 1, "一時停止規制　標識（当事者A）": 9, "一時停止規制　表示（当事者A）": 22, "一時停止規制　標識（当事者B）": 0, "一時停止規制　表示（当事者B）": 0, "車道幅員": 18, "道路線形": 7, "衝突地点": 30, "ゾーン規制": 70, "中央分離帯施設等": 4, "歩車道区分": 2, "事故類型": 1, "年齢（当事者A）": 45, "年齢（当事者B）": 55, "当事者種別（当事者A）": 4, "当事者種別（当事者B）": 61, "用途別（当事者A）": 31, "用途別（当事者B）": 0, "車両形状等（当事者A）": 1, "車両形状等（当事者B）": 0, "オートマチック車（当事者A）": 1, "オートマチック車（当事者B）": 0, "サポカー（当事者A）": 11, "サポカー（当事者B）": 0, "速度規制（指定のみ）（当事者A）": 3, "速度規制（指定のみ）（当事者B）": 0, "車両の衝突部位（当事者A）": 10, "車両の衝突部位（当事者B）": 0, "車両の損壊程度（当事者A）": 3, "車両の損壊程度（当事者B）": 0, "エアバッグの装備（当事者A）": 2, "エアバッグの装備（当事者B）": 0, "サイドエアバッグの装備（当事者A）": 2, "サイドエアバッグの装備（当事者B）": 0, "人身損傷程度（当事者A）": 4, "人身損傷程度（当事者B）": 2, "地点　緯度（北緯）": 34.25381722, "地点　経度（東経）": 132.5755658, "曜日(発生年月日)": 7, "祝日(発生年月日)": 3, "認知機能検査経過日数（当事者A）": 9999, "認知機能検査経過日数（当事者B）": 0, "運転練習の方法（当事者A）": 9, "運転練習の方法（当事者B）": 0, "field_69": null }, "geometry": { "type": "Point", "coordinates": [ 132.5755658, 34.25381722 ] } },
{ "type": "Feature", "properties": { "資料区分": 1, "都道府県コード": 73, "警察署等コード": 107, "本票番号": 147, "事故内容": 2, "死者数": 0, "負傷者数": 1, "路線コード": 37070, "地点コード": 0, "市区町村コード": 304, "発生日時　　年": 2024, "発生日時　　月": 10, "発生日時　　日": 31, "発生日時　　時": 17, "発生日時　　分": 30, "昼夜": 21, "日の出時刻　　時": 6, "日の出時刻　　分": 29, "日の入り時刻　　時": 17, "日の入り時刻　　分": 18, "天候": 2, "地形": 1, "路面状態": 1, "道路形状": 13, "信号機": 7, "一時停止規制　標識（当事者A）": 0, "一時停止規制　表示（当事者A）": 0, "一時停止規制　標識（当事者B）": 0, "一時停止規制　表示（当事者B）": 0, "車道幅員": 3, "道路線形": 2, "衝突地点": 1, "ゾーン規制": 70, "中央分離帯施設等": 5, "歩車道区分": 4, "事故類型": 1, "年齢（当事者A）": 55, "年齢（当事者B）": 0, "当事者種別（当事者A）": 61, "当事者種別（当事者B）": 0, "用途別（当事者A）": 0, "用途別（当事者B）": 0, "車両形状等（当事者A）": 0, "車両形状等（当事者B）": 0, "オートマチック車（当事者A）": 0, "オートマチック車（当事者B）": 0, "サポカー（当事者A）": 0, "サポカー（当事者B）": 0, "速度規制（指定のみ）（当事者A）": 0, "速度規制（指定のみ）（当事者B）": 0, "車両の衝突部位（当事者A）": 0, "車両の衝突部位（当事者B）": 0, "車両の損壊程度（当事者A）": 0, "車両の損壊程度（当事者B）": 0, "エアバッグの装備（当事者A）": 0, "エアバッグの装備（当事者B）": 0, "サイドエアバッグの装備（当事者A）": 0, "サイドエアバッグの装備（当事者B）": 0, "人身損傷程度（当事者A）": 2, "人身損傷程度（当事者B）": 0, "地点　緯度（北緯）": 34.37361972, "地点　経度（東経）": 132.5529342, "曜日(発生年月日)": 5, "祝日(発生年月日)": 3, "認知機能検査経過日数（当事者A）": 0, "認知機能検査経過日数（当事者B）": 0, "運転練習の方法（当事者A）": 0, "運転練習の方法（当事者B）": 0, "field_69": null }, "geometry": { "type": "Point", "coordinates": [ 132.55293420000001, 34.37361972 ] } },
{ "type": "Feature", "properties": { "資料区分": 1, "都道府県コード": 73, "警察署等コード": 107, "本票番号": 150, "事故内容": 2, "死者数": 0, "負傷者数": 2, "路線コード": 99000, "地点コード": 0, "市区町村コード": 107, "発生日時　　年": 2024, "発生日時　　月": 12, "発生日時　　日": 7, "発生日時　　時": 8, "発生日時　　分": 0, "昼夜": 11, "日の出時刻　　時": 7, "日の出時刻　　分": 3, "日の入り時刻　　時": 17, "日の入り時刻　　分": 0, "天候": 1, "地形": 1, "路面状態": 5, "道路形状": 0, "信号機": 7, "一時停止規制　標識（当事者A）": 0, "一時停止規制　表示（当事者A）": 0, "一時停止規制　標識（当事者B）": 0, "一時停止規制　表示（当事者B）": 0, "車道幅員": 0, "道路線形": 0, "衝突地点": 20, "ゾーン規制": 70, "中央分離帯施設等": 0, "歩車道区分": 4, "事故類型": 1, "年齢（当事者A）": 45, "年齢（当事者B）": 65, "当事者種別（当事者A）": 35, "当事者種別（当事者B）": 61, "用途別（当事者A）": 31, "用途別（当事者B）": 0, "車両形状等（当事者A）": 0, "車両形状等（当事者B）": 0, "オートマチック車（当事者A）": 0, "オートマチック車（当事者B）": 0, "サポカー（当事者A）": 11, "サポカー（当事者B）": 0, "速度規制（指定のみ）（当事者A）": 10, "速度規制（指定のみ）（当事者B）": 0, "車両の衝突部位（当事者A）": 20, "車両の衝突部位（当事者B）": 0, "車両の損壊程度（当事者A）": 3, "車両の損壊程度（当事者B）": 0, "エアバッグの装備（当事者A）": 0, "エアバッグの装備（当事者B）": 0, "サイドエアバッグの装備（当事者A）": 0, "サイドエアバッグの装備（当事者B）": 0, "人身損傷程度（当事者A）": 4, "人身損傷程度（当事者B）": 2, "地点　緯度（北緯）": 34.36348333, "地点　経度（東経）": 132.5319758, "曜日(発生年月日)": 7, "祝日(発生年月日)": 3, "認知機能検査経過日数（当事者A）": 9999, "認知機能検査経過日数（当事者B）": 0, "運転練習の方法（当事者A）": 9, "運転練習の方法（当事者B）": 0, "field_69": null }, "geometry": { "type": "Point", "coordinates": [ 132.5319758, 34.36348333 ] } },
{ "type": "Feature", "properties": { "資料区分": 1, "都道府県コード": 73, "警察署等コード": 108, "本票番号": 110, "事故内容": 2, "死者数": 0, "負傷者数": 1, "路線コード": 37080, "地点コード": 0, "市区町村コード": 213, "発生日時　　年": 2024, "発生日時　　月": 11, "発生日時　　日": 11, "発生日時　　時": 18, "発生日時　　分": 7, "昼夜": 21, "日の出時刻　　時": 6, "日の出時刻　　分": 39, "日の入り時刻　　時": 17, "日の入り時刻　　分": 9, "天候": 1, "地形": 1, "路面状態": 1, "道路形状": 7, "信号機": 7, "一時停止規制　標識（当事者A）": 0, "一時停止規制　表示（当事者A）": 0, "一時停止規制　標識（当事者B）": 0, "一時停止規制　表示（当事者B）": 0, "車道幅員": 4, "道路線形": 9, "衝突地点": 1, "ゾーン規制": 70, "中央分離帯施設等": 4, "歩車道区分": 2, "事故類型": 1, "年齢（当事者A）": 65, "年齢（当事者B）": 55, "当事者種別（当事者A）": 3, "当事者種別（当事者B）": 61, "用途別（当事者A）": 31, "用途別（当事者B）": 0, "車両形状等（当事者A）": 1, "車両形状等（当事者B）": 0, "オートマチック車（当事者A）": 1, "オートマチック車（当事者B）": 0, "サポカー（当事者A）": 11, "サポカー（当事者B）": 0, "速度規制（指定のみ）（当事者A）": 3, "速度規制（指定のみ）（当事者B）": 0, "車両の衝突部位（当事者A）": 10, "車両の衝突部位（当事者B）": 0, "車両の損壊程度（当事者A）": 3, "車両の損壊程度（当事者B）": 0, "エアバッグの装備（当事者A）": 2, "エアバッグの装備（当事者B）": 0, "サイドエアバッグの装備（当事者A）": 2, "サイドエアバッグの装備（当事者B）": 0, "人身損傷程度（当事者A）": 4, "人身損傷程度（当事者B）": 2, "地点　緯度（北緯）": 34.35563583, "地点　経度（東経）": 132.3076319, "曜日(発生年月日)": 2, "祝日(発生年月日)": 3, "認知機能検査経過日数（当事者A）": 9999, "認知機能検査経過日数（当事者B）": 0, "運転練習の方法（当事者A）": 9, "運転練習の方法（当事者B）": 0, "field_69": null }, "geometry": { "type": "Point", "coordinates": [ 132.3076319, 34.35563583 ] } },
{ "type": "Feature", "properties": { "資料区分": 1, "都道府県コード": 73, "警察署等コード": 108, "本票番号": 113, "事故内容": 2, "死者数": 0, "負傷者数": 1, "路線コード": 37080, "地点コード": 0, "市区町村コード": 213, "発生日時　　年": 2024, "発生日時　　月": 12, "発生日時　　日": 8, "発生日時　　時": 8, "発生日時　　分": 45, "昼夜": 12, "日の出時刻　　時": 7, "日の出時刻　　分": 4, "日の入り時刻　　時": 17, "日の入り時刻　　分": 0, "天候": 1, "地形": 3, "路面状態": 1, "道路形状": 7, "信号機": 7, "一時停止規制　標識（当事者A）": 0, "一時停止規制　表示（当事者A）": 0, "一時停止規制　標識（当事者B）": 0, "一時停止規制　表示（当事者B）": 0, "車道幅員": 4, "道路線形": 5, "衝突地点": 1, "ゾーン規制": 70, "中央分離帯施設等": 4, "歩車道区分": 2, "事故類型": 1, "年齢（当事者A）": 65, "年齢（当事者B）": 75, "当事者種別（当事者A）": 4, "当事者種別（当事者B）": 61, "用途別（当事者A）": 31, "用途別（当事者B）": 0, "車両形状等（当事者A）": 1, "車両形状等（当事者B）": 0, "オートマチック車（当事者A）": 1, "オートマチック車（当事者B）": 0, "サポカー（当事者A）": 11, "サポカー（当事者B）": 0, "速度規制（指定のみ）（当事者A）": 3, "速度規制（指定のみ）（当事者B）": 0, "車両の衝突部位（当事者A）": 10, "車両の衝突部位（当事者B）": 0, "車両の損壊程度（当事者A）": 3, "車両の損壊程度（当事者B）": 0, "エアバッグの装備（当事者A）": 2, "エアバッグの装備（当事者B）": 0, "サイドエアバッグの装備（当事者A）": 2, "サイドエアバッグの装備（当事者B）": 0, "人身損傷程度（当事者A）": 4, "人身損傷程度（当事者B）": 2, "地点　緯度（北緯）": 34.32268694, "地点　経度（東経）": 132.3063294, "曜日(発生年月日)": 1, "祝日(発生年月日)": 3, "認知機能検査経過日数（当事者A）": 9999, "認知機能検査経過日数（当事者B）": 0, "運転練習の方法（当事者A）": 9, "運転練習の方法（当事者B）": 0, "field_69": null }, "geometry": { "type": "Point", "coordinates": [ 132.30632940000001, 34.32268694 ] } },
{ "type": "Feature", "properties": { "資料区分": 1, "都道府県コード": 73, "警察署等コード": 108, "本票番号": 119, "事故内容": 2, "死者数": 0, "負傷者数": 1, "路線コード": 20, "地点コード": 3602, "市区町村コード": 213, "発生日時　　年": 2024, "発生日時　　月": 12, "発生日時　　日": 10, "発生日時　　時": 19, "発生日時　　分": 0, "昼夜": 22, "日の出時刻　　時": 7, "日の出時刻　　分": 5, "日の入り時刻　　時": 17, "日の入り時刻　　分": 0, "天候": 1, "地形": 3, "路面状態": 1, "道路形状": 1, "信号機": 1, "一時停止規制　標識（当事者A）": 9, "一時停止規制　表示（当事者A）": 22, "一時停止規制　標識（当事者B）": 0, "一時停止規制　表示（当事者B）": 0, "車道幅員": 15, "道路線形": 9, "衝突地点": 30, "ゾーン規制": 70, "中央分離帯施設等": 5, "歩車道区分": 2, "事故類型": 1, "年齢（当事者A）": 65, "年齢（当事者B）": 1, "当事者種別（当事者A）": 52, "当事者種別（当事者B）": 61, "用途別（当事者A）": 41, "用途別（当事者B）": 0, "車両形状等（当事者A）": 0, "車両形状等（当事者B）": 0, "オートマチック車（当事者A）": 0, "オートマチック車（当事者B）": 0, "サポカー（当事者A）": 0, "サポカー（当事者B）": 0, "速度規制（指定のみ）（当事者A）": 0, "速度規制（指定のみ）（当事者B）": 0, "車両の衝突部位（当事者A）": 20, "車両の衝突部位（当事者B）": 0, "車両の損壊程度（当事者A）": 3, "車両の損壊程度（当事者B）": 0, "エアバッグの装備（当事者A）": 0, "エアバッグの装備（当事者B）": 0, "サイドエアバッグの装備（当事者A）": 0, "サイドエアバッグの装備（当事者B）": 0, "人身損傷程度（当事者A）": 4, "人身損傷程度（当事者B）": 2, "地点　緯度（北緯）": 34.28690917, "地点　経度（東経）": 132.2731711, "曜日(発生年月日)": 3, "祝日(発生年月日)": 3, "認知機能検査経過日数（当事者A）": 0, "認知機能検査経過日数（当事者B）": 0, "運転練習の方法（当事者A）": 0, "運転練習の方法（当事者B）": 0, "field_69": null }, "geometry": { "type": "Point", "coordinates": [ 132.273171100000013, 34.28690917 ] } },
{ "type": "Feature", "properties": { "資料区分": 1, "都道府県コード": 73, "警察署等コード": 108, "本票番号": 121, "事故内容": 2, "死者数": 0, "負傷者数": 1, "路線コード": 22470, "地点コード": 0, "市区町村コード": 213, "発生日時　　年": 2024, "発生日時　　月": 12, "発生日時　　日": 9, "発生日時　　時": 15, "発生日時　　分": 16, "昼夜": 12, "日の出時刻　　時": 7, "日の出時刻　　分": 5, "日の入り時刻　　時": 17, "日の入り時刻　　分": 0, "天候": 1, "地形": 2, "路面状態": 1, "道路形状": 1, "信号機": 1, "一時停止規制　標識（当事者A）": 9, "一時停止規制　表示（当事者A）": 22, "一時停止規制　標識（当事者B）": 0, "一時停止規制　表示（当事者B）": 0, "車道幅員": 19, "道路線形": 6, "衝突地点": 30, "ゾーン規制": 70, "中央分離帯施設等": 5, "歩車道区分": 2, "事故類型": 1, "年齢（当事者A）": 75, "年齢（当事者B）": 75, "当事者種別（当事者A）": 4, "当事者種別（当事者B）": 61, "用途別（当事者A）": 31, "用途別（当事者B）": 0, "車両形状等（当事者A）": 1, "車両形状等（当事者B）": 0, "オートマチック車（当事者A）": 1, "オートマチック車（当事者B）": 0, "サポカー（当事者A）": 11, "サポカー（当事者B）": 0, "速度規制（指定のみ）（当事者A）": 4, "速度規制（指定のみ）（当事者B）": 0, "車両の衝突部位（当事者A）": 40, "車両の衝突部位（当事者B）": 0, "車両の損壊程度（当事者A）": 3, "車両の損壊程度（当事者B）": 0, "エアバッグの装備（当事者A）": 2, "エアバッグの装備（当事者B）": 0, "サイドエアバッグの装備（当事者A）": 2, "サイドエアバッグの装備（当事者B）": 0, "人身損傷程度（当事者A）": 4, "人身損傷程度（当事者B）": 2, "地点　緯度（北緯）": 34.35264944, "地点　経度（東経）": 132.3246497, "曜日(発生年月日)": 2, "祝日(発生年月日)": 3, "認知機能検査経過日数（当事者A）": 704, "認知機能検査経過日数（当事者B）": 0, "運転練習の方法（当事者A）": 9, "運転練習の方法（当事者B）": 0, "field_69": null }, "geometry": { "type": "Point", "coordinates": [ 132.3246497, 34.35264944 ] } },
{ "type": "Feature", "properties": { "資料区分": 1, "都道府県コード": 73, "警察署等コード": 109, "本票番号": 25, "事故内容": 2, "死者数": 0, "負傷者数": 2, "路線コード": 99000, "地点コード": 0, "市区町村コード": 211, "発生日時　　年": 2024, "発生日時　　月": 10, "発生日時　　日": 10, "発生日時　　時": 10, "発生日時　　分": 52, "昼夜": 12, "日の出時刻　　時": 6, "日の出時刻　　分": 11, "日の入り時刻　　時": 17, "日の入り時刻　　分": 43, "天候": 1, "地形": 1, "路面状態": 1, "道路形状": 0, "信号機": 7, "一時停止規制　標識（当事者A）": 0, "一時停止規制　表示（当事者A）": 0, "一時停止規制　標識（当事者B）": 0, "一時停止規制　表示（当事者B）": 0, "車道幅員": 0, "道路線形": 0, "衝突地点": 20, "ゾーン規制": 70, "中央分離帯施設等": 0, "歩車道区分": 4, "事故類型": 1, "年齢（当事者A）": 75, "年齢（当事者B）": 75, "当事者種別（当事者A）": 4, "当事者種別（当事者B）": 61, "用途別（当事者A）": 31, "用途別（当事者B）": 0, "車両形状等（当事者A）": 1, "車両形状等（当事者B）": 0, "オートマチック車（当事者A）": 2, "オートマチック車（当事者B）": 0, "サポカー（当事者A）": 11, "サポカー（当事者B）": 0, "速度規制（指定のみ）（当事者A）": 10, "速度規制（指定のみ）（当事者B）": 0, "車両の衝突部位（当事者A）": 10, "車両の衝突部位（当事者B）": 0, "車両の損壊程度（当事者A）": 1, "車両の損壊程度（当事者B）": 0, "エアバッグの装備（当事者A）": 1, "エアバッグの装備（当事者B）": 0, "サイドエアバッグの装備（当事者A）": 2, "サイドエアバッグの装備（当事者B）": 0, "人身損傷程度（当事者A）": 2, "人身損傷程度（当事者B）": 2, "地点　緯度（北緯）": 34.24118806, "地点　経度（東経）": 132.2227142, "曜日(発生年月日)": 5, "祝日(発生年月日)": 3, "認知機能検査経過日数（当事者A）": 1093, "認知機能検査経過日数（当事者B）": 0, "運転練習の方法（当事者A）": 9, "運転練習の方法（当事者B）": 0, "field_69": null }, "geometry": { "type": "Point", "coordinates": [ 132.222714200000013, 34.24118806 ] } },
{ "type": "Feature", "properties": { "資料区分": 1, "都道府県コード": 73, "警察署等コード": 109, "本票番号": 28, "事故内容": 2, "死者数": 0, "負傷者数": 1, "路線コード": 20, "地点コード": 3656, "市区町村コード": 211, "発生日時　　年": 2024, "発生日時　　月": 12, "発生日時　　日": 16, "発生日時　　時": 9, "発生日時　　分": 1, "昼夜": 12, "日の出時刻　　時": 7, "日の出時刻　　分": 10, "日の入り時刻　　時": 17, "日の入り時刻　　分": 2, "天候": 1, "地形": 3, "路面状態": 1, "道路形状": 1, "信号機": 1, "一時停止規制　標識（当事者A）": 9, "一時停止規制　表示（当事者A）": 22, "一時停止規制　標識（当事者B）": 0, "一時停止規制　表示（当事者B）": 0, "車道幅員": 14, "道路線形": 9, "衝突地点": 30, "ゾーン規制": 70, "中央分離帯施設等": 4, "歩車道区分": 2, "事故類型": 1, "年齢（当事者A）": 75, "年齢（当事者B）": 75, "当事者種別（当事者A）": 3, "当事者種別（当事者B）": 61, "用途別（当事者A）": 31, "用途別（当事者B）": 0, "車両形状等（当事者A）": 1, "車両形状等（当事者B）": 0, "オートマチック車（当事者A）": 1, "オートマチック車（当事者B）": 0, "サポカー（当事者A）": 11, "サポカー（当事者B）": 0, "速度規制（指定のみ）（当事者A）": 4, "速度規制（指定のみ）（当事者B）": 0, "車両の衝突部位（当事者A）": 10, "車両の衝突部位（当事者B）": 0, "車両の損壊程度（当事者A）": 3, "車両の損壊程度（当事者B）": 0, "エアバッグの装備（当事者A）": 2, "エアバッグの装備（当事者B）": 0, "サイドエアバッグの装備（当事者A）": 2, "サイドエアバッグの装備（当事者B）": 0, "人身損傷程度（当事者A）": 4, "人身損傷程度（当事者B）": 2, "地点　緯度（北緯）": 34.25535806, "地点　経度（東経）": 132.2300775, "曜日(発生年月日)": 2, "祝日(発生年月日)": 3, "認知機能検査経過日数（当事者A）": 217, "認知機能検査経過日数（当事者B）": 0, "運転練習の方法（当事者A）": 9, "運転練習の方法（当事者B）": 0, "field_69": null }, "geometry": { "type": "Point", "coordinates": [ 132.2300775, 34.25535806 ] } },
{ "type": "Feature", "properties": { "資料区分": 1, "都道府県コード": 73, "警察署等コード": 111, "本票番号": 120, "事故内容": 2, "死者数": 0, "負傷者数": 1, "路線コード": 37110, "地点コード": 0, "市区町村コード": 202, "発生日時　　年": 2024, "発生日時　　月": 11, "発生日時　　日": 22, "発生日時　　時": 15, "発生日時　　分": 15, "昼夜": 12, "日の出時刻　　時": 6, "日の出時刻　　分": 50, "日の入り時刻　　時": 17, "日の入り時刻　　分": 3, "天候": 1, "地形": 1, "路面状態": 1, "道路形状": 1, "信号機": 7, "一時停止規制　標識（当事者A）": 9, "一時停止規制　表示（当事者A）": 22, "一時停止規制　標識（当事者B）": 0, "一時停止規制　表示（当事者B）": 0, "車道幅員": 14, "道路線形": 9, "衝突地点": 30, "ゾーン規制": 70, "中央分離帯施設等": 4, "歩車道区分": 2, "事故類型": 1, "年齢（当事者A）": 75, "年齢（当事者B）": 1, "当事者種別（当事者A）": 3, "当事者種別（当事者B）": 61, "用途別（当事者A）": 31, "用途別（当事者B）": 0, "車両形状等（当事者A）": 1, "車両形状等（当事者B）": 0, "オートマチック車（当事者A）": 1, "オートマチック車（当事者B）": 0, "サポカー（当事者A）": 11, "サポカー（当事者B）": 0, "速度規制（指定のみ）（当事者A）": 3, "速度規制（指定のみ）（当事者B）": 0, "車両の衝突部位（当事者A）": 10, "車両の衝突部位（当事者B）": 0, "車両の損壊程度（当事者A）": 3, "車両の損壊程度（当事者B）": 0, "エアバッグの装備（当事者A）": 2, "エアバッグの装備（当事者B）": 0, "サイドエアバッグの装備（当事者A）": 2, "サイドエアバッグの装備（当事者B）": 0, "人身損傷程度（当事者A）": 4, "人身損傷程度（当事者B）": 2, "地点　緯度（北緯）": 34.23387528, "地点　経度（東経）": 132.6245183, "曜日(発生年月日)": 6, "祝日(発生年月日)": 2, "認知機能検査経過日数（当事者A）": 945, "認知機能検査経過日数（当事者B）": 0, "運転練習の方法（当事者A）": 9, "運転練習の方法（当事者B）": 0, "field_69": null }, "geometry": { "type": "Point", "coordinates": [ 132.6245183, 34.23387528 ] } },
{ "type": "Feature", "properties": { "資料区分": 1, "都道府県コード": 73, "警察署等コード": 111, "本票番号": 124, "事故内容": 2, "死者数": 0, "負傷者数": 1, "路線コード": 1850, "地点コード": 162, "市区町村コード": 202, "発生日時　　年": 2024, "発生日時　　月": 11, "発生日時　　日": 29, "発生日時　　時": 9, "発生日時　　分": 50, "昼夜": 12, "日の出時刻　　時": 6, "日の出時刻　　分": 56, "日の入り時刻　　時": 17, "日の入り時刻　　分": 0, "天候": 1, "地形": 3, "路面状態": 1, "道路形状": 1, "信号機": 1, "一時停止規制　標識（当事者A）": 9, "一時停止規制　表示（当事者A）": 22, "一時停止規制　標識（当事者B）": 0, "一時停止規制　表示（当事者B）": 0, "車道幅員": 15, "道路線形": 9, "衝突地点": 30, "ゾーン規制": 70, "中央分離帯施設等": 4, "歩車道区分": 2, "事故類型": 1, "年齢（当事者A）": 65, "年齢（当事者B）": 75, "当事者種別（当事者A）": 4, "当事者種別（当事者B）": 61, "用途別（当事者A）": 31, "用途別（当事者B）": 0, "車両形状等（当事者A）": 1, "車両形状等（当事者B）": 0, "オートマチック車（当事者A）": 1, "オートマチック車（当事者B）": 0, "サポカー（当事者A）": 11, "サポカー（当事者B）": 0, "速度規制（指定のみ）（当事者A）": 3, "速度規制（指定のみ）（当事者B）": 0, "車両の衝突部位（当事者A）": 50, "車両の衝突部位（当事者B）": 0, "車両の損壊程度（当事者A）": 4, "車両の損壊程度（当事者B）": 0, "エアバッグの装備（当事者A）": 2, "エアバッグの装備（当事者B）": 0, "サイドエアバッグの装備（当事者A）": 2, "サイドエアバッグの装備（当事者B）": 0, "人身損傷程度（当事者A）": 4, "人身損傷程度（当事者B）": 2, "地点　緯度（北緯）": 34.23515417, "地点　経度（東経）": 132.6957217, "曜日(発生年月日)": 6, "祝日(発生年月日)": 3, "認知機能検査経過日数（当事者A）": 9999, "認知機能検査経過日数（当事者B）": 0, "運転練習の方法（当事者A）": 9, "運転練習の方法（当事者B）": 0, "field_69": null }, "geometry": { "type": "Point", "coordinates": [ 132.6957217, 34.23515417 ] } },
{ "type": "Feature", "properties": { "資料区分": 1, "都道府県コード": 73, "警察署等コード": 111, "本票番号": 125, "事故内容": 2, "死者数": 0, "負傷者数": 1, "路線コード": 37110, "地点コード": 0, "市区町村コード": 202, "発生日時　　年": 2024, "発生日時　　月": 12, "発生日時　　日": 9, "発生日時　　時": 10, "発生日時　　分": 15, "昼夜": 12, "日の出時刻　　時": 7, "日の出時刻　　分": 5, "日の入り時刻　　時": 17, "日の入り時刻　　分": 0, "天候": 1, "地形": 1, "路面状態": 1, "道路形状": 1, "信号機": 1, "一時停止規制　標識（当事者A）": 9, "一時停止規制　表示（当事者A）": 22, "一時停止規制　標識（当事者B）": 0, "一時停止規制　表示（当事者B）": 0, "車道幅員": 18, "道路線形": 9, "衝突地点": 30, "ゾーン規制": 70, "中央分離帯施設等": 1, "歩車道区分": 2, "事故類型": 1, "年齢（当事者A）": 55, "年齢（当事者B）": 45, "当事者種別（当事者A）": 3, "当事者種別（当事者B）": 61, "用途別（当事者A）": 31, "用途別（当事者B）": 0, "車両形状等（当事者A）": 1, "車両形状等（当事者B）": 0, "オートマチック車（当事者A）": 1, "オートマチック車（当事者B）": 0, "サポカー（当事者A）": 11, "サポカー（当事者B）": 0, "速度規制（指定のみ）（当事者A）": 3, "速度規制（指定のみ）（当事者B）": 0, "車両の衝突部位（当事者A）": 10, "車両の衝突部位（当事者B）": 0, "車両の損壊程度（当事者A）": 3, "車両の損壊程度（当事者B）": 0, "エアバッグの装備（当事者A）": 2, "エアバッグの装備（当事者B）": 0, "サイドエアバッグの装備（当事者A）": 2, "サイドエアバッグの装備（当事者B）": 0, "人身損傷程度（当事者A）": 4, "人身損傷程度（当事者B）": 2, "地点　緯度（北緯）": 34.23049833, "地点　経度（東経）": 132.6149761, "曜日(発生年月日)": 2, "祝日(発生年月日)": 3, "認知機能検査経過日数（当事者A）": 9999, "認知機能検査経過日数（当事者B）": 0, "運転練習の方法（当事者A）": 9, "運転練習の方法（当事者B）": 0, "field_69": null }, "geometry": { "type": "Point", "coordinates": [ 132.6149761, 34.23049833 ] } },
{ "type": "Feature", "properties": { "資料区分": 1, "都道府県コード": 73, "警察署等コード": 111, "本票番号": 126, "事故内容": 2, "死者数": 0, "負傷者数": 1, "路線コード": 37110, "地点コード": 0, "市区町村コード": 202, "発生日時　　年": 2024, "発生日時　　月": 12, "発生日時　　日": 11, "発生日時　　時": 18, "発生日時　　分": 10, "昼夜": 22, "日の出時刻　　時": 7, "日の出時刻　　分": 6, "日の入り時刻　　時": 17, "日の入り時刻　　分": 1, "天候": 1, "地形": 2, "路面状態": 1, "道路形状": 14, "信号機": 7, "一時停止規制　標識（当事者A）": 0, "一時停止規制　表示（当事者A）": 0, "一時停止規制　標識（当事者B）": 0, "一時停止規制　表示（当事者B）": 0, "車道幅員": 3, "道路線形": 9, "衝突地点": 1, "ゾーン規制": 70, "中央分離帯施設等": 4, "歩車道区分": 2, "事故類型": 1, "年齢（当事者A）": 45, "年齢（当事者B）": 25, "当事者種別（当事者A）": 3, "当事者種別（当事者B）": 61, "用途別（当事者A）": 31, "用途別（当事者B）": 0, "車両形状等（当事者A）": 1, "車両形状等（当事者B）": 0, "オートマチック車（当事者A）": 1, "オートマチック車（当事者B）": 0, "サポカー（当事者A）": 11, "サポカー（当事者B）": 0, "速度規制（指定のみ）（当事者A）": 3, "速度規制（指定のみ）（当事者B）": 0, "車両の衝突部位（当事者A）": 80, "車両の衝突部位（当事者B）": 0, "車両の損壊程度（当事者A）": 3, "車両の損壊程度（当事者B）": 0, "エアバッグの装備（当事者A）": 2, "エアバッグの装備（当事者B）": 0, "サイドエアバッグの装備（当事者A）": 2, "サイドエアバッグの装備（当事者B）": 0, "人身損傷程度（当事者A）": 4, "人身損傷程度（当事者B）": 2, "地点　緯度（北緯）": 34.23694389, "地点　経度（東経）": 132.6149589, "曜日(発生年月日)": 4, "祝日(発生年月日)": 3, "認知機能検査経過日数（当事者A）": 9999, "認知機能検査経過日数（当事者B）": 0, "運転練習の方法（当事者A）": 1, "運転練習の方法（当事者B）": 0, "field_69": null }, "geometry": { "type": "Point", "coordinates": [ 132.6149589, 34.23694389 ] } },
{ "type": "Feature", "properties": { "資料区分": 1, "都道府県コード": 73, "警察署等コード": 111, "本票番号": 130, "事故内容": 2, "死者数": 0, "負傷者数": 1, "路線コード": 37110, "地点コード": 0, "市区町村コード": 202, "発生日時　　年": 2024, "発生日時　　月": 11, "発生日時　　日": 22, "発生日時　　時": 7, "発生日時　　分": 30, "昼夜": 11, "日の出時刻　　時": 6, "日の出時刻　　分": 50, "日の入り時刻　　時": 17, "日の入り時刻　　分": 3, "天候": 1, "地形": 3, "路面状態": 1, "道路形状": 7, "信号機": 7, "一時停止規制　標識（当事者A）": 0, "一時停止規制　表示（当事者A）": 0, "一時停止規制　標識（当事者B）": 0, "一時停止規制　表示（当事者B）": 0, "車道幅員": 3, "道路線形": 8, "衝突地点": 1, "ゾーン規制": 70, "中央分離帯施設等": 4, "歩車道区分": 2, "事故類型": 1, "年齢（当事者A）": 55, "年齢（当事者B）": 75, "当事者種別（当事者A）": 4, "当事者種別（当事者B）": 61, "用途別（当事者A）": 31, "用途別（当事者B）": 0, "車両形状等（当事者A）": 1, "車両形状等（当事者B）": 0, "オートマチック車（当事者A）": 1, "オートマチック車（当事者B）": 0, "サポカー（当事者A）": 11, "サポカー（当事者B）": 0, "速度規制（指定のみ）（当事者A）": 10, "速度規制（指定のみ）（当事者B）": 0, "車両の衝突部位（当事者A）": 10, "車両の衝突部位（当事者B）": 0, "車両の損壊程度（当事者A）": 3, "車両の損壊程度（当事者B）": 0, "エアバッグの装備（当事者A）": 2, "エアバッグの装備（当事者B）": 0, "サイドエアバッグの装備（当事者A）": 2, "サイドエアバッグの装備（当事者B）": 0, "人身損傷程度（当事者A）": 4, "人身損傷程度（当事者B）": 2, "地点　緯度（北緯）": 34.242625, "地点　経度（東経）": 132.6961253, "曜日(発生年月日)": 6, "祝日(発生年月日)": 2, "認知機能検査経過日数（当事者A）": 9999, "認知機能検査経過日数（当事者B）": 0, "運転練習の方法（当事者A）": 1, "運転練習の方法（当事者B）": 0, "field_69": null }, "geometry": { "type": "Point", "coordinates": [ 132.6961253, 34.242625 ] } },
{ "type": "Feature", "properties": { "資料区分": 1, "都道府県コード": 73, "警察署等コード": 112, "本票番号": 269, "事故内容": 2, "死者数": 0, "負傷者数": 1, "路線コード": 3750, "地点コード": 0, "市区町村コード": 212, "発生日時　　年": 2024, "発生日時　　月": 10, "発生日時　　日": 27, "発生日時　　時": 10, "発生日時　　分": 15, "昼夜": 12, "日の出時刻　　時": 6, "日の出時刻　　分": 26, "日の入り時刻　　時": 17, "日の入り時刻　　分": 22, "天候": 2, "地形": 3, "路面状態": 1, "道路形状": 1, "信号機": 1, "一時停止規制　標識（当事者A）": 9, "一時停止規制　表示（当事者A）": 22, "一時停止規制　標識（当事者B）": 0, "一時停止規制　表示（当事者B）": 0, "車道幅員": 15, "道路線形": 9, "衝突地点": 30, "ゾーン規制": 70, "中央分離帯施設等": 5, "歩車道区分": 2, "事故類型": 1, "年齢（当事者A）": 75, "年齢（当事者B）": 25, "当事者種別（当事者A）": 4, "当事者種別（当事者B）": 61, "用途別（当事者A）": 31, "用途別（当事者B）": 0, "車両形状等（当事者A）": 1, "車両形状等（当事者B）": 0, "オートマチック車（当事者A）": 1, "オートマチック車（当事者B）": 0, "サポカー（当事者A）": 11, "サポカー（当事者B）": 0, "速度規制（指定のみ）（当事者A）": 4, "速度規制（指定のみ）（当事者B）": 0, "車両の衝突部位（当事者A）": 40, "車両の衝突部位（当事者B）": 0, "車両の損壊程度（当事者A）": 3, "車両の損壊程度（当事者B）": 0, "エアバッグの装備（当事者A）": 2, "エアバッグの装備（当事者B）": 0, "サイドエアバッグの装備（当事者A）": 2, "サイドエアバッグの装備（当事者B）": 0, "人身損傷程度（当事者A）": 4, "人身損傷程度（当事者B）": 2, "地点　緯度（北緯）": 34.39793778, "地点　経度（東経）": 132.7379561, "曜日(発生年月日)": 1, "祝日(発生年月日)": 3, "認知機能検査経過日数（当事者A）": 570, "認知機能検査経過日数（当事者B）": 0, "運転練習の方法（当事者A）": 9, "運転練習の方法（当事者B）": 0, "field_69": null }, "geometry": { "type": "Point", "coordinates": [ 132.7379561, 34.39793778 ] } },
{ "type": "Feature", "properties": { "資料区分": 1, "都道府県コード": 73, "警察署等コード": 112, "本票番号": 271, "事故内容": 1, "死者数": 1, "負傷者数": 0, "路線コード": 3750, "地点コード": 0, "市区町村コード": 212, "発生日時　　年": 2024, "発生日時　　月": 12, "発生日時　　日": 11, "発生日時　　時": 17, "発生日時　　分": 47, "昼夜": 21, "日の出時刻　　時": 7, "日の出時刻　　分": 6, "日の入り時刻　　時": 17, "日の入り時刻　　分": 1, "天候": 1, "地形": 3, "路面状態": 1, "道路形状": 14, "信号機": 7, "一時停止規制　標識（当事者A）": 0, "一時停止規制　表示（当事者A）": 0, "一時停止規制　標識（当事者B）": 0, "一時停止規制　表示（当事者B）": 0, "車道幅員": 3, "道路線形": 8, "衝突地点": 1, "ゾーン規制": 70, "中央分離帯施設等": 4, "歩車道区分": 2, "事故類型": 1, "年齢（当事者A）": 55, "年齢（当事者B）": 75, "当事者種別（当事者A）": 4, "当事者種別（当事者B）": 61, "用途別（当事者A）": 31, "用途別（当事者B）": 0, "車両形状等（当事者A）": 1, "車両形状等（当事者B）": 0, "オートマチック車（当事者A）": 1, "オートマチック車（当事者B）": 0, "サポカー（当事者A）": 11, "サポカー（当事者B）": 0, "速度規制（指定のみ）（当事者A）": 4, "速度規制（指定のみ）（当事者B）": 0, "車両の衝突部位（当事者A）": 80, "車両の衝突部位（当事者B）": 0, "車両の損壊程度（当事者A）": 3, "車両の損壊程度（当事者B）": 0, "エアバッグの装備（当事者A）": 2, "エアバッグの装備（当事者B）": 0, "サイドエアバッグの装備（当事者A）": 2, "サイドエアバッグの装備（当事者B）": 0, "人身損傷程度（当事者A）": 4, "人身損傷程度（当事者B）": 1, "地点　緯度（北緯）": 34.34195139, "地点　経度（東経）": 132.7000397, "曜日(発生年月日)": 4, "祝日(発生年月日)": 3, "認知機能検査経過日数（当事者A）": 9999, "認知機能検査経過日数（当事者B）": 0, "運転練習の方法（当事者A）": 9, "運転練習の方法（当事者B）": 0, "field_69": null }, "geometry": { "type": "Point", "coordinates": [ 132.7000397, 34.34195139 ] } },
{ "type": "Feature", "properties": { "資料区分": 1, "都道府県コード": 73, "警察署等コード": 112, "本票番号": 277, "事故内容": 2, "死者数": 0, "負傷者数": 1, "路線コード": 37120, "地点コード": 0, "市区町村コード": 212, "発生日時　　年": 2024, "発生日時　　月": 9, "発生日時　　日": 9, "発生日時　　時": 20, "発生日時　　分": 7, "昼夜": 22, "日の出時刻　　時": 5, "日の出時刻　　分": 49, "日の入り時刻　　時": 18, "日の入り時刻　　分": 26, "天候": 1, "地形": 2, "路面状態": 1, "道路形状": 1, "信号機": 7, "一時停止規制　標識（当事者A）": 1, "一時停止規制　表示（当事者A）": 21, "一時停止規制　標識（当事者B）": 0, "一時停止規制　表示（当事者B）": 0, "車道幅員": 15, "道路線形": 7, "衝突地点": 30, "ゾーン規制": 70, "中央分離帯施設等": 5, "歩車道区分": 3, "事故類型": 1, "年齢（当事者A）": 25, "年齢（当事者B）": 45, "当事者種別（当事者A）": 4, "当事者種別（当事者B）": 61, "用途別（当事者A）": 31, "用途別（当事者B）": 0, "車両形状等（当事者A）": 1, "車両形状等（当事者B）": 0, "オートマチック車（当事者A）": 1, "オートマチック車（当事者B）": 0, "サポカー（当事者A）": 11, "サポカー（当事者B）": 0, "速度規制（指定のみ）（当事者A）": 3, "速度規制（指定のみ）（当事者B）": 0, "車両の衝突部位（当事者A）": 10, "車両の衝突部位（当事者B）": 0, "車両の損壊程度（当事者A）": 3, "車両の損壊程度（当事者B）": 0, "エアバッグの装備（当事者A）": 2, "エアバッグの装備（当事者B）": 0, "サイドエアバッグの装備（当事者A）": 2, "サイドエアバッグの装備（当事者B）": 0, "人身損傷程度（当事者A）": 4, "人身損傷程度（当事者B）": 2, "地点　緯度（北緯）": 34.44241361, "地点　経度（東経）": 132.6929311, "曜日(発生年月日)": 2, "祝日(発生年月日)": 3, "認知機能検査経過日数（当事者A）": 9999, "認知機能検査経過日数（当事者B）": 0, "運転練習の方法（当事者A）": 1, "運転練習の方法（当事者B）": 0, "field_69": null }, "geometry": { "type": "Point", "coordinates": [ 132.69293110000001, 34.44241361 ] } },
{ "type": "Feature", "properties": { "資料区分": 1, "都道府県コード": 73, "警察署等コード": 112, "本票番号": 282, "事故内容": 2, "死者数": 0, "負傷者数": 1, "路線コード": 39030, "地点コード": 0, "市区町村コード": 212, "発生日時　　年": 2024, "発生日時　　月": 11, "発生日時　　日": 27, "発生日時　　時": 16, "発生日時　　分": 30, "昼夜": 13, "日の出時刻　　時": 6, "日の出時刻　　分": 55, "日の入り時刻　　時": 17, "日の入り時刻　　分": 1, "天候": 1, "地形": 3, "路面状態": 2, "道路形状": 1, "信号機": 7, "一時停止規制　標識（当事者A）": 9, "一時停止規制　表示（当事者A）": 22, "一時停止規制　標識（当事者B）": 0, "一時停止規制　表示（当事者B）": 0, "車道幅員": 18, "道路線形": 9, "衝突地点": 30, "ゾーン規制": 70, "中央分離帯施設等": 5, "歩車道区分": 2, "事故類型": 1, "年齢（当事者A）": 1, "年齢（当事者B）": 1, "当事者種別（当事者A）": 33, "当事者種別（当事者B）": 61, "用途別（当事者A）": 31, "用途別（当事者B）": 0, "車両形状等（当事者A）": 0, "車両形状等（当事者B）": 0, "オートマチック車（当事者A）": 0, "オートマチック車（当事者B）": 0, "サポカー（当事者A）": 11, "サポカー（当事者B）": 0, "速度規制（指定のみ）（当事者A）": 4, "速度規制（指定のみ）（当事者B）": 0, "車両の衝突部位（当事者A）": 10, "車両の衝突部位（当事者B）": 0, "車両の損壊程度（当事者A）": 3, "車両の損壊程度（当事者B）": 0, "エアバッグの装備（当事者A）": 0, "エアバッグの装備（当事者B）": 0, "サイドエアバッグの装備（当事者A）": 0, "サイドエアバッグの装備（当事者B）": 0, "人身損傷程度（当事者A）": 4, "人身損傷程度（当事者B）": 2, "地点　緯度（北緯）": 34.40825306, "地点　経度（東経）": 132.7295261, "曜日(発生年月日)": 4, "祝日(発生年月日)": 3, "認知機能検査経過日数（当事者A）": 9999, "認知機能検査経過日数（当事者B）": 0, "運転練習の方法（当事者A）": 1, "運転練習の方法（当事者B）": 0, "field_69": null }, "geometry": { "type": "Point", "coordinates": [ 132.729526099999987, 34.40825306 ] } },
{ "type": "Feature", "properties": { "資料区分": 1, "都道府県コード": 73, "警察署等コード": 112, "本票番号": 283, "事故内容": 2, "死者数": 0, "負傷者数": 1, "路線コード": 3750, "地点コード": 0, "市区町村コード": 212, "発生日時　　年": 2024, "発生日時　　月": 12, "発生日時　　日": 3, "発生日時　　時": 9, "発生日時　　分": 5, "昼夜": 12, "日の出時刻　　時": 7, "日の出時刻　　分": 0, "日の入り時刻　　時": 17, "日の入り時刻　　分": 0, "天候": 1, "地形": 3, "路面状態": 1, "道路形状": 1, "信号機": 1, "一時停止規制　標識（当事者A）": 9, "一時停止規制　表示（当事者A）": 22, "一時停止規制　標識（当事者B）": 0, "一時停止規制　表示（当事者B）": 0, "車道幅員": 19, "道路線形": 9, "衝突地点": 30, "ゾーン規制": 70, "中央分離帯施設等": 5, "歩車道区分": 2, "事故類型": 1, "年齢（当事者A）": 1, "年齢（当事者B）": 75, "当事者種別（当事者A）": 3, "当事者種別（当事者B）": 61, "用途別（当事者A）": 31, "用途別（当事者B）": 0, "車両形状等（当事者A）": 1, "車両形状等（当事者B）": 0, "オートマチック車（当事者A）": 1, "オートマチック車（当事者B）": 0, "サポカー（当事者A）": 11, "サポカー（当事者B）": 0, "速度規制（指定のみ）（当事者A）": 4, "速度規制（指定のみ）（当事者B）": 0, "車両の衝突部位（当事者A）": 50, "車両の衝突部位（当事者B）": 0, "車両の損壊程度（当事者A）": 3, "車両の損壊程度（当事者B）": 0, "エアバッグの装備（当事者A）": 2, "エアバッグの装備（当事者B）": 0, "サイドエアバッグの装備（当事者A）": 2, "サイドエアバッグの装備（当事者B）": 0, "人身損傷程度（当事者A）": 4, "人身損傷程度（当事者B）": 2, "地点　緯度（北緯）": 34.34161417, "地点　経度（東経）": 132.6994547, "曜日(発生年月日)": 3, "祝日(発生年月日)": 3, "認知機能検査経過日数（当事者A）": 9999, "認知機能検査経過日数（当事者B）": 0, "運転練習の方法（当事者A）": 1, "運転練習の方法（当事者B）": 0, "field_69": null }, "geometry": { "type": "Point", "coordinates": [ 132.6994547, 34.34161417 ] } },
{ "type": "Feature", "properties": { "資料区分": 1, "都道府県コード": 73, "警察署等コード": 112, "本票番号": 287, "事故内容": 2, "死者数": 0, "負傷者数": 1, "路線コード": 37120, "地点コード": 0, "市区町村コード": 212, "発生日時　　年": 2024, "発生日時　　月": 11, "発生日時　　日": 11, "発生日時　　時": 19, "発生日時　　分": 38, "昼夜": 22, "日の出時刻　　時": 6, "日の出時刻　　分": 39, "日の入り時刻　　時": 17, "日の入り時刻　　分": 9, "天候": 1, "地形": 1, "路面状態": 2, "道路形状": 14, "信号機": 7, "一時停止規制　標識（当事者A）": 0, "一時停止規制　表示（当事者A）": 0, "一時停止規制　標識（当事者B）": 0, "一時停止規制　表示（当事者B）": 0, "車道幅員": 3, "道路線形": 9, "衝突地点": 1, "ゾーン規制": 70, "中央分離帯施設等": 4, "歩車道区分": 2, "事故類型": 1, "年齢（当事者A）": 25, "年齢（当事者B）": 45, "当事者種別（当事者A）": 3, "当事者種別（当事者B）": 61, "用途別（当事者A）": 31, "用途別（当事者B）": 0, "車両形状等（当事者A）": 1, "車両形状等（当事者B）": 0, "オートマチック車（当事者A）": 1, "オートマチック車（当事者B）": 0, "サポカー（当事者A）": 11, "サポカー（当事者B）": 0, "速度規制（指定のみ）（当事者A）": 3, "速度規制（指定のみ）（当事者B）": 0, "車両の衝突部位（当事者A）": 10, "車両の衝突部位（当事者B）": 0, "車両の損壊程度（当事者A）": 3, "車両の損壊程度（当事者B）": 0, "エアバッグの装備（当事者A）": 2, "エアバッグの装備（当事者B）": 0, "サイドエアバッグの装備（当事者A）": 2, "サイドエアバッグの装備（当事者B）": 0, "人身損傷程度（当事者A）": 4, "人身損傷程度（当事者B）": 2, "地点　緯度（北緯）": 34.42591111, "地点　経度（東経）": 132.7506761, "曜日(発生年月日)": 2, "祝日(発生年月日)": 3, "認知機能検査経過日数（当事者A）": 9999, "認知機能検査経過日数（当事者B）": 0, "運転練習の方法（当事者A）": 5, "運転練習の方法（当事者B）": 0, "field_69": null }, "geometry": { "type": "Point", "coordinates": [ 132.7506761, 34.42591111 ] } },
{ "type": "Feature", "properties": { "資料区分": 1, "都道府県コード": 73, "警察署等コード": 112, "本票番号": 292, "事故内容": 2, "死者数": 0, "負傷者数": 1, "路線コード": 23310, "地点コード": 0, "市区町村コード": 212, "発生日時　　年": 2024, "発生日時　　月": 12, "発生日時　　日": 8, "発生日時　　時": 18, "発生日時　　分": 33, "昼夜": 22, "日の出時刻　　時": 7, "日の出時刻　　分": 4, "日の入り時刻　　時": 17, "日の入り時刻　　分": 0, "天候": 1, "地形": 3, "路面状態": 1, "道路形状": 7, "信号機": 7, "一時停止規制　標識（当事者A）": 0, "一時停止規制　表示（当事者A）": 0, "一時停止規制　標識（当事者B）": 0, "一時停止規制　表示（当事者B）": 0, "車道幅員": 5, "道路線形": 9, "衝突地点": 1, "ゾーン規制": 70, "中央分離帯施設等": 4, "歩車道区分": 2, "事故類型": 1, "年齢（当事者A）": 1, "年齢（当事者B）": 35, "当事者種別（当事者A）": 51, "当事者種別（当事者B）": 61, "用途別（当事者A）": 41, "用途別（当事者B）": 0, "車両形状等（当事者A）": 0, "車両形状等（当事者B）": 0, "オートマチック車（当事者A）": 0, "オートマチック車（当事者B）": 0, "サポカー（当事者A）": 0, "サポカー（当事者B）": 0, "速度規制（指定のみ）（当事者A）": 0, "速度規制（指定のみ）（当事者B）": 0, "車両の衝突部位（当事者A）": 10, "車両の衝突部位（当事者B）": 0, "車両の損壊程度（当事者A）": 3, "車両の損壊程度（当事者B）": 0, "エアバッグの装備（当事者A）": 0, "エアバッグの装備（当事者B）": 0, "サイドエアバッグの装備（当事者A）": 0, "サイドエアバッグの装備（当事者B）": 0, "人身損傷程度（当事者A）": 4, "人身損傷程度（当事者B）": 2, "地点　緯度（北緯）": 34.39086111, "地点　経度（東経）": 132.7336278, "曜日(発生年月日)": 1, "祝日(発生年月日)": 3, "認知機能検査経過日数（当事者A）": 0, "認知機能検査経過日数（当事者B）": 0, "運転練習の方法（当事者A）": 0, "運転練習の方法（当事者B）": 0, "field_69": null }, "geometry": { "type": "Point", "coordinates": [ 132.7336278, 34.39086111 ] } },
{ "type": "Feature", "properties": { "資料区分": 1, "都道府県コード": 73, "警察署等コード": 112, "本票番号": 294, "事故内容": 2, "死者数": 0, "負傷者数": 1, "路線コード": 14590, "地点コード": 0, "市区町村コード": 212, "発生日時　　年": 2024, "発生日時　　月": 11, "発生日時　　日": 27, "発生日時　　時": 6, "発生日時　　分": 25, "昼夜": 23, "日の出時刻　　時": 6, "日の出時刻　　分": 55, "日の入り時刻　　時": 17, "日の入り時刻　　分": 1, "天候": 2, "地形": 2, "路面状態": 1, "道路形状": 1, "信号機": 7, "一時停止規制　標識（当事者A）": 9, "一時停止規制　表示（当事者A）": 22, "一時停止規制　標識（当事者B）": 0, "一時停止規制　表示（当事者B）": 0, "車道幅員": 14, "道路線形": 8, "衝突地点": 30, "ゾーン規制": 70, "中央分離帯施設等": 4, "歩車道区分": 2, "事故類型": 1, "年齢（当事者A）": 55, "年齢（当事者B）": 75, "当事者種別（当事者A）": 3, "当事者種別（当事者B）": 61, "用途別（当事者A）": 31, "用途別（当事者B）": 0, "車両形状等（当事者A）": 1, "車両形状等（当事者B）": 0, "オートマチック車（当事者A）": 1, "オートマチック車（当事者B）": 0, "サポカー（当事者A）": 11, "サポカー（当事者B）": 0, "速度規制（指定のみ）（当事者A）": 4, "速度規制（指定のみ）（当事者B）": 0, "車両の衝突部位（当事者A）": 10, "車両の衝突部位（当事者B）": 0, "車両の損壊程度（当事者A）": 2, "車両の損壊程度（当事者B）": 0, "エアバッグの装備（当事者A）": 2, "エアバッグの装備（当事者B）": 0, "サイドエアバッグの装備（当事者A）": 2, "サイドエアバッグの装備（当事者B）": 0, "人身損傷程度（当事者A）": 4, "人身損傷程度（当事者B）": 2, "地点　緯度（北緯）": 34.44413861, "地点　経度（東経）": 132.831375, "曜日(発生年月日)": 4, "祝日(発生年月日)": 3, "認知機能検査経過日数（当事者A）": 9999, "認知機能検査経過日数（当事者B）": 0, "運転練習の方法（当事者A）": 9, "運転練習の方法（当事者B）": 0, "field_69": null }, "geometry": { "type": "Point", "coordinates": [ 132.831375, 34.44413861 ] } },
{ "type": "Feature", "properties": { "資料区分": 1, "都道府県コード": 73, "警察署等コード": 114, "本票番号": 219, "事故内容": 2, "死者数": 0, "負傷者数": 1, "路線コード": 99000, "地点コード": 0, "市区町村コード": 106, "発生日時　　年": 2024, "発生日時　　月": 11, "発生日時　　日": 12, "発生日時　　時": 8, "発生日時　　分": 10, "昼夜": 12, "日の出時刻　　時": 6, "日の出時刻　　分": 40, "日の入り時刻　　時": 17, "日の入り時刻　　分": 8, "天候": 1, "地形": 1, "路面状態": 1, "道路形状": 0, "信号機": 7, "一時停止規制　標識（当事者A）": 0, "一時停止規制　表示（当事者A）": 0, "一時停止規制　標識（当事者B）": 0, "一時停止規制　表示（当事者B）": 0, "車道幅員": 0, "道路線形": 0, "衝突地点": 20, "ゾーン規制": 70, "中央分離帯施設等": 0, "歩車道区分": 4, "事故類型": 1, "年齢（当事者A）": 55, "年齢（当事者B）": 65, "当事者種別（当事者A）": 13, "当事者種別（当事者B）": 61, "用途別（当事者A）": 31, "用途別（当事者B）": 0, "車両形状等（当事者A）": 11, "車両形状等（当事者B）": 0, "オートマチック車（当事者A）": 1, "オートマチック車（当事者B）": 0, "サポカー（当事者A）": 11, "サポカー（当事者B）": 0, "速度規制（指定のみ）（当事者A）": 10, "速度規制（指定のみ）（当事者B）": 0, "車両の衝突部位（当事者A）": 30, "車両の衝突部位（当事者B）": 0, "車両の損壊程度（当事者A）": 3, "車両の損壊程度（当事者B）": 0, "エアバッグの装備（当事者A）": 2, "エアバッグの装備（当事者B）": 0, "サイドエアバッグの装備（当事者A）": 2, "サイドエアバッグの装備（当事者B）": 0, "人身損傷程度（当事者A）": 4, "人身損傷程度（当事者B）": 2, "地点　緯度（北緯）": 34.45575722, "地点　経度（東経）": 132.4962419, "曜日(発生年月日)": 3, "祝日(発生年月日)": 3, "認知機能検査経過日数（当事者A）": 9999, "認知機能検査経過日数（当事者B）": 0, "運転練習の方法（当事者A）": 9, "運転練習の方法（当事者B）": 0, "field_69": null }, "geometry": { "type": "Point", "coordinates": [ 132.4962419, 34.45575722 ] } },
{ "type": "Feature", "properties": { "資料区分": 1, "都道府県コード": 73, "警察署等コード": 114, "本票番号": 227, "事故内容": 2, "死者数": 0, "負傷者数": 1, "路線コード": 22670, "地点コード": 0, "市区町村コード": 106, "発生日時　　年": 2024, "発生日時　　月": 11, "発生日時　　日": 28, "発生日時　　時": 6, "発生日時　　分": 25, "昼夜": 23, "日の出時刻　　時": 6, "日の出時刻　　分": 55, "日の入り時刻　　時": 17, "日の入り時刻　　分": 1, "天候": 2, "地形": 1, "路面状態": 1, "道路形状": 14, "信号機": 7, "一時停止規制　標識（当事者A）": 0, "一時停止規制　表示（当事者A）": 0, "一時停止規制　標識（当事者B）": 0, "一時停止規制　表示（当事者B）": 0, "車道幅員": 3, "道路線形": 9, "衝突地点": 1, "ゾーン規制": 70, "中央分離帯施設等": 4, "歩車道区分": 2, "事故類型": 1, "年齢（当事者A）": 35, "年齢（当事者B）": 75, "当事者種別（当事者A）": 3, "当事者種別（当事者B）": 61, "用途別（当事者A）": 31, "用途別（当事者B）": 0, "車両形状等（当事者A）": 1, "車両形状等（当事者B）": 0, "オートマチック車（当事者A）": 2, "オートマチック車（当事者B）": 0, "サポカー（当事者A）": 11, "サポカー（当事者B）": 0, "速度規制（指定のみ）（当事者A）": 2, "速度規制（指定のみ）（当事者B）": 0, "車両の衝突部位（当事者A）": 80, "車両の衝突部位（当事者B）": 0, "車両の損壊程度（当事者A）": 3, "車両の損壊程度（当事者B）": 0, "エアバッグの装備（当事者A）": 2, "エアバッグの装備（当事者B）": 0, "サイドエアバッグの装備（当事者A）": 2, "サイドエアバッグの装備（当事者B）": 0, "人身損傷程度（当事者A）": 4, "人身損傷程度（当事者B）": 2, "地点　緯度（北緯）": 34.5172675, "地点　経度（東経）": 132.5009956, "曜日(発生年月日)": 5, "祝日(発生年月日)": 3, "認知機能検査経過日数（当事者A）": 9999, "認知機能検査経過日数（当事者B）": 0, "運転練習の方法（当事者A）": 5, "運転練習の方法（当事者B）": 0, "field_69": null }, "geometry": { "type": "Point", "coordinates": [ 132.50099560000001, 34.5172675 ] } },
{ "type": "Feature", "properties": { "資料区分": 1, "都道府県コード": 73, "警察署等コード": 114, "本票番号": 229, "事故内容": 2, "死者数": 0, "負傷者数": 1, "路線コード": 99000, "地点コード": 0, "市区町村コード": 106, "発生日時　　年": 2024, "発生日時　　月": 12, "発生日時　　日": 10, "発生日時　　時": 18, "発生日時　　分": 10, "昼夜": 22, "日の出時刻　　時": 7, "日の出時刻　　分": 5, "日の入り時刻　　時": 17, "日の入り時刻　　分": 0, "天候": 1, "地形": 2, "路面状態": 1, "道路形状": 0, "信号機": 7, "一時停止規制　標識（当事者A）": 0, "一時停止規制　表示（当事者A）": 0, "一時停止規制　標識（当事者B）": 0, "一時停止規制　表示（当事者B）": 0, "車道幅員": 0, "道路線形": 0, "衝突地点": 20, "ゾーン規制": 70, "中央分離帯施設等": 0, "歩車道区分": 3, "事故類型": 1, "年齢（当事者A）": 25, "年齢（当事者B）": 55, "当事者種別（当事者A）": 3, "当事者種別（当事者B）": 61, "用途別（当事者A）": 31, "用途別（当事者B）": 0, "車両形状等（当事者A）": 1, "車両形状等（当事者B）": 0, "オートマチック車（当事者A）": 1, "オートマチック車（当事者B）": 0, "サポカー（当事者A）": 11, "サポカー（当事者B）": 0, "速度規制（指定のみ）（当事者A）": 10, "速度規制（指定のみ）（当事者B）": 0, "車両の衝突部位（当事者A）": 20, "車両の衝突部位（当事者B）": 0, "車両の損壊程度（当事者A）": 3, "車両の損壊程度（当事者B）": 0, "エアバッグの装備（当事者A）": 2, "エアバッグの装備（当事者B）": 0, "サイドエアバッグの装備（当事者A）": 2, "サイドエアバッグの装備（当事者B）": 0, "人身損傷程度（当事者A）": 4, "人身損傷程度（当事者B）": 2, "地点　緯度（北緯）": 34.53457528, "地点　経度（東経）": 132.5215233, "曜日(発生年月日)": 3, "祝日(発生年月日)": 3, "認知機能検査経過日数（当事者A）": 9999, "認知機能検査経過日数（当事者B）": 0, "運転練習の方法（当事者A）": 1, "運転練習の方法（当事者B）": 0, "field_69": null }, "geometry": { "type": "Point", "coordinates": [ 132.521523300000013, 34.53457528 ] } },
{ "type": "Feature", "properties": { "資料区分": 1, "都道府県コード": 73, "警察署等コード": 114, "本票番号": 240, "事故内容": 2, "死者数": 0, "負傷者数": 1, "路線コード": 37140, "地点コード": 0, "市区町村コード": 106, "発生日時　　年": 2024, "発生日時　　月": 11, "発生日時　　日": 1, "発生日時　　時": 17, "発生日時　　分": 27, "昼夜": 21, "日の出時刻　　時": 6, "日の出時刻　　分": 30, "日の入り時刻　　時": 17, "日の入り時刻　　分": 17, "天候": 3, "地形": 1, "路面状態": 2, "道路形状": 7, "信号機": 7, "一時停止規制　標識（当事者A）": 0, "一時停止規制　表示（当事者A）": 0, "一時停止規制　標識（当事者B）": 0, "一時停止規制　表示（当事者B）": 0, "車道幅員": 3, "道路線形": 9, "衝突地点": 1, "ゾーン規制": 70, "中央分離帯施設等": 5, "歩車道区分": 3, "事故類型": 1, "年齢（当事者A）": 75, "年齢（当事者B）": 75, "当事者種別（当事者A）": 3, "当事者種別（当事者B）": 61, "用途別（当事者A）": 31, "用途別（当事者B）": 0, "車両形状等（当事者A）": 1, "車両形状等（当事者B）": 0, "オートマチック車（当事者A）": 1, "オートマチック車（当事者B）": 0, "サポカー（当事者A）": 11, "サポカー（当事者B）": 0, "速度規制（指定のみ）（当事者A）": 2, "速度規制（指定のみ）（当事者B）": 0, "車両の衝突部位（当事者A）": 80, "車両の衝突部位（当事者B）": 0, "車両の損壊程度（当事者A）": 3, "車両の損壊程度（当事者B）": 0, "エアバッグの装備（当事者A）": 2, "エアバッグの装備（当事者B）": 0, "サイドエアバッグの装備（当事者A）": 2, "サイドエアバッグの装備（当事者B）": 0, "人身損傷程度（当事者A）": 4, "人身損傷程度（当事者B）": 2, "地点　緯度（北緯）": 34.51984444, "地点　経度（東経）": 132.5133303, "曜日(発生年月日)": 6, "祝日(発生年月日)": 3, "認知機能検査経過日数（当事者A）": 297, "認知機能検査経過日数（当事者B）": 0, "運転練習の方法（当事者A）": 9, "運転練習の方法（当事者B）": 0, "field_69": null }, "geometry": { "type": "Point", "coordinates": [ 132.5133303, 34.51984444 ] } },
{ "type": "Feature", "properties": { "資料区分": 1, "都道府県コード": 73, "警察署等コード": 114, "本票番号": 245, "事故内容": 2, "死者数": 0, "負傷者数": 1, "路線コード": 37140, "地点コード": 0, "市区町村コード": 106, "発生日時　　年": 2024, "発生日時　　月": 12, "発生日時　　日": 6, "発生日時　　時": 17, "発生日時　　分": 0, "昼夜": 21, "日の出時刻　　時": 7, "日の出時刻　　分": 2, "日の入り時刻　　時": 17, "日の入り時刻　　分": 0, "天候": 1, "地形": 1, "路面状態": 1, "道路形状": 1, "信号機": 7, "一時停止規制　標識（当事者A）": 9, "一時停止規制　表示（当事者A）": 22, "一時停止規制　標識（当事者B）": 0, "一時停止規制　表示（当事者B）": 0, "車道幅員": 15, "道路線形": 9, "衝突地点": 30, "ゾーン規制": 70, "中央分離帯施設等": 5, "歩車道区分": 2, "事故類型": 1, "年齢（当事者A）": 45, "年齢（当事者B）": 75, "当事者種別（当事者A）": 4, "当事者種別（当事者B）": 61, "用途別（当事者A）": 31, "用途別（当事者B）": 0, "車両形状等（当事者A）": 1, "車両形状等（当事者B）": 0, "オートマチック車（当事者A）": 1, "オートマチック車（当事者B）": 0, "サポカー（当事者A）": 11, "サポカー（当事者B）": 0, "速度規制（指定のみ）（当事者A）": 3, "速度規制（指定のみ）（当事者B）": 0, "車両の衝突部位（当事者A）": 70, "車両の衝突部位（当事者B）": 0, "車両の損壊程度（当事者A）": 3, "車両の損壊程度（当事者B）": 0, "エアバッグの装備（当事者A）": 2, "エアバッグの装備（当事者B）": 0, "サイドエアバッグの装備（当事者A）": 2, "サイドエアバッグの装備（当事者B）": 0, "人身損傷程度（当事者A）": 4, "人身損傷程度（当事者B）": 2, "地点　緯度（北緯）": 34.50174167, "地点　経度（東経）": 132.5168056, "曜日(発生年月日)": 6, "祝日(発生年月日)": 3, "認知機能検査経過日数（当事者A）": 9999, "認知機能検査経過日数（当事者B）": 0, "運転練習の方法（当事者A）": 9, "運転練習の方法（当事者B）": 0, "field_69": null }, "geometry": { "type": "Point", "coordinates": [ 132.5168056, 34.50174167 ] } },
{ "type": "Feature", "properties": { "資料区分": 1, "都道府県コード": 73, "警察署等コード": 116, "本票番号": 25, "事故内容": 2, "死者数": 0, "負傷者数": 1, "路線コード": 14690, "地点コード": 0, "市区町村コード": 369, "発生日時　　年": 2024, "発生日時　　月": 11, "発生日時　　日": 25, "発生日時　　時": 6, "発生日時　　分": 57, "昼夜": 11, "日の出時刻　　時": 6, "日の出時刻　　分": 53, "日の入り時刻　　時": 17, "日の入り時刻　　分": 1, "天候": 1, "地形": 3, "路面状態": 1, "道路形状": 1, "信号機": 7, "一時停止規制　標識（当事者A）": 1, "一時停止規制　表示（当事者A）": 21, "一時停止規制　標識（当事者B）": 0, "一時停止規制　表示（当事者B）": 0, "車道幅員": 15, "道路線形": 9, "衝突地点": 30, "ゾーン規制": 70, "中央分離帯施設等": 4, "歩車道区分": 2, "事故類型": 1, "年齢（当事者A）": 45, "年齢（当事者B）": 65, "当事者種別（当事者A）": 3, "当事者種別（当事者B）": 61, "用途別（当事者A）": 31, "用途別（当事者B）": 0, "車両形状等（当事者A）": 1, "車両形状等（当事者B）": 0, "オートマチック車（当事者A）": 1, "オートマチック車（当事者B）": 0, "サポカー（当事者A）": 11, "サポカー（当事者B）": 0, "速度規制（指定のみ）（当事者A）": 3, "速度規制（指定のみ）（当事者B）": 0, "車両の衝突部位（当事者A）": 10, "車両の衝突部位（当事者B）": 0, "車両の損壊程度（当事者A）": 3, "車両の損壊程度（当事者B）": 0, "エアバッグの装備（当事者A）": 2, "エアバッグの装備（当事者B）": 0, "サイドエアバッグの装備（当事者A）": 2, "サイドエアバッグの装備（当事者B）": 0, "人身損傷程度（当事者A）": 4, "人身損傷程度（当事者B）": 2, "地点　緯度（北緯）": 34.63201028, "地点　経度（東経）": 132.5595767, "曜日(発生年月日)": 2, "祝日(発生年月日)": 3, "認知機能検査経過日数（当事者A）": 9999, "認知機能検査経過日数（当事者B）": 0, "運転練習の方法（当事者A）": 1, "運転練習の方法（当事者B）": 0, "field_69": null }, "geometry": { "type": "Point", "coordinates": [ 132.5595767, 34.63201028 ] } },
{ "type": "Feature", "properties": { "資料区分": 1, "都道府県コード": 73, "警察署等コード": 116, "本票番号": 26, "事故内容": 2, "死者数": 0, "負傷者数": 1, "路線コード": 1860, "地点コード": 0, "市区町村コード": 368, "発生日時　　年": 2024, "発生日時　　月": 12, "発生日時　　日": 28, "発生日時　　時": 5, "発生日時　　分": 15, "昼夜": 22, "日の出時刻　　時": 7, "日の出時刻　　分": 15, "日の入り時刻　　時": 17, "日の入り時刻　　分": 8, "天候": 5, "地形": 3, "路面状態": 4, "道路形状": 7, "信号機": 7, "一時停止規制　標識（当事者A）": 0, "一時停止規制　表示（当事者A）": 0, "一時停止規制　標識（当事者B）": 0, "一時停止規制　表示（当事者B）": 0, "車道幅員": 3, "道路線形": 1, "衝突地点": 1, "ゾーン規制": 70, "中央分離帯施設等": 4, "歩車道区分": 3, "事故類型": 1, "年齢（当事者A）": 1, "年齢（当事者B）": 1, "当事者種別（当事者A）": 4, "当事者種別（当事者B）": 61, "用途別（当事者A）": 31, "用途別（当事者B）": 0, "車両形状等（当事者A）": 1, "車両形状等（当事者B）": 0, "オートマチック車（当事者A）": 1, "オートマチック車（当事者B）": 0, "サポカー（当事者A）": 11, "サポカー（当事者B）": 0, "速度規制（指定のみ）（当事者A）": 10, "速度規制（指定のみ）（当事者B）": 0, "車両の衝突部位（当事者A）": 10, "車両の衝突部位（当事者B）": 0, "車両の損壊程度（当事者A）": 3, "車両の損壊程度（当事者B）": 0, "エアバッグの装備（当事者A）": 2, "エアバッグの装備（当事者B）": 0, "サイドエアバッグの装備（当事者A）": 2, "サイドエアバッグの装備（当事者B）": 0, "人身損傷程度（当事者A）": 4, "人身損傷程度（当事者B）": 2, "地点　緯度（北緯）": 34.56671139, "地点　経度（東経）": 132.2666625, "曜日(発生年月日)": 7, "祝日(発生年月日)": 3, "認知機能検査経過日数（当事者A）": 9999, "認知機能検査経過日数（当事者B）": 0, "運転練習の方法（当事者A）": 1, "運転練習の方法（当事者B）": 0, "field_69": null }, "geometry": { "type": "Point", "coordinates": [ 132.2666625, 34.56671139 ] } },
{ "type": "Feature", "properties": { "資料区分": 1, "都道府県コード": 73, "警察署等コード": 117, "本票番号": 117, "事故内容": 2, "死者数": 0, "負傷者数": 1, "路線コード": 23630, "地点コード": 0, "市区町村コード": 205, "発生日時　　年": 2024, "発生日時　　月": 11, "発生日時　　日": 13, "発生日時　　時": 17, "発生日時　　分": 44, "昼夜": 21, "日の出時刻　　時": 6, "日の出時刻　　分": 41, "日の入り時刻　　時": 17, "日の入り時刻　　分": 7, "天候": 1, "地形": 1, "路面状態": 1, "道路形状": 1, "信号機": 7, "一時停止規制　標識（当事者A）": 9, "一時停止規制　表示（当事者A）": 22, "一時停止規制　標識（当事者B）": 0, "一時停止規制　表示（当事者B）": 0, "車道幅員": 15, "道路線形": 9, "衝突地点": 30, "ゾーン規制": 70, "中央分離帯施設等": 5, "歩車道区分": 2, "事故類型": 1, "年齢（当事者A）": 35, "年齢（当事者B）": 75, "当事者種別（当事者A）": 3, "当事者種別（当事者B）": 61, "用途別（当事者A）": 31, "用途別（当事者B）": 0, "車両形状等（当事者A）": 1, "車両形状等（当事者B）": 0, "オートマチック車（当事者A）": 1, "オートマチック車（当事者B）": 0, "サポカー（当事者A）": 11, "サポカー（当事者B）": 0, "速度規制（指定のみ）（当事者A）": 3, "速度規制（指定のみ）（当事者B）": 0, "車両の衝突部位（当事者A）": 10, "車両の衝突部位（当事者B）": 0, "車両の損壊程度（当事者A）": 3, "車両の損壊程度（当事者B）": 0, "エアバッグの装備（当事者A）": 2, "エアバッグの装備（当事者B）": 0, "サイドエアバッグの装備（当事者A）": 2, "サイドエアバッグの装備（当事者B）": 0, "人身損傷程度（当事者A）": 4, "人身損傷程度（当事者B）": 2, "地点　緯度（北緯）": 34.43068528, "地点　経度（東経）": 133.1909042, "曜日(発生年月日)": 4, "祝日(発生年月日)": 3, "認知機能検査経過日数（当事者A）": 9999, "認知機能検査経過日数（当事者B）": 0, "運転練習の方法（当事者A）": 1, "運転練習の方法（当事者B）": 0, "field_69": null }, "geometry": { "type": "Point", "coordinates": [ 133.1909042, 34.43068528 ] } },
{ "type": "Feature", "properties": { "資料区分": 1, "都道府県コード": 73, "警察署等コード": 117, "本票番号": 119, "事故内容": 2, "死者数": 0, "負傷者数": 1, "路線コード": 37170, "地点コード": 0, "市区町村コード": 205, "発生日時　　年": 2024, "発生日時　　月": 12, "発生日時　　日": 7, "発生日時　　時": 8, "発生日時　　分": 40, "昼夜": 12, "日の出時刻　　時": 7, "日の出時刻　　分": 3, "日の入り時刻　　時": 17, "日の入り時刻　　分": 0, "天候": 1, "地形": 3, "路面状態": 1, "道路形状": 1, "信号機": 7, "一時停止規制　標識（当事者A）": 9, "一時停止規制　表示（当事者A）": 22, "一時停止規制　標識（当事者B）": 0, "一時停止規制　表示（当事者B）": 0, "車道幅員": 14, "道路線形": 9, "衝突地点": 30, "ゾーン規制": 70, "中央分離帯施設等": 5, "歩車道区分": 2, "事故類型": 1, "年齢（当事者A）": 35, "年齢（当事者B）": 1, "当事者種別（当事者A）": 3, "当事者種別（当事者B）": 61, "用途別（当事者A）": 31, "用途別（当事者B）": 0, "車両形状等（当事者A）": 1, "車両形状等（当事者B）": 0, "オートマチック車（当事者A）": 1, "オートマチック車（当事者B）": 0, "サポカー（当事者A）": 11, "サポカー（当事者B）": 0, "速度規制（指定のみ）（当事者A）": 2, "速度規制（指定のみ）（当事者B）": 0, "車両の衝突部位（当事者A）": 50, "車両の衝突部位（当事者B）": 0, "車両の損壊程度（当事者A）": 3, "車両の損壊程度（当事者B）": 0, "エアバッグの装備（当事者A）": 2, "エアバッグの装備（当事者B）": 0, "サイドエアバッグの装備（当事者A）": 2, "サイドエアバッグの装備（当事者B）": 0, "人身損傷程度（当事者A）": 4, "人身損傷程度（当事者B）": 2, "地点　緯度（北緯）": 34.39705056, "地点　経度（東経）": 133.1976303, "曜日(発生年月日)": 7, "祝日(発生年月日)": 3, "認知機能検査経過日数（当事者A）": 9999, "認知機能検査経過日数（当事者B）": 0, "運転練習の方法（当事者A）": 1, "運転練習の方法（当事者B）": 0, "field_69": null }, "geometry": { "type": "Point", "coordinates": [ 133.197630299999986, 34.39705056 ] } },
{ "type": "Feature", "properties": { "資料区分": 1, "都道府県コード": 73, "警察署等コード": 117, "本票番号": 122, "事故内容": 2, "死者数": 0, "負傷者数": 1, "路線コード": 3170, "地点コード": 0, "市区町村コード": 205, "発生日時　　年": 2024, "発生日時　　月": 12, "発生日時　　日": 16, "発生日時　　時": 9, "発生日時　　分": 50, "昼夜": 12, "日の出時刻　　時": 7, "日の出時刻　　分": 10, "日の入り時刻　　時": 17, "日の入り時刻　　分": 2, "天候": 2, "地形": 3, "路面状態": 1, "道路形状": 1, "信号機": 7, "一時停止規制　標識（当事者A）": 9, "一時停止規制　表示（当事者A）": 22, "一時停止規制　標識（当事者B）": 0, "一時停止規制　表示（当事者B）": 0, "車道幅員": 14, "道路線形": 9, "衝突地点": 30, "ゾーン規制": 70, "中央分離帯施設等": 4, "歩車道区分": 2, "事故類型": 1, "年齢（当事者A）": 35, "年齢（当事者B）": 75, "当事者種別（当事者A）": 14, "当事者種別（当事者B）": 61, "用途別（当事者A）": 31, "用途別（当事者B）": 0, "車両形状等（当事者A）": 11, "車両形状等（当事者B）": 0, "オートマチック車（当事者A）": 1, "オートマチック車（当事者B）": 0, "サポカー（当事者A）": 11, "サポカー（当事者B）": 0, "速度規制（指定のみ）（当事者A）": 10, "速度規制（指定のみ）（当事者B）": 0, "車両の衝突部位（当事者A）": 70, "車両の衝突部位（当事者B）": 0, "車両の損壊程度（当事者A）": 3, "車両の損壊程度（当事者B）": 0, "エアバッグの装備（当事者A）": 2, "エアバッグの装備（当事者B）": 0, "サイドエアバッグの装備（当事者A）": 2, "サイドエアバッグの装備（当事者B）": 0, "人身損傷程度（当事者A）": 4, "人身損傷程度（当事者B）": 2, "地点　緯度（北緯）": 34.39416, "地点　経度（東経）": 133.1962111, "曜日(発生年月日)": 2, "祝日(発生年月日)": 3, "認知機能検査経過日数（当事者A）": 9999, "認知機能検査経過日数（当事者B）": 0, "運転練習の方法（当事者A）": 5, "運転練習の方法（当事者B）": 0, "field_69": null }, "geometry": { "type": "Point", "coordinates": [ 133.1962111, 34.39416 ] } },
{ "type": "Feature", "properties": { "資料区分": 1, "都道府県コード": 73, "警察署等コード": 119, "本票番号": 84, "事故内容": 2, "死者数": 0, "負傷者数": 1, "路線コード": 22100, "地点コード": 0, "市区町村コード": 204, "発生日時　　年": 2024, "発生日時　　月": 12, "発生日時　　日": 3, "発生日時　　時": 17, "発生日時　　分": 18, "昼夜": 21, "日の出時刻　　時": 7, "日の出時刻　　分": 0, "日の入り時刻　　時": 17, "日の入り時刻　　分": 0, "天候": 1, "地形": 3, "路面状態": 1, "道路形状": 14, "信号機": 7, "一時停止規制　標識（当事者A）": 0, "一時停止規制　表示（当事者A）": 0, "一時停止規制　標識（当事者B）": 0, "一時停止規制　表示（当事者B）": 0, "車道幅員": 2, "道路線形": 9, "衝突地点": 1, "ゾーン規制": 70, "中央分離帯施設等": 5, "歩車道区分": 4, "事故類型": 1, "年齢（当事者A）": 75, "年齢（当事者B）": 35, "当事者種別（当事者A）": 4, "当事者種別（当事者B）": 61, "用途別（当事者A）": 31, "用途別（当事者B）": 0, "車両形状等（当事者A）": 1, "車両形状等（当事者B）": 0, "オートマチック車（当事者A）": 1, "オートマチック車（当事者B）": 0, "サポカー（当事者A）": 11, "サポカー（当事者B）": 0, "速度規制（指定のみ）（当事者A）": 2, "速度規制（指定のみ）（当事者B）": 0, "車両の衝突部位（当事者A）": 40, "車両の衝突部位（当事者B）": 0, "車両の損壊程度（当事者A）": 3, "車両の損壊程度（当事者B）": 0, "エアバッグの装備（当事者A）": 2, "エアバッグの装備（当事者B）": 0, "サイドエアバッグの装備（当事者A）": 2, "サイドエアバッグの装備（当事者B）": 0, "人身損傷程度（当事者A）": 4, "人身損傷程度（当事者B）": 2, "地点　緯度（北緯）": 34.33886944, "地点　経度（東経）": 133.0420722, "曜日(発生年月日)": 3, "祝日(発生年月日)": 3, "認知機能検査経過日数（当事者A）": 0, "認知機能検査経過日数（当事者B）": 0, "運転練習の方法（当事者A）": 9, "運転練習の方法（当事者B）": 0, "field_69": null }, "geometry": { "type": "Point", "coordinates": [ 133.0420722, 34.33886944 ] } },
{ "type": "Feature", "properties": { "資料区分": 1, "都道府県コード": 73, "警察署等コード": 119, "本票番号": 85, "事故内容": 2, "死者数": 0, "負傷者数": 1, "路線コード": 37190, "地点コード": 0, "市区町村コード": 204, "発生日時　　年": 2024, "発生日時　　月": 12, "発生日時　　日": 22, "発生日時　　時": 8, "発生日時　　分": 59, "昼夜": 12, "日の出時刻　　時": 7, "日の出時刻　　分": 13, "日の入り時刻　　時": 17, "日の入り時刻　　分": 5, "天候": 3, "地形": 3, "路面状態": 2, "道路形状": 7, "信号機": 7, "一時停止規制　標識（当事者A）": 0, "一時停止規制　表示（当事者A）": 0, "一時停止規制　標識（当事者B）": 0, "一時停止規制　表示（当事者B）": 0, "車道幅員": 2, "道路線形": 9, "衝突地点": 1, "ゾーン規制": 70, "中央分離帯施設等": 5, "歩車道区分": 2, "事故類型": 1, "年齢（当事者A）": 35, "年齢（当事者B）": 35, "当事者種別（当事者A）": 3, "当事者種別（当事者B）": 61, "用途別（当事者A）": 31, "用途別（当事者B）": 0, "車両形状等（当事者A）": 1, "車両形状等（当事者B）": 0, "オートマチック車（当事者A）": 1, "オートマチック車（当事者B）": 0, "サポカー（当事者A）": 11, "サポカー（当事者B）": 0, "速度規制（指定のみ）（当事者A）": 2, "速度規制（指定のみ）（当事者B）": 0, "車両の衝突部位（当事者A）": 20, "車両の衝突部位（当事者B）": 0, "車両の損壊程度（当事者A）": 3, "車両の損壊程度（当事者B）": 0, "エアバッグの装備（当事者A）": 2, "エアバッグの装備（当事者B）": 0, "サイドエアバッグの装備（当事者A）": 2, "サイドエアバッグの装備（当事者B）": 0, "人身損傷程度（当事者A）": 4, "人身損傷程度（当事者B）": 2, "地点　緯度（北緯）": 34.40774167, "地点　経度（東経）": 132.9743833, "曜日(発生年月日)": 1, "祝日(発生年月日)": 3, "認知機能検査経過日数（当事者A）": 9999, "認知機能検査経過日数（当事者B）": 0, "運転練習の方法（当事者A）": 1, "運転練習の方法（当事者B）": 0, "field_69": null }, "geometry": { "type": "Point", "coordinates": [ 132.9743833, 34.40774167 ] } },
{ "type": "Feature", "properties": { "資料区分": 1, "都道府県コード": 73, "警察署等コード": 120, "本票番号": 170, "事故内容": 2, "死者数": 0, "負傷者数": 1, "路線コード": 20, "地点コード": 2408, "市区町村コード": 207, "発生日時　　年": 2024, "発生日時　　月": 10, "発生日時　　日": 22, "発生日時　　時": 18, "発生日時　　分": 55, "昼夜": 22, "日の出時刻　　時": 6, "日の出時刻　　分": 21, "日の入り時刻　　時": 17, "日の入り時刻　　分": 28, "天候": 3, "地形": 1, "路面状態": 2, "道路形状": 1, "信号機": 1, "一時停止規制　標識（当事者A）": 9, "一時停止規制　表示（当事者A）": 22, "一時停止規制　標識（当事者B）": 0, "一時停止規制　表示（当事者B）": 0, "車道幅員": 15, "道路線形": 9, "衝突地点": 30, "ゾーン規制": 70, "中央分離帯施設等": 5, "歩車道区分": 2, "事故類型": 1, "年齢（当事者A）": 45, "年齢（当事者B）": 45, "当事者種別（当事者A）": 17, "当事者種別（当事者B）": 61, "用途別（当事者A）": 31, "用途別（当事者B）": 0, "車両形状等（当事者A）": 11, "車両形状等（当事者B）": 0, "オートマチック車（当事者A）": 1, "オートマチック車（当事者B）": 0, "サポカー（当事者A）": 11, "サポカー（当事者B）": 0, "速度規制（指定のみ）（当事者A）": 4, "速度規制（指定のみ）（当事者B）": 0, "車両の衝突部位（当事者A）": 70, "車両の衝突部位（当事者B）": 0, "車両の損壊程度（当事者A）": 3, "車両の損壊程度（当事者B）": 0, "エアバッグの装備（当事者A）": 2, "エアバッグの装備（当事者B）": 0, "サイドエアバッグの装備（当事者A）": 2, "サイドエアバッグの装備（当事者B）": 0, "人身損傷程度（当事者A）": 4, "人身損傷程度（当事者B）": 2, "地点　緯度（北緯）": 34.45381139, "地点　経度（東経）": 133.2640178, "曜日(発生年月日)": 3, "祝日(発生年月日)": 3, "認知機能検査経過日数（当事者A）": 9999, "認知機能検査経過日数（当事者B）": 0, "運転練習の方法（当事者A）": 1, "運転練習の方法（当事者B）": 0, "field_69": null }, "geometry": { "type": "Point", "coordinates": [ 133.2640178, 34.45381139 ] } },
{ "type": "Feature", "properties": { "資料区分": 1, "都道府県コード": 73, "警察署等コード": 121, "本票番号": 550, "事故内容": 2, "死者数": 0, "負傷者数": 1, "路線コード": 37210, "地点コード": 0, "市区町村コード": 207, "発生日時　　年": 2024, "発生日時　　月": 11, "発生日時　　日": 5, "発生日時　　時": 18, "発生日時　　分": 35, "昼夜": 22, "日の出時刻　　時": 6, "日の出時刻　　分": 34, "日の入り時刻　　時": 17, "日の入り時刻　　分": 13, "天候": 2, "地形": 2, "路面状態": 1, "道路形状": 7, "信号機": 7, "一時停止規制　標識（当事者A）": 0, "一時停止規制　表示（当事者A）": 0, "一時停止規制　標識（当事者B）": 0, "一時停止規制　表示（当事者B）": 0, "車道幅員": 3, "道路線形": 9, "衝突地点": 1, "ゾーン規制": 70, "中央分離帯施設等": 5, "歩車道区分": 3, "事故類型": 1, "年齢（当事者A）": 75, "年齢（当事者B）": 75, "当事者種別（当事者A）": 4, "当事者種別（当事者B）": 61, "用途別（当事者A）": 31, "用途別（当事者B）": 0, "車両形状等（当事者A）": 1, "車両形状等（当事者B）": 0, "オートマチック車（当事者A）": 1, "オートマチック車（当事者B）": 0, "サポカー（当事者A）": 11, "サポカー（当事者B）": 0, "速度規制（指定のみ）（当事者A）": 10, "速度規制（指定のみ）（当事者B）": 0, "車両の衝突部位（当事者A）": 50, "車両の衝突部位（当事者B）": 0, "車両の損壊程度（当事者A）": 3, "車両の損壊程度（当事者B）": 0, "エアバッグの装備（当事者A）": 2, "エアバッグの装備（当事者B）": 0, "サイドエアバッグの装備（当事者A）": 2, "サイドエアバッグの装備（当事者B）": 0, "人身損傷程度（当事者A）": 4, "人身損傷程度（当事者B）": 2, "地点　緯度（北緯）": 34.48269694, "地点　経度（東経）": 133.3869653, "曜日(発生年月日)": 3, "祝日(発生年月日)": 3, "認知機能検査経過日数（当事者A）": 489, "認知機能検査経過日数（当事者B）": 0, "運転練習の方法（当事者A）": 9, "運転練習の方法（当事者B）": 0, "field_69": null }, "geometry": { "type": "Point", "coordinates": [ 133.386965300000014, 34.48269694 ] } },
{ "type": "Feature", "properties": { "資料区分": 1, "都道府県コード": 73, "警察署等コード": 121, "本票番号": 557, "事故内容": 2, "死者数": 0, "負傷者数": 1, "路線コード": 37210, "地点コード": 0, "市区町村コード": 207, "発生日時　　年": 2024, "発生日時　　月": 11, "発生日時　　日": 4, "発生日時　　時": 11, "発生日時　　分": 30, "昼夜": 12, "日の出時刻　　時": 6, "日の出時刻　　分": 33, "日の入り時刻　　時": 17, "日の入り時刻　　分": 14, "天候": 1, "地形": 1, "路面状態": 1, "道路形状": 1, "信号機": 1, "一時停止規制　標識（当事者A）": 0, "一時停止規制　表示（当事者A）": 0, "一時停止規制　標識（当事者B）": 0, "一時停止規制　表示（当事者B）": 0, "車道幅員": 15, "道路線形": 9, "衝突地点": 30, "ゾーン規制": 70, "中央分離帯施設等": 5, "歩車道区分": 2, "事故類型": 1, "年齢（当事者A）": 35, "年齢（当事者B）": 0, "当事者種別（当事者A）": 61, "当事者種別（当事者B）": 0, "用途別（当事者A）": 0, "用途別（当事者B）": 0, "車両形状等（当事者A）": 0, "車両形状等（当事者B）": 0, "オートマチック車（当事者A）": 0, "オートマチック車（当事者B）": 0, "サポカー（当事者A）": 0, "サポカー（当事者B）": 0, "速度規制（指定のみ）（当事者A）": 0, "速度規制（指定のみ）（当事者B）": 0, "車両の衝突部位（当事者A）": 0, "車両の衝突部位（当事者B）": 0, "車両の損壊程度（当事者A）": 0, "車両の損壊程度（当事者B）": 0, "エアバッグの装備（当事者A）": 0, "エアバッグの装備（当事者B）": 0, "サイドエアバッグの装備（当事者A）": 0, "サイドエアバッグの装備（当事者B）": 0, "人身損傷程度（当事者A）": 2, "人身損傷程度（当事者B）": 0, "地点　緯度（北緯）": 34.48866028, "地点　経度（東経）": 133.3595519, "曜日(発生年月日)": 2, "祝日(発生年月日)": 1, "認知機能検査経過日数（当事者A）": 0, "認知機能検査経過日数（当事者B）": 0, "運転練習の方法（当事者A）": 0, "運転練習の方法（当事者B）": 0, "field_69": null }, "geometry": { "type": "Point", "coordinates": [ 133.359551900000014, 34.48866028 ] } },
{ "type": "Feature", "properties": { "資料区分": 1, "都道府県コード": 73, "警察署等コード": 121, "本票番号": 558, "事故内容": 2, "死者数": 0, "負傷者数": 1, "路線コード": 38540, "地点コード": 0, "市区町村コード": 207, "発生日時　　年": 2024, "発生日時　　月": 9, "発生日時　　日": 4, "発生日時　　時": 17, "発生日時　　分": 52, "昼夜": 13, "日の出時刻　　時": 5, "日の出時刻　　分": 45, "日の入り時刻　　時": 18, "日の入り時刻　　分": 33, "天候": 1, "地形": 1, "路面状態": 1, "道路形状": 1, "信号機": 7, "一時停止規制　標識（当事者A）": 9, "一時停止規制　表示（当事者A）": 22, "一時停止規制　標識（当事者B）": 0, "一時停止規制　表示（当事者B）": 0, "車道幅員": 14, "道路線形": 9, "衝突地点": 30, "ゾーン規制": 70, "中央分離帯施設等": 4, "歩車道区分": 3, "事故類型": 1, "年齢（当事者A）": 45, "年齢（当事者B）": 1, "当事者種別（当事者A）": 4, "当事者種別（当事者B）": 61, "用途別（当事者A）": 31, "用途別（当事者B）": 0, "車両形状等（当事者A）": 1, "車両形状等（当事者B）": 0, "オートマチック車（当事者A）": 2, "オートマチック車（当事者B）": 0, "サポカー（当事者A）": 11, "サポカー（当事者B）": 0, "速度規制（指定のみ）（当事者A）": 3, "速度規制（指定のみ）（当事者B）": 0, "車両の衝突部位（当事者A）": 10, "車両の衝突部位（当事者B）": 0, "車両の損壊程度（当事者A）": 3, "車両の損壊程度（当事者B）": 0, "エアバッグの装備（当事者A）": 2, "エアバッグの装備（当事者B）": 0, "サイドエアバッグの装備（当事者A）": 2, "サイドエアバッグの装備（当事者B）": 0, "人身損傷程度（当事者A）": 4, "人身損傷程度（当事者B）": 2, "地点　緯度（北緯）": 34.51840861, "地点　経度（東経）": 133.3667764, "曜日(発生年月日)": 4, "祝日(発生年月日)": 3, "認知機能検査経過日数（当事者A）": 9999, "認知機能検査経過日数（当事者B）": 0, "運転練習の方法（当事者A）": 1, "運転練習の方法（当事者B）": 0, "field_69": null }, "geometry": { "type": "Point", "coordinates": [ 133.3667764, 34.51840861 ] } },
{ "type": "Feature", "properties": { "資料区分": 1, "都道府県コード": 73, "警察署等コード": 121, "本票番号": 570, "事故内容": 2, "死者数": 0, "負傷者数": 1, "路線コード": 37210, "地点コード": 0, "市区町村コード": 207, "発生日時　　年": 2024, "発生日時　　月": 12, "発生日時　　日": 9, "発生日時　　時": 7, "発生日時　　分": 33, "昼夜": 11, "日の出時刻　　時": 7, "日の出時刻　　分": 5, "日の入り時刻　　時": 17, "日の入り時刻　　分": 0, "天候": 1, "地形": 2, "路面状態": 1, "道路形状": 13, "信号機": 7, "一時停止規制　標識（当事者A）": 0, "一時停止規制　表示（当事者A）": 0, "一時停止規制　標識（当事者B）": 0, "一時停止規制　表示（当事者B）": 0, "車道幅員": 1, "道路線形": 3, "衝突地点": 1, "ゾーン規制": 70, "中央分離帯施設等": 5, "歩車道区分": 4, "事故類型": 1, "年齢（当事者A）": 35, "年齢（当事者B）": 75, "当事者種別（当事者A）": 3, "当事者種別（当事者B）": 61, "用途別（当事者A）": 31, "用途別（当事者B）": 0, "車両形状等（当事者A）": 1, "車両形状等（当事者B）": 0, "オートマチック車（当事者A）": 1, "オートマチック車（当事者B）": 0, "サポカー（当事者A）": 11, "サポカー（当事者B）": 0, "速度規制（指定のみ）（当事者A）": 10, "速度規制（指定のみ）（当事者B）": 0, "車両の衝突部位（当事者A）": 20, "車両の衝突部位（当事者B）": 0, "車両の損壊程度（当事者A）": 3, "車両の損壊程度（当事者B）": 0, "エアバッグの装備（当事者A）": 2, "エアバッグの装備（当事者B）": 0, "サイドエアバッグの装備（当事者A）": 2, "サイドエアバッグの装備（当事者B）": 0, "人身損傷程度（当事者A）": 4, "人身損傷程度（当事者B）": 2, "地点　緯度（北緯）": 34.519, "地点　経度（東経）": 133.3676156, "曜日(発生年月日)": 2, "祝日(発生年月日)": 3, "認知機能検査経過日数（当事者A）": 9999, "認知機能検査経過日数（当事者B）": 0, "運転練習の方法（当事者A）": 1, "運転練習の方法（当事者B）": 0, "field_69": null }, "geometry": { "type": "Point", "coordinates": [ 133.3676156, 34.519 ] } },
{ "type": "Feature", "properties": { "資料区分": 1, "都道府県コード": 73, "警察署等コード": 121, "本票番号": 575, "事故内容": 2, "死者数": 0, "負傷者数": 1, "路線コード": 14220, "地点コード": 0, "市区町村コード": 207, "発生日時　　年": 2024, "発生日時　　月": 12, "発生日時　　日": 13, "発生日時　　時": 3, "発生日時　　分": 10, "昼夜": 22, "日の出時刻　　時": 7, "日の出時刻　　分": 8, "日の入り時刻　　時": 17, "日の入り時刻　　分": 1, "天候": 2, "地形": 1, "路面状態": 1, "道路形状": 7, "信号機": 7, "一時停止規制　標識（当事者A）": 0, "一時停止規制　表示（当事者A）": 0, "一時停止規制　標識（当事者B）": 0, "一時停止規制　表示（当事者B）": 0, "車道幅員": 6, "道路線形": 9, "衝突地点": 1, "ゾーン規制": 70, "中央分離帯施設等": 4, "歩車道区分": 2, "事故類型": 1, "年齢（当事者A）": 75, "年齢（当事者B）": 55, "当事者種別（当事者A）": 4, "当事者種別（当事者B）": 61, "用途別（当事者A）": 31, "用途別（当事者B）": 0, "車両形状等（当事者A）": 1, "車両形状等（当事者B）": 0, "オートマチック車（当事者A）": 1, "オートマチック車（当事者B）": 0, "サポカー（当事者A）": 11, "サポカー（当事者B）": 0, "速度規制（指定のみ）（当事者A）": 4, "速度規制（指定のみ）（当事者B）": 0, "車両の衝突部位（当事者A）": 80, "車両の衝突部位（当事者B）": 0, "車両の損壊程度（当事者A）": 3, "車両の損壊程度（当事者B）": 0, "エアバッグの装備（当事者A）": 2, "エアバッグの装備（当事者B）": 0, "サイドエアバッグの装備（当事者A）": 2, "サイドエアバッグの装備（当事者B）": 0, "人身損傷程度（当事者A）": 4, "人身損傷程度（当事者B）": 2, "地点　緯度（北緯）": 34.47766333, "地点　経度（東経）": 133.3657886, "曜日(発生年月日)": 6, "祝日(発生年月日)": 3, "認知機能検査経過日数（当事者A）": 434, "認知機能検査経過日数（当事者B）": 0, "運転練習の方法（当事者A）": 9, "運転練習の方法（当事者B）": 0, "field_69": null }, "geometry": { "type": "Point", "coordinates": [ 133.3657886, 34.47766333 ] } },
{ "type": "Feature", "properties": { "資料区分": 1, "都道府県コード": 73, "警察署等コード": 121, "本票番号": 593, "事故内容": 2, "死者数": 0, "負傷者数": 1, "路線コード": 37210, "地点コード": 0, "市区町村コード": 207, "発生日時　　年": 2024, "発生日時　　月": 12, "発生日時　　日": 13, "発生日時　　時": 16, "発生日時　　分": 25, "昼夜": 13, "日の出時刻　　時": 7, "日の出時刻　　分": 8, "日の入り時刻　　時": 17, "日の入り時刻　　分": 1, "天候": 1, "地形": 2, "路面状態": 1, "道路形状": 1, "信号機": 7, "一時停止規制　標識（当事者A）": 9, "一時停止規制　表示（当事者A）": 22, "一時停止規制　標識（当事者B）": 0, "一時停止規制　表示（当事者B）": 0, "車道幅員": 15, "道路線形": 9, "衝突地点": 30, "ゾーン規制": 70, "中央分離帯施設等": 5, "歩車道区分": 2, "事故類型": 1, "年齢（当事者A）": 35, "年齢（当事者B）": 55, "当事者種別（当事者A）": 3, "当事者種別（当事者B）": 61, "用途別（当事者A）": 31, "用途別（当事者B）": 0, "車両形状等（当事者A）": 1, "車両形状等（当事者B）": 0, "オートマチック車（当事者A）": 1, "オートマチック車（当事者B）": 0, "サポカー（当事者A）": 11, "サポカー（当事者B）": 0, "速度規制（指定のみ）（当事者A）": 3, "速度規制（指定のみ）（当事者B）": 0, "車両の衝突部位（当事者A）": 20, "車両の衝突部位（当事者B）": 0, "車両の損壊程度（当事者A）": 3, "車両の損壊程度（当事者B）": 0, "エアバッグの装備（当事者A）": 2, "エアバッグの装備（当事者B）": 0, "サイドエアバッグの装備（当事者A）": 2, "サイドエアバッグの装備（当事者B）": 0, "人身損傷程度（当事者A）": 4, "人身損傷程度（当事者B）": 2, "地点　緯度（北緯）": 34.46555194, "地点　経度（東経）": 133.3715433, "曜日(発生年月日)": 6, "祝日(発生年月日)": 3, "認知機能検査経過日数（当事者A）": 9999, "認知機能検査経過日数（当事者B）": 0, "運転練習の方法（当事者A）": 5, "運転練習の方法（当事者B）": 0, "field_69": null }, "geometry": { "type": "Point", "coordinates": [ 133.371543300000013, 34.46555194 ] } },
{ "type": "Feature", "properties": { "資料区分": 1, "都道府県コード": 73, "警察署等コード": 121, "本票番号": 595, "事故内容": 1, "死者数": 1, "負傷者数": 0, "路線コード": 37210, "地点コード": 0, "市区町村コード": 207, "発生日時　　年": 2024, "発生日時　　月": 12, "発生日時　　日": 30, "発生日時　　時": 19, "発生日時　　分": 30, "昼夜": 22, "日の出時刻　　時": 7, "日の出時刻　　分": 16, "日の入り時刻　　時": 17, "日の入り時刻　　分": 10, "天候": 1, "地形": 2, "路面状態": 1, "道路形状": 1, "信号機": 7, "一時停止規制　標識（当事者A）": 9, "一時停止規制　表示（当事者A）": 22, "一時停止規制　標識（当事者B）": 0, "一時停止規制　表示（当事者B）": 0, "車道幅員": 17, "道路線形": 9, "衝突地点": 30, "ゾーン規制": 70, "中央分離帯施設等": 4, "歩車道区分": 2, "事故類型": 1, "年齢（当事者A）": 35, "年齢（当事者B）": 75, "当事者種別（当事者A）": 14, "当事者種別（当事者B）": 61, "用途別（当事者A）": 1, "用途別（当事者B）": 0, "車両形状等（当事者A）": 11, "車両形状等（当事者B）": 0, "オートマチック車（当事者A）": 1, "オートマチック車（当事者B）": 0, "サポカー（当事者A）": 11, "サポカー（当事者B）": 0, "速度規制（指定のみ）（当事者A）": 4, "速度規制（指定のみ）（当事者B）": 0, "車両の衝突部位（当事者A）": 10, "車両の衝突部位（当事者B）": 0, "車両の損壊程度（当事者A）": 3, "車両の損壊程度（当事者B）": 0, "エアバッグの装備（当事者A）": 2, "エアバッグの装備（当事者B）": 0, "サイドエアバッグの装備（当事者A）": 2, "サイドエアバッグの装備（当事者B）": 0, "人身損傷程度（当事者A）": 4, "人身損傷程度（当事者B）": 1, "地点　緯度（北緯）": 34.47284444, "地点　経度（東経）": 133.3859686, "曜日(発生年月日)": 2, "祝日(発生年月日)": 3, "認知機能検査経過日数（当事者A）": 9999, "認知機能検査経過日数（当事者B）": 0, "運転練習の方法（当事者A）": 1, "運転練習の方法（当事者B）": 0, "field_69": null }, "geometry": { "type": "Point", "coordinates": [ 133.385968600000012, 34.47284444 ] } },
{ "type": "Feature", "properties": { "資料区分": 1, "都道府県コード": 73, "警察署等コード": 122, "本票番号": 48, "事故内容": 2, "死者数": 0, "負傷者数": 2, "路線コード": 37220, "地点コード": 0, "市区町村コード": 208, "発生日時　　年": 2024, "発生日時　　月": 11, "発生日時　　日": 17, "発生日時　　時": 9, "発生日時　　分": 17, "昼夜": 12, "日の出時刻　　時": 6, "日の出時刻　　分": 45, "日の入り時刻　　時": 17, "日の入り時刻　　分": 5, "天候": 2, "地形": 3, "路面状態": 1, "道路形状": 7, "信号機": 7, "一時停止規制　標識（当事者A）": 0, "一時停止規制　表示（当事者A）": 0, "一時停止規制　標識（当事者B）": 0, "一時停止規制　表示（当事者B）": 0, "車道幅員": 1, "道路線形": 9, "衝突地点": 1, "ゾーン規制": 70, "中央分離帯施設等": 5, "歩車道区分": 4, "事故類型": 1, "年齢（当事者A）": 75, "年齢（当事者B）": 1, "当事者種別（当事者A）": 4, "当事者種別（当事者B）": 61, "用途別（当事者A）": 31, "用途別（当事者B）": 0, "車両形状等（当事者A）": 1, "車両形状等（当事者B）": 0, "オートマチック車（当事者A）": 1, "オートマチック車（当事者B）": 0, "サポカー（当事者A）": 11, "サポカー（当事者B）": 0, "速度規制（指定のみ）（当事者A）": 10, "速度規制（指定のみ）（当事者B）": 0, "車両の衝突部位（当事者A）": 10, "車両の衝突部位（当事者B）": 0, "車両の損壊程度（当事者A）": 4, "車両の損壊程度（当事者B）": 0, "エアバッグの装備（当事者A）": 2, "エアバッグの装備（当事者B）": 0, "サイドエアバッグの装備（当事者A）": 2, "サイドエアバッグの装備（当事者B）": 0, "人身損傷程度（当事者A）": 4, "人身損傷程度（当事者B）": 2, "地点　緯度（北緯）": 34.56231639, "地点　経度（東経）": 133.2536883, "曜日(発生年月日)": 1, "祝日(発生年月日)": 3, "認知機能検査経過日数（当事者A）": 702, "認知機能検査経過日数（当事者B）": 0, "運転練習の方法（当事者A）": 9, "運転練習の方法（当事者B）": 0, "field_69": null }, "geometry": { "type": "Point", "coordinates": [ 133.2536883, 34.56231639 ] } },
{ "type": "Feature", "properties": { "資料区分": 1, "都道府県コード": 73, "警察署等コード": 123, "本票番号": 27, "事故内容": 2, "死者数": 0, "負傷者数": 1, "路線コード": 1830, "地点コード": 0, "市区町村コード": 210, "発生日時　　年": 2024, "発生日時　　月": 11, "発生日時　　日": 23, "発生日時　　時": 14, "発生日時　　分": 46, "昼夜": 12, "日の出時刻　　時": 6, "日の出時刻　　分": 51, "日の入り時刻　　時": 17, "日の入り時刻　　分": 2, "天候": 1, "地形": 3, "路面状態": 1, "道路形状": 7, "信号機": 7, "一時停止規制　標識（当事者A）": 0, "一時停止規制　表示（当事者A）": 0, "一時停止規制　標識（当事者B）": 0, "一時停止規制　表示（当事者B）": 0, "車道幅員": 3, "道路線形": 9, "衝突地点": 1, "ゾーン規制": 70, "中央分離帯施設等": 4, "歩車道区分": 2, "事故類型": 1, "年齢（当事者A）": 75, "年齢（当事者B）": 75, "当事者種別（当事者A）": 14, "当事者種別（当事者B）": 61, "用途別（当事者A）": 31, "用途別（当事者B）": 0, "車両形状等（当事者A）": 11, "車両形状等（当事者B）": 0, "オートマチック車（当事者A）": 2, "オートマチック車（当事者B）": 0, "サポカー（当事者A）": 11, "サポカー（当事者B）": 0, "速度規制（指定のみ）（当事者A）": 4, "速度規制（指定のみ）（当事者B）": 0, "車両の衝突部位（当事者A）": 30, "車両の衝突部位（当事者B）": 0, "車両の損壊程度（当事者A）": 4, "車両の損壊程度（当事者B）": 0, "エアバッグの装備（当事者A）": 2, "エアバッグの装備（当事者B）": 0, "サイドエアバッグの装備（当事者A）": 2, "サイドエアバッグの装備（当事者B）": 0, "人身損傷程度（当事者A）": 4, "人身損傷程度（当事者B）": 2, "地点　緯度（北緯）": 34.83224167, "地点　経度（東経）": 132.9511608, "曜日(発生年月日)": 7, "祝日(発生年月日)": 1, "認知機能検査経過日数（当事者A）": 324, "認知機能検査経過日数（当事者B）": 0, "運転練習の方法（当事者A）": 9, "運転練習の方法（当事者B）": 0, "field_69": null }, "geometry": { "type": "Point", "coordinates": [ 132.9511608, 34.83224167 ] } },
{ "type": "Feature", "properties": { "資料区分": 1, "都道府県コード": 73, "警察署等コード": 123, "本票番号": 33, "事故内容": 2, "死者数": 0, "負傷者数": 1, "路線コード": 99000, "地点コード": 0, "市区町村コード": 210, "発生日時　　年": 2024, "発生日時　　月": 12, "発生日時　　日": 20, "発生日時　　時": 12, "発生日時　　分": 5, "昼夜": 12, "日の出時刻　　時": 7, "日の出時刻　　分": 12, "日の入り時刻　　時": 17, "日の入り時刻　　分": 4, "天候": 2, "地形": 2, "路面状態": 1, "道路形状": 0, "信号機": 7, "一時停止規制　標識（当事者A）": 0, "一時停止規制　表示（当事者A）": 0, "一時停止規制　標識（当事者B）": 0, "一時停止規制　表示（当事者B）": 0, "車道幅員": 0, "道路線形": 0, "衝突地点": 20, "ゾーン規制": 70, "中央分離帯施設等": 0, "歩車道区分": 4, "事故類型": 1, "年齢（当事者A）": 75, "年齢（当事者B）": 75, "当事者種別（当事者A）": 3, "当事者種別（当事者B）": 61, "用途別（当事者A）": 31, "用途別（当事者B）": 0, "車両形状等（当事者A）": 1, "車両形状等（当事者B）": 0, "オートマチック車（当事者A）": 1, "オートマチック車（当事者B）": 0, "サポカー（当事者A）": 11, "サポカー（当事者B）": 0, "速度規制（指定のみ）（当事者A）": 10, "速度規制（指定のみ）（当事者B）": 0, "車両の衝突部位（当事者A）": 20, "車両の衝突部位（当事者B）": 0, "車両の損壊程度（当事者A）": 4, "車両の損壊程度（当事者B）": 0, "エアバッグの装備（当事者A）": 2, "エアバッグの装備（当事者B）": 0, "サイドエアバッグの装備（当事者A）": 2, "サイドエアバッグの装備（当事者B）": 0, "人身損傷程度（当事者A）": 4, "人身損傷程度（当事者B）": 2, "地点　緯度（北緯）": 34.85560694, "地点　経度（東経）": 133.0097869, "曜日(発生年月日)": 6, "祝日(発生年月日)": 3, "認知機能検査経過日数（当事者A）": 765, "認知機能検査経過日数（当事者B）": 0, "運転練習の方法（当事者A）": 9, "運転練習の方法（当事者B）": 0, "field_69": null }, "geometry": { "type": "Point", "coordinates": [ 133.0097869, 34.85560694 ] } },
{ "type": "Feature", "properties": { "資料区分": 1, "都道府県コード": 73, "警察署等コード": 124, "本票番号": 50, "事故内容": 2, "死者数": 0, "負傷者数": 1, "路線コード": 24340, "地点コード": 0, "市区町村コード": 209, "発生日時　　年": 2024, "発生日時　　月": 11, "発生日時　　日": 1, "発生日時　　時": 17, "発生日時　　分": 28, "昼夜": 21, "日の出時刻　　時": 6, "日の出時刻　　分": 30, "日の入り時刻　　時": 17, "日の入り時刻　　分": 17, "天候": 3, "地形": 2, "路面状態": 2, "道路形状": 7, "信号機": 7, "一時停止規制　標識（当事者A）": 0, "一時停止規制　表示（当事者A）": 0, "一時停止規制　標識（当事者B）": 0, "一時停止規制　表示（当事者B）": 0, "車道幅員": 3, "道路線形": 9, "衝突地点": 1, "ゾーン規制": 70, "中央分離帯施設等": 4, "歩車道区分": 2, "事故類型": 1, "年齢（当事者A）": 55, "年齢（当事者B）": 75, "当事者種別（当事者A）": 17, "当事者種別（当事者B）": 61, "用途別（当事者A）": 31, "用途別（当事者B）": 0, "車両形状等（当事者A）": 11, "車両形状等（当事者B）": 0, "オートマチック車（当事者A）": 2, "オートマチック車（当事者B）": 0, "サポカー（当事者A）": 11, "サポカー（当事者B）": 0, "速度規制（指定のみ）（当事者A）": 3, "速度規制（指定のみ）（当事者B）": 0, "車両の衝突部位（当事者A）": 10, "車両の衝突部位（当事者B）": 0, "車両の損壊程度（当事者A）": 3, "車両の損壊程度（当事者B）": 0, "エアバッグの装備（当事者A）": 2, "エアバッグの装備（当事者B）": 0, "サイドエアバッグの装備（当事者A）": 2, "サイドエアバッグの装備（当事者B）": 0, "人身損傷程度（当事者A）": 4, "人身損傷程度（当事者B）": 2, "地点　緯度（北緯）": 34.81095056, "地点　経度（東経）": 132.8748936, "曜日(発生年月日)": 6, "祝日(発生年月日)": 3, "認知機能検査経過日数（当事者A）": 9999, "認知機能検査経過日数（当事者B）": 0, "運転練習の方法（当事者A）": 9, "運転練習の方法（当事者B）": 0, "field_69": null }, "geometry": { "type": "Point", "coordinates": [ 132.8748936, 34.81095056 ] } },
{ "type": "Feature", "properties": { "資料区分": 1, "都道府県コード": 73, "警察署等コード": 126, "本票番号": 297, "事故内容": 2, "死者数": 0, "負傷者数": 1, "路線コード": 37260, "地点コード": 0, "市区町村コード": 105, "発生日時　　年": 2024, "発生日時　　月": 12, "発生日時　　日": 3, "発生日時　　時": 9, "発生日時　　分": 4, "昼夜": 12, "日の出時刻　　時": 7, "日の出時刻　　分": 0, "日の入り時刻　　時": 17, "日の入り時刻　　分": 0, "天候": 1, "地形": 1, "路面状態": 1, "道路形状": 7, "信号機": 7, "一時停止規制　標識（当事者A）": 0, "一時停止規制　表示（当事者A）": 0, "一時停止規制　標識（当事者B）": 0, "一時停止規制　表示（当事者B）": 0, "車道幅員": 2, "道路線形": 9, "衝突地点": 1, "ゾーン規制": 70, "中央分離帯施設等": 5, "歩車道区分": 4, "事故類型": 1, "年齢（当事者A）": 45, "年齢（当事者B）": 55, "当事者種別（当事者A）": 14, "当事者種別（当事者B）": 61, "用途別（当事者A）": 31, "用途別（当事者B）": 0, "車両形状等（当事者A）": 11, "車両形状等（当事者B）": 0, "オートマチック車（当事者A）": 2, "オートマチック車（当事者B）": 0, "サポカー（当事者A）": 11, "サポカー（当事者B）": 0, "速度規制（指定のみ）（当事者A）": 10, "速度規制（指定のみ）（当事者B）": 0, "車両の衝突部位（当事者A）": 40, "車両の衝突部位（当事者B）": 0, "車両の損壊程度（当事者A）": 3, "車両の損壊程度（当事者B）": 0, "エアバッグの装備（当事者A）": 2, "エアバッグの装備（当事者B）": 0, "サイドエアバッグの装備（当事者A）": 2, "サイドエアバッグの装備（当事者B）": 0, "人身損傷程度（当事者A）": 4, "人身損傷程度（当事者B）": 2, "地点　緯度（北緯）": 34.43142278, "地点　経度（東経）": 132.4658219, "曜日(発生年月日)": 3, "祝日(発生年月日)": 3, "認知機能検査経過日数（当事者A）": 9999, "認知機能検査経過日数（当事者B）": 0, "運転練習の方法（当事者A）": 1, "運転練習の方法（当事者B）": 0, "field_69": null }, "geometry": { "type": "Point", "coordinates": [ 132.4658219, 34.43142278 ] } },
{ "type": "Feature", "properties": { "資料区分": 1, "都道府県コード": 73, "警察署等コード": 126, "本票番号": 300, "事故内容": 2, "死者数": 0, "負傷者数": 1, "路線コード": 37260, "地点コード": 0, "市区町村コード": 105, "発生日時　　年": 2024, "発生日時　　月": 11, "発生日時　　日": 6, "発生日時　　時": 18, "発生日時　　分": 40, "昼夜": 22, "日の出時刻　　時": 6, "日の出時刻　　分": 35, "日の入り時刻　　時": 17, "日の入り時刻　　分": 13, "天候": 1, "地形": 1, "路面状態": 1, "道路形状": 1, "信号機": 7, "一時停止規制　標識（当事者A）": 9, "一時停止規制　表示（当事者A）": 22, "一時停止規制　標識（当事者B）": 0, "一時停止規制　表示（当事者B）": 0, "車道幅員": 15, "道路線形": 9, "衝突地点": 30, "ゾーン規制": 70, "中央分離帯施設等": 5, "歩車道区分": 2, "事故類型": 1, "年齢（当事者A）": 75, "年齢（当事者B）": 45, "当事者種別（当事者A）": 3, "当事者種別（当事者B）": 61, "用途別（当事者A）": 31, "用途別（当事者B）": 0, "車両形状等（当事者A）": 1, "車両形状等（当事者B）": 0, "オートマチック車（当事者A）": 1, "オートマチック車（当事者B）": 0, "サポカー（当事者A）": 11, "サポカー（当事者B）": 0, "速度規制（指定のみ）（当事者A）": 2, "速度規制（指定のみ）（当事者B）": 0, "車両の衝突部位（当事者A）": 20, "車両の衝突部位（当事者B）": 0, "車両の損壊程度（当事者A）": 3, "車両の損壊程度（当事者B）": 0, "エアバッグの装備（当事者A）": 2, "エアバッグの装備（当事者B）": 0, "サイドエアバッグの装備（当事者A）": 2, "サイドエアバッグの装備（当事者B）": 0, "人身損傷程度（当事者A）": 4, "人身損傷程度（当事者B）": 2, "地点　緯度（北緯）": 34.45101111, "地点　経度（東経）": 132.4747242, "曜日(発生年月日)": 4, "祝日(発生年月日)": 3, "認知機能検査経過日数（当事者A）": 396, "認知機能検査経過日数（当事者B）": 0, "運転練習の方法（当事者A）": 1, "運転練習の方法（当事者B）": 0, "field_69": null }, "geometry": { "type": "Point", "coordinates": [ 132.4747242, 34.45101111 ] } },
{ "type": "Feature", "properties": { "資料区分": 1, "都道府県コード": 73, "警察署等コード": 126, "本票番号": 302, "事故内容": 2, "死者数": 0, "負傷者数": 1, "路線コード": 37260, "地点コード": 0, "市区町村コード": 105, "発生日時　　年": 2024, "発生日時　　月": 10, "発生日時　　日": 19, "発生日時　　時": 15, "発生日時　　分": 4, "昼夜": 12, "日の出時刻　　時": 6, "日の出時刻　　分": 19, "日の入り時刻　　時": 17, "日の入り時刻　　分": 31, "天候": 2, "地形": 1, "路面状態": 1, "道路形状": 7, "信号機": 7, "一時停止規制　標識（当事者A）": 0, "一時停止規制　表示（当事者A）": 0, "一時停止規制　標識（当事者B）": 0, "一時停止規制　表示（当事者B）": 0, "車道幅員": 3, "道路線形": 9, "衝突地点": 1, "ゾーン規制": 70, "中央分離帯施設等": 4, "歩車道区分": 4, "事故類型": 1, "年齢（当事者A）": 35, "年齢（当事者B）": 35, "当事者種別（当事者A）": 3, "当事者種別（当事者B）": 61, "用途別（当事者A）": 31, "用途別（当事者B）": 0, "車両形状等（当事者A）": 1, "車両形状等（当事者B）": 0, "オートマチック車（当事者A）": 1, "オートマチック車（当事者B）": 0, "サポカー（当事者A）": 11, "サポカー（当事者B）": 0, "速度規制（指定のみ）（当事者A）": 10, "速度規制（指定のみ）（当事者B）": 0, "車両の衝突部位（当事者A）": 80, "車両の衝突部位（当事者B）": 0, "車両の損壊程度（当事者A）": 3, "車両の損壊程度（当事者B）": 0, "エアバッグの装備（当事者A）": 2, "エアバッグの装備（当事者B）": 0, "サイドエアバッグの装備（当事者A）": 2, "サイドエアバッグの装備（当事者B）": 0, "人身損傷程度（当事者A）": 4, "人身損傷程度（当事者B）": 2, "地点　緯度（北緯）": 34.47645361, "地点　経度（東経）": 132.4934156, "曜日(発生年月日)": 7, "祝日(発生年月日)": 3, "認知機能検査経過日数（当事者A）": 9999, "認知機能検査経過日数（当事者B）": 0, "運転練習の方法（当事者A）": 1, "運転練習の方法（当事者B）": 0, "field_69": null }, "geometry": { "type": "Point", "coordinates": [ 132.4934156, 34.47645361 ] } },
{ "type": "Feature", "properties": { "資料区分": 1, "都道府県コード": 73, "警察署等コード": 126, "本票番号": 307, "事故内容": 2, "死者数": 0, "負傷者数": 1, "路線コード": 37260, "地点コード": 0, "市区町村コード": 105, "発生日時　　年": 2024, "発生日時　　月": 12, "発生日時　　日": 17, "発生日時　　時": 19, "発生日時　　分": 7, "昼夜": 22, "日の出時刻　　時": 7, "日の出時刻　　分": 10, "日の入り時刻　　時": 17, "日の入り時刻　　分": 2, "天候": 2, "地形": 1, "路面状態": 1, "道路形状": 1, "信号機": 7, "一時停止規制　標識（当事者A）": 9, "一時停止規制　表示（当事者A）": 22, "一時停止規制　標識（当事者B）": 0, "一時停止規制　表示（当事者B）": 0, "車道幅員": 18, "道路線形": 9, "衝突地点": 30, "ゾーン規制": 70, "中央分離帯施設等": 5, "歩車道区分": 2, "事故類型": 1, "年齢（当事者A）": 45, "年齢（当事者B）": 45, "当事者種別（当事者A）": 3, "当事者種別（当事者B）": 61, "用途別（当事者A）": 31, "用途別（当事者B）": 0, "車両形状等（当事者A）": 1, "車両形状等（当事者B）": 0, "オートマチック車（当事者A）": 1, "オートマチック車（当事者B）": 0, "サポカー（当事者A）": 11, "サポカー（当事者B）": 0, "速度規制（指定のみ）（当事者A）": 3, "速度規制（指定のみ）（当事者B）": 0, "車両の衝突部位（当事者A）": 80, "車両の衝突部位（当事者B）": 0, "車両の損壊程度（当事者A）": 3, "車両の損壊程度（当事者B）": 0, "エアバッグの装備（当事者A）": 2, "エアバッグの装備（当事者B）": 0, "サイドエアバッグの装備（当事者A）": 2, "サイドエアバッグの装備（当事者B）": 0, "人身損傷程度（当事者A）": 4, "人身損傷程度（当事者B）": 2, "地点　緯度（北緯）": 34.44663889, "地点　経度（東経）": 132.4605278, "曜日(発生年月日)": 3, "祝日(発生年月日)": 3, "認知機能検査経過日数（当事者A）": 9999, "認知機能検査経過日数（当事者B）": 0, "運転練習の方法（当事者A）": 1, "運転練習の方法（当事者B）": 0, "field_69": null }, "geometry": { "type": "Point", "coordinates": [ 132.4605278, 34.44663889 ] } },
{ "type": "Feature", "properties": { "資料区分": 1, "都道府県コード": 73, "警察署等コード": 126, "本票番号": 309, "事故内容": 2, "死者数": 0, "負傷者数": 1, "路線コード": 37260, "地点コード": 0, "市区町村コード": 105, "発生日時　　年": 2024, "発生日時　　月": 8, "発生日時　　日": 3, "発生日時　　時": 13, "発生日時　　分": 30, "昼夜": 12, "日の出時刻　　時": 5, "日の出時刻　　分": 22, "日の入り時刻　　時": 19, "日の入り時刻　　分": 10, "天候": 1, "地形": 1, "路面状態": 1, "道路形状": 1, "信号機": 7, "一時停止規制　標識（当事者A）": 9, "一時停止規制　表示（当事者A）": 22, "一時停止規制　標識（当事者B）": 0, "一時停止規制　表示（当事者B）": 0, "車道幅員": 18, "道路線形": 9, "衝突地点": 30, "ゾーン規制": 70, "中央分離帯施設等": 5, "歩車道区分": 2, "事故類型": 1, "年齢（当事者A）": 65, "年齢（当事者B）": 35, "当事者種別（当事者A）": 4, "当事者種別（当事者B）": 61, "用途別（当事者A）": 31, "用途別（当事者B）": 0, "車両形状等（当事者A）": 1, "車両形状等（当事者B）": 0, "オートマチック車（当事者A）": 1, "オートマチック車（当事者B）": 0, "サポカー（当事者A）": 11, "サポカー（当事者B）": 0, "速度規制（指定のみ）（当事者A）": 10, "速度規制（指定のみ）（当事者B）": 0, "車両の衝突部位（当事者A）": 40, "車両の衝突部位（当事者B）": 0, "車両の損壊程度（当事者A）": 4, "車両の損壊程度（当事者B）": 0, "エアバッグの装備（当事者A）": 2, "エアバッグの装備（当事者B）": 0, "サイドエアバッグの装備（当事者A）": 2, "サイドエアバッグの装備（当事者B）": 0, "人身損傷程度（当事者A）": 4, "人身損傷程度（当事者B）": 2, "地点　緯度（北緯）": 34.464945, "地点　経度（東経）": 132.4707025, "曜日(発生年月日)": 7, "祝日(発生年月日)": 3, "認知機能検査経過日数（当事者A）": 9999, "認知機能検査経過日数（当事者B）": 0, "運転練習の方法（当事者A）": 9, "運転練習の方法（当事者B）": 0, "field_69": null }, "geometry": { "type": "Point", "coordinates": [ 132.470702499999987, 34.464945 ] } },
{ "type": "Feature", "properties": { "資料区分": 1, "都道府県コード": 73, "警察署等コード": 127, "本票番号": 244, "事故内容": 2, "死者数": 0, "負傷者数": 1, "路線コード": 37270, "地点コード": 0, "市区町村コード": 104, "発生日時　　年": 2024, "発生日時　　月": 11, "発生日時　　日": 25, "発生日時　　時": 17, "発生日時　　分": 24, "昼夜": 21, "日の出時刻　　時": 6, "日の出時刻　　分": 53, "日の入り時刻　　時": 17, "日の入り時刻　　分": 1, "天候": 1, "地形": 1, "路面状態": 1, "道路形状": 1, "信号機": 7, "一時停止規制　標識（当事者A）": 1, "一時停止規制　表示（当事者A）": 21, "一時停止規制　標識（当事者B）": 0, "一時停止規制　表示（当事者B）": 0, "車道幅員": 17, "道路線形": 9, "衝突地点": 30, "ゾーン規制": 70, "中央分離帯施設等": 5, "歩車道区分": 3, "事故類型": 1, "年齢（当事者A）": 35, "年齢（当事者B）": 65, "当事者種別（当事者A）": 14, "当事者種別（当事者B）": 61, "用途別（当事者A）": 31, "用途別（当事者B）": 0, "車両形状等（当事者A）": 11, "車両形状等（当事者B）": 0, "オートマチック車（当事者A）": 1, "オートマチック車（当事者B）": 0, "サポカー（当事者A）": 11, "サポカー（当事者B）": 0, "速度規制（指定のみ）（当事者A）": 10, "速度規制（指定のみ）（当事者B）": 0, "車両の衝突部位（当事者A）": 10, "車両の衝突部位（当事者B）": 0, "車両の損壊程度（当事者A）": 3, "車両の損壊程度（当事者B）": 0, "エアバッグの装備（当事者A）": 2, "エアバッグの装備（当事者B）": 0, "サイドエアバッグの装備（当事者A）": 2, "サイドエアバッグの装備（当事者B）": 0, "人身損傷程度（当事者A）": 4, "人身損傷程度（当事者B）": 2, "地点　緯度（北緯）": 34.39468694, "地点　経度（東経）": 132.4355517, "曜日(発生年月日)": 2, "祝日(発生年月日)": 3, "認知機能検査経過日数（当事者A）": 9999, "認知機能検査経過日数（当事者B）": 0, "運転練習の方法（当事者A）": 1, "運転練習の方法（当事者B）": 0, "field_69": null }, "geometry": { "type": "Point", "coordinates": [ 132.4355517, 34.39468694 ] } },
{ "type": "Feature", "properties": { "資料区分": 1, "都道府県コード": 73, "警察署等コード": 127, "本票番号": 249, "事故内容": 2, "死者数": 0, "負傷者数": 1, "路線コード": 37270, "地点コード": 0, "市区町村コード": 104, "発生日時　　年": 2024, "発生日時　　月": 11, "発生日時　　日": 27, "発生日時　　時": 7, "発生日時　　分": 50, "昼夜": 11, "日の出時刻　　時": 6, "日の出時刻　　分": 55, "日の入り時刻　　時": 17, "日の入り時刻　　分": 1, "天候": 1, "地形": 1, "路面状態": 1, "道路形状": 14, "信号機": 7, "一時停止規制　標識（当事者A）": 0, "一時停止規制　表示（当事者A）": 0, "一時停止規制　標識（当事者B）": 0, "一時停止規制　表示（当事者B）": 0, "車道幅員": 2, "道路線形": 9, "衝突地点": 1, "ゾーン規制": 70, "中央分離帯施設等": 5, "歩車道区分": 4, "事故類型": 1, "年齢（当事者A）": 1, "年齢（当事者B）": 1, "当事者種別（当事者A）": 51, "当事者種別（当事者B）": 61, "用途別（当事者A）": 41, "用途別（当事者B）": 0, "車両形状等（当事者A）": 0, "車両形状等（当事者B）": 0, "オートマチック車（当事者A）": 0, "オートマチック車（当事者B）": 0, "サポカー（当事者A）": 0, "サポカー（当事者B）": 0, "速度規制（指定のみ）（当事者A）": 0, "速度規制（指定のみ）（当事者B）": 0, "車両の衝突部位（当事者A）": 10, "車両の衝突部位（当事者B）": 0, "車両の損壊程度（当事者A）": 3, "車両の損壊程度（当事者B）": 0, "エアバッグの装備（当事者A）": 0, "エアバッグの装備（当事者B）": 0, "サイドエアバッグの装備（当事者A）": 0, "サイドエアバッグの装備（当事者B）": 0, "人身損傷程度（当事者A）": 4, "人身損傷程度（当事者B）": 2, "地点　緯度（北緯）": 34.40365056, "地点　経度（東経）": 132.4200044, "曜日(発生年月日)": 4, "祝日(発生年月日)": 3, "認知機能検査経過日数（当事者A）": 0, "認知機能検査経過日数（当事者B）": 0, "運転練習の方法（当事者A）": 0, "運転練習の方法（当事者B）": 0, "field_69": null }, "geometry": { "type": "Point", "coordinates": [ 132.42000440000001, 34.40365056 ] } },
{ "type": "Feature", "properties": { "資料区分": 1, "都道府県コード": 73, "警察署等コード": 127, "本票番号": 257, "事故内容": 2, "死者数": 0, "負傷者数": 1, "路線コード": 37270, "地点コード": 0, "市区町村コード": 104, "発生日時　　年": 2024, "発生日時　　月": 12, "発生日時　　日": 13, "発生日時　　時": 5, "発生日時　　分": 45, "昼夜": 22, "日の出時刻　　時": 7, "日の出時刻　　分": 8, "日の入り時刻　　時": 17, "日の入り時刻　　分": 1, "天候": 1, "地形": 1, "路面状態": 1, "道路形状": 1, "信号機": 7, "一時停止規制　標識（当事者A）": 9, "一時停止規制　表示（当事者A）": 22, "一時停止規制　標識（当事者B）": 0, "一時停止規制　表示（当事者B）": 0, "車道幅員": 18, "道路線形": 9, "衝突地点": 30, "ゾーン規制": 70, "中央分離帯施設等": 5, "歩車道区分": 2, "事故類型": 1, "年齢（当事者A）": 45, "年齢（当事者B）": 55, "当事者種別（当事者A）": 3, "当事者種別（当事者B）": 61, "用途別（当事者A）": 31, "用途別（当事者B）": 0, "車両形状等（当事者A）": 1, "車両形状等（当事者B）": 0, "オートマチック車（当事者A）": 1, "オートマチック車（当事者B）": 0, "サポカー（当事者A）": 11, "サポカー（当事者B）": 0, "速度規制（指定のみ）（当事者A）": 2, "速度規制（指定のみ）（当事者B）": 0, "車両の衝突部位（当事者A）": 80, "車両の衝突部位（当事者B）": 0, "車両の損壊程度（当事者A）": 3, "車両の損壊程度（当事者B）": 0, "エアバッグの装備（当事者A）": 2, "エアバッグの装備（当事者B）": 0, "サイドエアバッグの装備（当事者A）": 2, "サイドエアバッグの装備（当事者B）": 0, "人身損傷程度（当事者A）": 4, "人身損傷程度（当事者B）": 2, "地点　緯度（北緯）": 34.38054139, "地点　経度（東経）": 132.3959664, "曜日(発生年月日)": 6, "祝日(発生年月日)": 3, "認知機能検査経過日数（当事者A）": 9999, "認知機能検査経過日数（当事者B）": 0, "運転練習の方法（当事者A）": 1, "運転練習の方法（当事者B）": 0, "field_69": null }, "geometry": { "type": "Point", "coordinates": [ 132.3959664, 34.38054139 ] } },
{ "type": "Feature", "properties": { "資料区分": 1, "都道府県コード": 73, "警察署等コード": 128, "本票番号": 200, "事故内容": 2, "死者数": 0, "負傷者数": 1, "路線コード": 23910, "地点コード": 0, "市区町村コード": 207, "発生日時　　年": 2024, "発生日時　　月": 9, "発生日時　　日": 27, "発生日時　　時": 19, "発生日時　　分": 30, "昼夜": 22, "日の出時刻　　時": 6, "日の出時刻　　分": 2, "日の入り時刻　　時": 18, "日の入り時刻　　分": 0, "天候": 1, "地形": 3, "路面状態": 1, "道路形状": 1, "信号機": 2, "一時停止規制　標識（当事者A）": 9, "一時停止規制　表示（当事者A）": 22, "一時停止規制　標識（当事者B）": 0, "一時停止規制　表示（当事者B）": 0, "車道幅員": 18, "道路線形": 9, "衝突地点": 30, "ゾーン規制": 70, "中央分離帯施設等": 5, "歩車道区分": 2, "事故類型": 1, "年齢（当事者A）": 35, "年齢（当事者B）": 55, "当事者種別（当事者A）": 4, "当事者種別（当事者B）": 61, "用途別（当事者A）": 31, "用途別（当事者B）": 0, "車両形状等（当事者A）": 1, "車両形状等（当事者B）": 0, "オートマチック車（当事者A）": 1, "オートマチック車（当事者B）": 0, "サポカー（当事者A）": 11, "サポカー（当事者B）": 0, "速度規制（指定のみ）（当事者A）": 4, "速度規制（指定のみ）（当事者B）": 0, "車両の衝突部位（当事者A）": 10, "車両の衝突部位（当事者B）": 0, "車両の損壊程度（当事者A）": 3, "車両の損壊程度（当事者B）": 0, "エアバッグの装備（当事者A）": 2, "エアバッグの装備（当事者B）": 0, "サイドエアバッグの装備（当事者A）": 2, "サイドエアバッグの装備（当事者B）": 0, "人身損傷程度（当事者A）": 4, "人身損傷程度（当事者B）": 2, "地点　緯度（北緯）": 34.54445, "地点　経度（東経）": 133.3482056, "曜日(発生年月日)": 6, "祝日(発生年月日)": 3, "認知機能検査経過日数（当事者A）": 9999, "認知機能検査経過日数（当事者B）": 0, "運転練習の方法（当事者A）": 1, "運転練習の方法（当事者B）": 0, "field_69": null }, "geometry": { "type": "Point", "coordinates": [ 133.3482056, 34.54445 ] } },
{ "type": "Feature", "properties": { "資料区分": 1, "都道府県コード": 73, "警察署等コード": 128, "本票番号": 202, "事故内容": 2, "死者数": 0, "負傷者数": 1, "路線コード": 37280, "地点コード": 0, "市区町村コード": 207, "発生日時　　年": 2024, "発生日時　　月": 10, "発生日時　　日": 30, "発生日時　　時": 11, "発生日時　　分": 48, "昼夜": 12, "日の出時刻　　時": 6, "日の出時刻　　分": 28, "日の入り時刻　　時": 17, "日の入り時刻　　分": 19, "天候": 1, "地形": 3, "路面状態": 1, "道路形状": 14, "信号機": 7, "一時停止規制　標識（当事者A）": 0, "一時停止規制　表示（当事者A）": 0, "一時停止規制　標識（当事者B）": 0, "一時停止規制　表示（当事者B）": 0, "車道幅員": 2, "道路線形": 9, "衝突地点": 1, "ゾーン規制": 70, "中央分離帯施設等": 5, "歩車道区分": 4, "事故類型": 1, "年齢（当事者A）": 75, "年齢（当事者B）": 1, "当事者種別（当事者A）": 4, "当事者種別（当事者B）": 61, "用途別（当事者A）": 31, "用途別（当事者B）": 0, "車両形状等（当事者A）": 1, "車両形状等（当事者B）": 0, "オートマチック車（当事者A）": 1, "オートマチック車（当事者B）": 0, "サポカー（当事者A）": 11, "サポカー（当事者B）": 0, "速度規制（指定のみ）（当事者A）": 10, "速度規制（指定のみ）（当事者B）": 0, "車両の衝突部位（当事者A）": 50, "車両の衝突部位（当事者B）": 0, "車両の損壊程度（当事者A）": 3, "車両の損壊程度（当事者B）": 0, "エアバッグの装備（当事者A）": 2, "エアバッグの装備（当事者B）": 0, "サイドエアバッグの装備（当事者A）": 2, "サイドエアバッグの装備（当事者B）": 0, "人身損傷程度（当事者A）": 4, "人身損傷程度（当事者B）": 2, "地点　緯度（北緯）": 34.54268778, "地点　経度（東経）": 133.3205944, "曜日(発生年月日)": 4, "祝日(発生年月日)": 3, "認知機能検査経過日数（当事者A）": 721, "認知機能検査経過日数（当事者B）": 0, "運転練習の方法（当事者A）": 9, "運転練習の方法（当事者B）": 0, "field_69": null }, "geometry": { "type": "Point", "coordinates": [ 133.3205944, 34.54268778 ] } },
{ "type": "Feature", "properties": { "資料区分": 1, "都道府県コード": 73, "警察署等コード": 128, "本票番号": 203, "事故内容": 2, "死者数": 0, "負傷者数": 1, "路線コード": 1820, "地点コード": 0, "市区町村コード": 207, "発生日時　　年": 2024, "発生日時　　月": 11, "発生日時　　日": 8, "発生日時　　時": 11, "発生日時　　分": 4, "昼夜": 12, "日の出時刻　　時": 6, "日の出時刻　　分": 37, "日の入り時刻　　時": 17, "日の入り時刻　　分": 11, "天候": 1, "地形": 3, "路面状態": 1, "道路形状": 1, "信号機": 1, "一時停止規制　標識（当事者A）": 9, "一時停止規制　表示（当事者A）": 22, "一時停止規制　標識（当事者B）": 0, "一時停止規制　表示（当事者B）": 0, "車道幅員": 18, "道路線形": 9, "衝突地点": 30, "ゾーン規制": 70, "中央分離帯施設等": 4, "歩車道区分": 3, "事故類型": 1, "年齢（当事者A）": 75, "年齢（当事者B）": 75, "当事者種別（当事者A）": 3, "当事者種別（当事者B）": 61, "用途別（当事者A）": 31, "用途別（当事者B）": 0, "車両形状等（当事者A）": 1, "車両形状等（当事者B）": 0, "オートマチック車（当事者A）": 1, "オートマチック車（当事者B）": 0, "サポカー（当事者A）": 11, "サポカー（当事者B）": 0, "速度規制（指定のみ）（当事者A）": 10, "速度規制（指定のみ）（当事者B）": 0, "車両の衝突部位（当事者A）": 10, "車両の衝突部位（当事者B）": 0, "車両の損壊程度（当事者A）": 3, "車両の損壊程度（当事者B）": 0, "エアバッグの装備（当事者A）": 2, "エアバッグの装備（当事者B）": 0, "サイドエアバッグの装備（当事者A）": 2, "サイドエアバッグの装備（当事者B）": 0, "人身損傷程度（当事者A）": 4, "人身損傷程度（当事者B）": 2, "地点　緯度（北緯）": 34.56899528, "地点　経度（東経）": 133.3459169, "曜日(発生年月日)": 6, "祝日(発生年月日)": 3, "認知機能検査経過日数（当事者A）": 107, "認知機能検査経過日数（当事者B）": 0, "運転練習の方法（当事者A）": 9, "運転練習の方法（当事者B）": 0, "field_69": null }, "geometry": { "type": "Point", "coordinates": [ 133.3459169, 34.56899528 ] } },
{ "type": "Feature", "properties": { "資料区分": 1, "都道府県コード": 73, "警察署等コード": 128, "本票番号": 204, "事故内容": 2, "死者数": 0, "負傷者数": 1, "路線コード": 99000, "地点コード": 0, "市区町村コード": 207, "発生日時　　年": 2024, "発生日時　　月": 11, "発生日時　　日": 8, "発生日時　　時": 11, "発生日時　　分": 46, "昼夜": 12, "日の出時刻　　時": 6, "日の出時刻　　分": 37, "日の入り時刻　　時": 17, "日の入り時刻　　分": 11, "天候": 1, "地形": 2, "路面状態": 1, "道路形状": 0, "信号機": 7, "一時停止規制　標識（当事者A）": 0, "一時停止規制　表示（当事者A）": 0, "一時停止規制　標識（当事者B）": 0, "一時停止規制　表示（当事者B）": 0, "車道幅員": 0, "道路線形": 0, "衝突地点": 20, "ゾーン規制": 70, "中央分離帯施設等": 0, "歩車道区分": 4, "事故類型": 1, "年齢（当事者A）": 25, "年齢（当事者B）": 65, "当事者種別（当事者A）": 4, "当事者種別（当事者B）": 61, "用途別（当事者A）": 31, "用途別（当事者B）": 0, "車両形状等（当事者A）": 1, "車両形状等（当事者B）": 0, "オートマチック車（当事者A）": 1, "オートマチック車（当事者B）": 0, "サポカー（当事者A）": 11, "サポカー（当事者B）": 0, "速度規制（指定のみ）（当事者A）": 10, "速度規制（指定のみ）（当事者B）": 0, "車両の衝突部位（当事者A）": 80, "車両の衝突部位（当事者B）": 0, "車両の損壊程度（当事者A）": 3, "車両の損壊程度（当事者B）": 0, "エアバッグの装備（当事者A）": 2, "エアバッグの装備（当事者B）": 0, "サイドエアバッグの装備（当事者A）": 2, "サイドエアバッグの装備（当事者B）": 0, "人身損傷程度（当事者A）": 4, "人身損傷程度（当事者B）": 2, "地点　緯度（北緯）": 34.54617167, "地点　経度（東経）": 133.3572578, "曜日(発生年月日)": 6, "祝日(発生年月日)": 3, "認知機能検査経過日数（当事者A）": 9999, "認知機能検査経過日数（当事者B）": 0, "運転練習の方法（当事者A）": 1, "運転練習の方法（当事者B）": 0, "field_69": null }, "geometry": { "type": "Point", "coordinates": [ 133.357257800000014, 34.54617167 ] } },
{ "type": "Feature", "properties": { "資料区分": 1, "都道府県コード": 73, "警察署等コード": 128, "本票番号": 207, "事故内容": 2, "死者数": 0, "負傷者数": 1, "路線コード": 4860, "地点コード": 0, "市区町村コード": 207, "発生日時　　年": 2024, "発生日時　　月": 12, "発生日時　　日": 7, "発生日時　　時": 7, "発生日時　　分": 0, "昼夜": 23, "日の出時刻　　時": 7, "日の出時刻　　分": 3, "日の入り時刻　　時": 17, "日の入り時刻　　分": 0, "天候": 1, "地形": 2, "路面状態": 1, "道路形状": 1, "信号機": 1, "一時停止規制　標識（当事者A）": 9, "一時停止規制　表示（当事者A）": 22, "一時停止規制　標識（当事者B）": 0, "一時停止規制　表示（当事者B）": 0, "車道幅員": 18, "道路線形": 9, "衝突地点": 30, "ゾーン規制": 70, "中央分離帯施設等": 1, "歩車道区分": 2, "事故類型": 1, "年齢（当事者A）": 45, "年齢（当事者B）": 55, "当事者種別（当事者A）": 4, "当事者種別（当事者B）": 61, "用途別（当事者A）": 31, "用途別（当事者B）": 0, "車両形状等（当事者A）": 1, "車両形状等（当事者B）": 0, "オートマチック車（当事者A）": 1, "オートマチック車（当事者B）": 0, "サポカー（当事者A）": 11, "サポカー（当事者B）": 0, "速度規制（指定のみ）（当事者A）": 4, "速度規制（指定のみ）（当事者B）": 0, "車両の衝突部位（当事者A）": 10, "車両の衝突部位（当事者B）": 0, "車両の損壊程度（当事者A）": 3, "車両の損壊程度（当事者B）": 0, "エアバッグの装備（当事者A）": 2, "エアバッグの装備（当事者B）": 0, "サイドエアバッグの装備（当事者A）": 2, "サイドエアバッグの装備（当事者B）": 0, "人身損傷程度（当事者A）": 4, "人身損傷程度（当事者B）": 2, "地点　緯度（北緯）": 34.543035, "地点　経度（東経）": 133.3267206, "曜日(発生年月日)": 7, "祝日(発生年月日)": 3, "認知機能検査経過日数（当事者A）": 9999, "認知機能検査経過日数（当事者B）": 0, "運転練習の方法（当事者A）": 1, "運転練習の方法（当事者B）": 0, "field_69": null }, "geometry": { "type": "Point", "coordinates": [ 133.326720599999987, 34.543035 ] } },
{ "type": "Feature", "properties": { "資料区分": 1, "都道府県コード": 73, "警察署等コード": 128, "本票番号": 214, "事故内容": 2, "死者数": 0, "負傷者数": 1, "路線コード": 99000, "地点コード": 0, "市区町村コード": 207, "発生日時　　年": 2024, "発生日時　　月": 12, "発生日時　　日": 3, "発生日時　　時": 6, "発生日時　　分": 26, "昼夜": 23, "日の出時刻　　時": 7, "日の出時刻　　分": 0, "日の入り時刻　　時": 17, "日の入り時刻　　分": 0, "天候": 4, "地形": 3, "路面状態": 2, "道路形状": 0, "信号機": 7, "一時停止規制　標識（当事者A）": 0, "一時停止規制　表示（当事者A）": 0, "一時停止規制　標識（当事者B）": 0, "一時停止規制　表示（当事者B）": 0, "車道幅員": 0, "道路線形": 0, "衝突地点": 20, "ゾーン規制": 70, "中央分離帯施設等": 0, "歩車道区分": 4, "事故類型": 1, "年齢（当事者A）": 45, "年齢（当事者B）": 35, "当事者種別（当事者A）": 3, "当事者種別（当事者B）": 61, "用途別（当事者A）": 31, "用途別（当事者B）": 0, "車両形状等（当事者A）": 1, "車両形状等（当事者B）": 0, "オートマチック車（当事者A）": 1, "オートマチック車（当事者B）": 0, "サポカー（当事者A）": 11, "サポカー（当事者B）": 0, "速度規制（指定のみ）（当事者A）": 10, "速度規制（指定のみ）（当事者B）": 0, "車両の衝突部位（当事者A）": 10, "車両の衝突部位（当事者B）": 0, "車両の損壊程度（当事者A）": 3, "車両の損壊程度（当事者B）": 0, "エアバッグの装備（当事者A）": 2, "エアバッグの装備（当事者B）": 0, "サイドエアバッグの装備（当事者A）": 2, "サイドエアバッグの装備（当事者B）": 0, "人身損傷程度（当事者A）": 4, "人身損傷程度（当事者B）": 2, "地点　緯度（北緯）": 34.55578083, "地点　経度（東経）": 133.3892922, "曜日(発生年月日)": 3, "祝日(発生年月日)": 3, "認知機能検査経過日数（当事者A）": 9999, "認知機能検査経過日数（当事者B）": 0, "運転練習の方法（当事者A）": 1, "運転練習の方法（当事者B）": 0, "field_69": null }, "geometry": { "type": "Point", "coordinates": [ 133.3892922, 34.55578083 ] } },
{ "type": "Feature", "properties": { "資料区分": 1, "都道府県コード": 73, "警察署等コード": 128, "本票番号": 217, "事故内容": 2, "死者数": 0, "負傷者数": 1, "路線コード": 37280, "地点コード": 0, "市区町村コード": 207, "発生日時　　年": 2024, "発生日時　　月": 12, "発生日時　　日": 13, "発生日時　　時": 18, "発生日時　　分": 36, "昼夜": 22, "日の出時刻　　時": 7, "日の出時刻　　分": 8, "日の入り時刻　　時": 17, "日の入り時刻　　分": 1, "天候": 1, "地形": 3, "路面状態": 1, "道路形状": 1, "信号機": 7, "一時停止規制　標識（当事者A）": 9, "一時停止規制　表示（当事者A）": 22, "一時停止規制　標識（当事者B）": 0, "一時停止規制　表示（当事者B）": 0, "車道幅員": 14, "道路線形": 9, "衝突地点": 30, "ゾーン規制": 70, "中央分離帯施設等": 4, "歩車道区分": 2, "事故類型": 1, "年齢（当事者A）": 45, "年齢（当事者B）": 35, "当事者種別（当事者A）": 4, "当事者種別（当事者B）": 61, "用途別（当事者A）": 31, "用途別（当事者B）": 0, "車両形状等（当事者A）": 1, "車両形状等（当事者B）": 0, "オートマチック車（当事者A）": 1, "オートマチック車（当事者B）": 0, "サポカー（当事者A）": 11, "サポカー（当事者B）": 0, "速度規制（指定のみ）（当事者A）": 3, "速度規制（指定のみ）（当事者B）": 0, "車両の衝突部位（当事者A）": 20, "車両の衝突部位（当事者B）": 0, "車両の損壊程度（当事者A）": 3, "車両の損壊程度（当事者B）": 0, "エアバッグの装備（当事者A）": 2, "エアバッグの装備（当事者B）": 0, "サイドエアバッグの装備（当事者A）": 2, "サイドエアバッグの装備（当事者B）": 0, "人身損傷程度（当事者A）": 4, "人身損傷程度（当事者B）": 2, "地点　緯度（北緯）": 34.55034583, "地点　経度（東経）": 133.3704872, "曜日(発生年月日)": 6, "祝日(発生年月日)": 3, "認知機能検査経過日数（当事者A）": 9999, "認知機能検査経過日数（当事者B）": 0, "運転練習の方法（当事者A）": 1, "運転練習の方法（当事者B）": 0, "field_69": null }, "geometry": { "type": "Point", "coordinates": [ 133.370487200000014, 34.55034583 ] } },
{ "type": "Feature", "properties": { "資料区分": 1, "都道府県コード": 73, "警察署等コード": 128, "本票番号": 218, "事故内容": 2, "死者数": 0, "負傷者数": 1, "路線コード": 99000, "地点コード": 0, "市区町村コード": 207, "発生日時　　年": 2024, "発生日時　　月": 12, "発生日時　　日": 13, "発生日時　　時": 20, "発生日時　　分": 45, "昼夜": 22, "日の出時刻　　時": 7, "日の出時刻　　分": 8, "日の入り時刻　　時": 17, "日の入り時刻　　分": 1, "天候": 1, "地形": 2, "路面状態": 1, "道路形状": 0, "信号機": 7, "一時停止規制　標識（当事者A）": 0, "一時停止規制　表示（当事者A）": 0, "一時停止規制　標識（当事者B）": 0, "一時停止規制　表示（当事者B）": 0, "車道幅員": 0, "道路線形": 0, "衝突地点": 20, "ゾーン規制": 70, "中央分離帯施設等": 0, "歩車道区分": 4, "事故類型": 1, "年齢（当事者A）": 65, "年齢（当事者B）": 35, "当事者種別（当事者A）": 4, "当事者種別（当事者B）": 61, "用途別（当事者A）": 31, "用途別（当事者B）": 0, "車両形状等（当事者A）": 1, "車両形状等（当事者B）": 0, "オートマチック車（当事者A）": 1, "オートマチック車（当事者B）": 0, "サポカー（当事者A）": 11, "サポカー（当事者B）": 0, "速度規制（指定のみ）（当事者A）": 10, "速度規制（指定のみ）（当事者B）": 0, "車両の衝突部位（当事者A）": 80, "車両の衝突部位（当事者B）": 0, "車両の損壊程度（当事者A）": 3, "車両の損壊程度（当事者B）": 0, "エアバッグの装備（当事者A）": 2, "エアバッグの装備（当事者B）": 0, "サイドエアバッグの装備（当事者A）": 2, "サイドエアバッグの装備（当事者B）": 0, "人身損傷程度（当事者A）": 4, "人身損傷程度（当事者B）": 2, "地点　緯度（北緯）": 34.54260889, "地点　経度（東経）": 133.3635653, "曜日(発生年月日)": 6, "祝日(発生年月日)": 3, "認知機能検査経過日数（当事者A）": 9999, "認知機能検査経過日数（当事者B）": 0, "運転練習の方法（当事者A）": 9, "運転練習の方法（当事者B）": 0, "field_69": null }, "geometry": { "type": "Point", "coordinates": [ 133.3635653, 34.54260889 ] } },
{ "type": "Feature", "properties": { "資料区分": 1, "都道府県コード": 73, "警察署等コード": 129, "本票番号": 155, "事故内容": 2, "死者数": 0, "負傷者数": 2, "路線コード": 37290, "地点コード": 0, "市区町村コード": 108, "発生日時　　年": 2024, "発生日時　　月": 9, "発生日時　　日": 4, "発生日時　　時": 5, "発生日時　　分": 15, "昼夜": 23, "日の出時刻　　時": 5, "日の出時刻　　分": 45, "日の入り時刻　　時": 18, "日の入り時刻　　分": 33, "天候": 1, "地形": 3, "路面状態": 1, "道路形状": 14, "信号機": 7, "一時停止規制　標識（当事者A）": 0, "一時停止規制　表示（当事者A）": 0, "一時停止規制　標識（当事者B）": 0, "一時停止規制　表示（当事者B）": 0, "車道幅員": 5, "道路線形": 8, "衝突地点": 1, "ゾーン規制": 70, "中央分離帯施設等": 5, "歩車道区分": 1, "事故類型": 1, "年齢（当事者A）": 65, "年齢（当事者B）": 55, "当事者種別（当事者A）": 51, "当事者種別（当事者B）": 61, "用途別（当事者A）": 41, "用途別（当事者B）": 0, "車両形状等（当事者A）": 0, "車両形状等（当事者B）": 0, "オートマチック車（当事者A）": 0, "オートマチック車（当事者B）": 0, "サポカー（当事者A）": 0, "サポカー（当事者B）": 0, "速度規制（指定のみ）（当事者A）": 0, "速度規制（指定のみ）（当事者B）": 0, "車両の衝突部位（当事者A）": 10, "車両の衝突部位（当事者B）": 0, "車両の損壊程度（当事者A）": 3, "車両の損壊程度（当事者B）": 0, "エアバッグの装備（当事者A）": 0, "エアバッグの装備（当事者B）": 0, "サイドエアバッグの装備（当事者A）": 0, "サイドエアバッグの装備（当事者B）": 0, "人身損傷程度（当事者A）": 2, "人身損傷程度（当事者B）": 2, "地点　緯度（北緯）": 34.35308889, "地点　経度（東経）": 132.3529053, "曜日(発生年月日)": 4, "祝日(発生年月日)": 3, "認知機能検査経過日数（当事者A）": 0, "認知機能検査経過日数（当事者B）": 0, "運転練習の方法（当事者A）": 0, "運転練習の方法（当事者B）": 0, "field_69": null }, "geometry": { "type": "Point", "coordinates": [ 132.3529053, 34.35308889 ] } },
{ "type": "Feature", "properties": { "資料区分": 1, "都道府県コード": 73, "警察署等コード": 129, "本票番号": 183, "事故内容": 2, "死者数": 0, "負傷者数": 1, "路線コード": 22900, "地点コード": 0, "市区町村コード": 108, "発生日時　　年": 2024, "発生日時　　月": 10, "発生日時　　日": 17, "発生日時　　時": 9, "発生日時　　分": 40, "昼夜": 12, "日の出時刻　　時": 6, "日の出時刻　　分": 17, "日の入り時刻　　時": 17, "日の入り時刻　　分": 34, "天候": 1, "地形": 3, "路面状態": 1, "道路形状": 1, "信号機": 7, "一時停止規制　標識（当事者A）": 1, "一時停止規制　表示（当事者A）": 21, "一時停止規制　標識（当事者B）": 0, "一時停止規制　表示（当事者B）": 0, "車道幅員": 15, "道路線形": 9, "衝突地点": 30, "ゾーン規制": 70, "中央分離帯施設等": 4, "歩車道区分": 2, "事故類型": 1, "年齢（当事者A）": 45, "年齢（当事者B）": 65, "当事者種別（当事者A）": 3, "当事者種別（当事者B）": 61, "用途別（当事者A）": 31, "用途別（当事者B）": 0, "車両形状等（当事者A）": 1, "車両形状等（当事者B）": 0, "オートマチック車（当事者A）": 1, "オートマチック車（当事者B）": 0, "サポカー（当事者A）": 11, "サポカー（当事者B）": 0, "速度規制（指定のみ）（当事者A）": 2, "速度規制（指定のみ）（当事者B）": 0, "車両の衝突部位（当事者A）": 0, "車両の衝突部位（当事者B）": 0, "車両の損壊程度（当事者A）": 4, "車両の損壊程度（当事者B）": 0, "エアバッグの装備（当事者A）": 2, "エアバッグの装備（当事者B）": 0, "サイドエアバッグの装備（当事者A）": 2, "サイドエアバッグの装備（当事者B）": 0, "人身損傷程度（当事者A）": 4, "人身損傷程度（当事者B）": 2, "地点　緯度（北緯）": 34.39764472, "地点　経度（東経）": 132.3616383, "曜日(発生年月日)": 5, "祝日(発生年月日)": 3, "認知機能検査経過日数（当事者A）": 9999, "認知機能検査経過日数（当事者B）": 0, "運転練習の方法（当事者A）": 1, "運転練習の方法（当事者B）": 0, "field_69": null }, "geometry": { "type": "Point", "coordinates": [ 132.36163830000001, 34.39764472 ] } },
{ "type": "Feature", "properties": { "資料区分": 1, "都道府県コード": 73, "警察署等コード": 129, "本票番号": 191, "事故内容": 2, "死者数": 0, "負傷者数": 1, "路線コード": 37290, "地点コード": 0, "市区町村コード": 108, "発生日時　　年": 2024, "発生日時　　月": 11, "発生日時　　日": 28, "発生日時　　時": 8, "発生日時　　分": 40, "昼夜": 12, "日の出時刻　　時": 6, "日の出時刻　　分": 55, "日の入り時刻　　時": 17, "日の入り時刻　　分": 1, "天候": 1, "地形": 2, "路面状態": 1, "道路形状": 1, "信号機": 7, "一時停止規制　標識（当事者A）": 9, "一時停止規制　表示（当事者A）": 22, "一時停止規制　標識（当事者B）": 0, "一時停止規制　表示（当事者B）": 0, "車道幅員": 15, "道路線形": 9, "衝突地点": 30, "ゾーン規制": 70, "中央分離帯施設等": 5, "歩車道区分": 2, "事故類型": 1, "年齢（当事者A）": 75, "年齢（当事者B）": 65, "当事者種別（当事者A）": 4, "当事者種別（当事者B）": 61, "用途別（当事者A）": 31, "用途別（当事者B）": 0, "車両形状等（当事者A）": 1, "車両形状等（当事者B）": 0, "オートマチック車（当事者A）": 1, "オートマチック車（当事者B）": 0, "サポカー（当事者A）": 11, "サポカー（当事者B）": 0, "速度規制（指定のみ）（当事者A）": 2, "速度規制（指定のみ）（当事者B）": 0, "車両の衝突部位（当事者A）": 20, "車両の衝突部位（当事者B）": 0, "車両の損壊程度（当事者A）": 3, "車両の損壊程度（当事者B）": 0, "エアバッグの装備（当事者A）": 2, "エアバッグの装備（当事者B）": 0, "サイドエアバッグの装備（当事者A）": 2, "サイドエアバッグの装備（当事者B）": 0, "人身損傷程度（当事者A）": 4, "人身損傷程度（当事者B）": 2, "地点　緯度（北緯）": 34.365615, "地点　経度（東経）": 132.3581736, "曜日(発生年月日)": 5, "祝日(発生年月日)": 3, "認知機能検査経過日数（当事者A）": 146, "認知機能検査経過日数（当事者B）": 0, "運転練習の方法（当事者A）": 9, "運転練習の方法（当事者B）": 0, "field_69": null }, "geometry": { "type": "Point", "coordinates": [ 132.358173599999986, 34.365615 ] } },
{ "type": "Feature", "properties": { "資料区分": 1, "都道府県コード": 73, "警察署等コード": 129, "本票番号": 202, "事故内容": 2, "死者数": 0, "負傷者数": 1, "路線コード": 37290, "地点コード": 0, "市区町村コード": 108, "発生日時　　年": 2024, "発生日時　　月": 10, "発生日時　　日": 10, "発生日時　　時": 13, "発生日時　　分": 36, "昼夜": 12, "日の出時刻　　時": 6, "日の出時刻　　分": 11, "日の入り時刻　　時": 17, "日の入り時刻　　分": 43, "天候": 1, "地形": 3, "路面状態": 1, "道路形状": 1, "信号機": 7, "一時停止規制　標識（当事者A）": 9, "一時停止規制　表示（当事者A）": 22, "一時停止規制　標識（当事者B）": 0, "一時停止規制　表示（当事者B）": 0, "車道幅員": 11, "道路線形": 9, "衝突地点": 30, "ゾーン規制": 70, "中央分離帯施設等": 5, "歩車道区分": 4, "事故類型": 1, "年齢（当事者A）": 45, "年齢（当事者B）": 1, "当事者種別（当事者A）": 4, "当事者種別（当事者B）": 61, "用途別（当事者A）": 31, "用途別（当事者B）": 0, "車両形状等（当事者A）": 1, "車両形状等（当事者B）": 0, "オートマチック車（当事者A）": 1, "オートマチック車（当事者B）": 0, "サポカー（当事者A）": 11, "サポカー（当事者B）": 0, "速度規制（指定のみ）（当事者A）": 2, "速度規制（指定のみ）（当事者B）": 0, "車両の衝突部位（当事者A）": 50, "車両の衝突部位（当事者B）": 0, "車両の損壊程度（当事者A）": 3, "車両の損壊程度（当事者B）": 0, "エアバッグの装備（当事者A）": 2, "エアバッグの装備（当事者B）": 0, "サイドエアバッグの装備（当事者A）": 2, "サイドエアバッグの装備（当事者B）": 0, "人身損傷程度（当事者A）": 4, "人身損傷程度（当事者B）": 2, "地点　緯度（北緯）": 34.37689, "地点　経度（東経）": 132.3452036, "曜日(発生年月日)": 5, "祝日(発生年月日)": 3, "認知機能検査経過日数（当事者A）": 9999, "認知機能検査経過日数（当事者B）": 0, "運転練習の方法（当事者A）": 9, "運転練習の方法（当事者B）": 0, "field_69": null }, "geometry": { "type": "Point", "coordinates": [ 132.3452036, 34.37689 ] } },
{ "type": "Feature", "properties": { "資料区分": 1, "都道府県コード": 73, "警察署等コード": 129, "本票番号": 203, "事故内容": 2, "死者数": 0, "負傷者数": 1, "路線コード": 54920, "地点コード": 3502, "市区町村コード": 108, "発生日時　　年": 2024, "発生日時　　月": 11, "発生日時　　日": 29, "発生日時　　時": 22, "発生日時　　分": 55, "昼夜": 22, "日の出時刻　　時": 6, "日の出時刻　　分": 56, "日の入り時刻　　時": 17, "日の入り時刻　　分": 0, "天候": 3, "地形": 2, "路面状態": 1, "道路形状": 14, "信号機": 7, "一時停止規制　標識（当事者A）": 0, "一時停止規制　表示（当事者A）": 0, "一時停止規制　標識（当事者B）": 0, "一時停止規制　表示（当事者B）": 0, "車道幅員": 5, "道路線形": 9, "衝突地点": 1, "ゾーン規制": 70, "中央分離帯施設等": 1, "歩車道区分": 3, "事故類型": 1, "年齢（当事者A）": 1, "年齢（当事者B）": 25, "当事者種別（当事者A）": 3, "当事者種別（当事者B）": 61, "用途別（当事者A）": 31, "用途別（当事者B）": 0, "車両形状等（当事者A）": 1, "車両形状等（当事者B）": 0, "オートマチック車（当事者A）": 1, "オートマチック車（当事者B）": 0, "サポカー（当事者A）": 11, "サポカー（当事者B）": 0, "速度規制（指定のみ）（当事者A）": 10, "速度規制（指定のみ）（当事者B）": 0, "車両の衝突部位（当事者A）": 10, "車両の衝突部位（当事者B）": 0, "車両の損壊程度（当事者A）": 3, "車両の損壊程度（当事者B）": 0, "エアバッグの装備（当事者A）": 1, "エアバッグの装備（当事者B）": 0, "サイドエアバッグの装備（当事者A）": 2, "サイドエアバッグの装備（当事者B）": 0, "人身損傷程度（当事者A）": 4, "人身損傷程度（当事者B）": 2, "地点　緯度（北緯）": 34.37283417, "地点　経度（東経）": 132.3391664, "曜日(発生年月日)": 6, "祝日(発生年月日)": 3, "認知機能検査経過日数（当事者A）": 9999, "認知機能検査経過日数（当事者B）": 0, "運転練習の方法（当事者A）": 1, "運転練習の方法（当事者B）": 0, "field_69": null }, "geometry": { "type": "Point", "coordinates": [ 132.339166400000011, 34.37283417 ] } },
{ "type": "Feature", "properties": { "資料区分": 1, "都道府県コード": 73, "警察署等コード": 129, "本票番号": 207, "事故内容": 2, "死者数": 0, "負傷者数": 1, "路線コード": 14410, "地点コード": 0, "市区町村コード": 108, "発生日時　　年": 2024, "発生日時　　月": 12, "発生日時　　日": 20, "発生日時　　時": 17, "発生日時　　分": 41, "昼夜": 21, "日の出時刻　　時": 7, "日の出時刻　　分": 12, "日の入り時刻　　時": 17, "日の入り時刻　　分": 4, "天候": 1, "地形": 3, "路面状態": 1, "道路形状": 1, "信号機": 7, "一時停止規制　標識（当事者A）": 9, "一時停止規制　表示（当事者A）": 22, "一時停止規制　標識（当事者B）": 0, "一時停止規制　表示（当事者B）": 0, "車道幅員": 14, "道路線形": 9, "衝突地点": 30, "ゾーン規制": 70, "中央分離帯施設等": 4, "歩車道区分": 2, "事故類型": 1, "年齢（当事者A）": 65, "年齢（当事者B）": 45, "当事者種別（当事者A）": 3, "当事者種別（当事者B）": 61, "用途別（当事者A）": 31, "用途別（当事者B）": 0, "車両形状等（当事者A）": 1, "車両形状等（当事者B）": 0, "オートマチック車（当事者A）": 1, "オートマチック車（当事者B）": 0, "サポカー（当事者A）": 11, "サポカー（当事者B）": 0, "速度規制（指定のみ）（当事者A）": 3, "速度規制（指定のみ）（当事者B）": 0, "車両の衝突部位（当事者A）": 20, "車両の衝突部位（当事者B）": 0, "車両の損壊程度（当事者A）": 3, "車両の損壊程度（当事者B）": 0, "エアバッグの装備（当事者A）": 2, "エアバッグの装備（当事者B）": 0, "サイドエアバッグの装備（当事者A）": 2, "サイドエアバッグの装備（当事者B）": 0, "人身損傷程度（当事者A）": 4, "人身損傷程度（当事者B）": 2, "地点　緯度（北緯）": 34.40393917, "地点　経度（東経）": 132.3544306, "曜日(発生年月日)": 6, "祝日(発生年月日)": 3, "認知機能検査経過日数（当事者A）": 9999, "認知機能検査経過日数（当事者B）": 0, "運転練習の方法（当事者A）": 9, "運転練習の方法（当事者B）": 0, "field_69": null }, "geometry": { "type": "Point", "coordinates": [ 132.3544306, 34.40393917 ] } }
]
}
